raid,subscribe,shireen,al,jazeera,israel,troops,bank,here,palestine,bbc,forces,network,correspondent,journalist,israeli palestinians,surge,west,please,qatar,word,violence,jacket,jenin,blood,abu,flak,press,news,producer
subscribe,years,jair,type,da,jair bolsonaro,gonzaga,brazilian,here,populist,trump,inacio,bolsonaro,bbc,election,christians,movement,brazil,politician,please,supporters,luiz,country,year,women,silva,president,left,october,support,tiktok,news,tatiana,tropics,lula
subscribe,deals,here,johnson,bbc,uk,finland,minister,ukraine,countries,please,security,nation,debate,prime,attack,aid,boris,nato,sweden,news,russia,crisis,state
areas,subscribe,troops,donbas,kharkiv,success,moscow,city,darren,frontline,north conway,counterattack,here,hand,capture,bbc,territory,forces,fighting,sommerville,miles city,ukraine,please,east,towns,recapture,country,freed,conway,attack,war,report,quentin,infantry,counter,advance,aim,villages,retreat,kyiv,artillery,ten,putin,luhansk,news,zelensky,border,russians
plane,palm,subscribe,man,falls,exchange,us,solo,pilots,here,beach,hug,bbc,situation,landing,idea,pilot news,airport,noon,tuesday,please,voice,flight,air,meters,international,names,tower,mystery,airplane,pilot,radio,tarmac,passenger,position,florida,recordings,news,floria,controller,coast,traffic,usa
subscribe,delay,marin,day,here,move,bbc,decision,finland,minister,neighbour,surge,ukraine,please,invasion,president,km,support,sanna,country mile,nato,sweden,news,russia,parliament,crisis,figures,sunday,border,shares,membership
affairs,lives,conduct,subscribe,future,harris,analysis,urban,months,struggle,death,here,are,tv,observers,world,bbc,online,defence,editor,louis,newsnight,communities,facebook,battlefield,programme,intensity,tens,accounts,stalemate,film,continue,ukraine,please,white,conflict,debate,lessons,war,tank,professionals,interviews,twitter,mark,thousands,wwi,news,investigation,could,website,speaking
subscribe,us,coronavirus,deaths,here,world,bbc,covid,biden,pandemic,states,please,us organization,loss,white,death toll,country,united,organization,health,president,house,total,milestone,news,joe,usa
leonid,boss,subscribe,crime,man,here,bbc,footage,cctv,camera,daughter,pensioner,please,detail,war,back,soldiers,civilians,prosecutors,dad,killing,news,russia,cameras
artist,art,subscribe,music,years,rothko,reflection,us,piece,here,world,bbc,style,performer,space,sarah,macarthur,jazz,please,composer,texas,rothenberg,composition,work,improvisation,genius,chapel,paintings,mark,walls,anniversary,rothko chapel,news,commission,sorey,fellowship,houston
size,subscribe,years,reports,orbit,danger,here,mercury,bbc,pallab ghosh,object,correspondent,milky,black,hole,distance,centre,please,way,monster,time,astronomy,sagittarius,possibility,ring,science,news,mass,galaxy,star,sun,times
art,subscribe,souls,albert,temples,antiquities,here,culture,british,bbc,ancient,uk,government,ancestors,minister,hands,please,dealer,cambodians,country,statues,treasures,victoria,rogue,origins,items,douglas,objects,cambodia,latchford,news,museums
history,subscribe,music,pop,italy,eurovision,turin,favourites,here,bbc,entry,vladimir,ukraine,europe,please,contest,kalush,stefania,year,belarus,president,celebration,orchestra,weekend,voters,putin,news,russia,song
class,bombings,injury,subscribe,future,series,mosques,group,explosion,month,state news,kabul,fear,father,here,bbc,minorities,takeover,taliban,please,milad,time,year,afghanistan,civilians,blast,minibuses,august,families,pupils,school,scene,news,islamic,attacks,state
blur,subscribe,facts,rights,here,bbc,images,human,words,numbers,council,tragedy,poetry,ukraine,please,artists,time,war,war crimes,invasion,capital,atrocities,kyiv,writers,news,russia,investigation,un
affairs,subscribe,africa,nations,world,here,office world,bbc,crises,population,crisis,cent,century,attention,ethiopia,community,ukraine,please,country,united,war,chief,somalia,insecurity,aid,coordination,drought,kenya,humanitarian,risk,hunger,news,africa united,people,un,martin,food,region,griffiths
affairs,body,categories,subscribe,analysis,emily,here,world,athletes,order,tv,bbc,cases,website,editor,believe,newsnight,category,cycling,facebook,programme,standards,runners,please,way,debate,or,issue,eligibility,division,rider,women,criticism,competition,advantage,events,interviews,sport,twitter,transgender,profile,bodies,discipline,dan roan,levels,news,sex,bridges,sports
subscribe,donets,river,reports,ministry,here,tanks,bbc,uk,images,forces,defence,siversky,town,battalion,ukraine,please,vehicles,rubizhne,pontoon,attempt,show,scene,luhansk,news,russia,gains,men,bridges,burnt,region,area
beirut,problems,vote,explosion,poverty,here,polls,bbc,elections,election,mood,leaders,crisis,please,lebanon,country,change,port,august,capital,people,news,sunday,un,scars
westbank,subscribe,shireen,coffin,al,jazeera,circumstances,israel,batons,officers,bank,here,crowd,news reporter,palestine,bbc,trading,blame,means,sees,police,surge,west,please,wednesday,violence,dispersal,anger,abu,israeli,reporter,funeral,killing,news,palestinians,stones
subscribe,troops,city,frontline,here,north,julie,bbc,forces,mariupol,journalist,fighting,camera,laura,ritson,ukraine,west,please,bicker,presents,attack,war,zaporizhzhia,shells,civilians,control,parts,refuge,villages,kyiv,ten,news,attacks,russians
raid,point,here,subscribe,shireen,coffin,flags,procession,al,family,jazeera,israel,batons,us,casket,shereen,aqleh,protest,bank,chakrabarti,crowd,palestine,order,head,bbc,murder,forces,occupation,burial,rally,condemnation,journalist,pall,grenades,charge,police,states,death,actions,west,countries,please,security,east,pallbearers,storm,violence,tom,united,bateman,attack,bullet,anger,soldiers,stun,abu,israeli,reporting,ground,organisations,shot,reporter,thousands,funeral,ten,akleh,news,investigation,pallbearer,rallies,people,palestinians,jerusalem
ihor,subscribe,start,kharkiv,city,here,bbc,forces,battle,ukraine,days,please,institute,attempts,war,invasion,analysts,mayor,aim,terekhov,study,shelling,people,news,russia
subscribe,ranil,srilanka,fuel,shortages,day,here,bbc,protests,government,minister,unrest,meals,sri,please,country,time,anger,handling,prices,attempt,families,misery,lanka,wickremesinghe,news,crisis,food
subscribe,windows,office,here,dozens,door,bbc,fire building,delhi,fire,daughter,building,please,majority,women,circuit,storey,workers,sweeps,witnesses,india,people,news
competitors,subscribe,saturday,rebecca,italy,something,eurovision,turin,supermodel,here,world,bbc,fame,award,jones,vegas,rolling,las,correspondent,winners,please,live,open,maneskin,yourselves,advice,glam,night,be,arts,talk,rock,news,victory,stones,mtv,band
threat,counterpart,subscribe,status,militarisation,ministry,here,bbc,alliance,decision,finland,entry,vladimir,mistake,baltic,sweden finland,ukraine,please,security,country,retaliation,war,request,invasion,president,km,mile,niinisto,electricity,supplies,sauli,putin,nato,news,russia,shares,sweden,border,region,sign
subscribe,family,polina,kingdom,february,here,bbc,mum,uk,ukraine,life,please,journey,country,ukraine united,year,settling,sister,children,homes,school,svetlana,news,russia,newsround,people,search
subscribe,power,years,jair,eye,here,bolsonaro,comments,bbc,election,look,racist,brazil,please,women,candidate,colour,kingmakers,church,support,christian,blind,people,news,values
help,folk,subscribe,eurovision,turin,result,plea,here,bbc,uk,sam,mariupol,permission,place,win,ukraine,please,contest,kalush,ryder,country,performance,war,right,points,invasion,azovstal,rap,band,support,orchestra,show,news,russia,song
store,york,subscribe,man,saturday,newyork,ten york,stand,us,city,here,act,suspect,online,bbc,fire,papers,biden,states,authorities,please,payton,year,attack,afternoon,president,new,neighbourhood,court,supermarket,scene,people,news,gendron,state,joe,buffalo
home,subscribe,question,here,bbc,press secretary,depravity,composure,conference,ukraine,please,reaction,kirby,president,john vladimir,psychology press,secretary,pentagon,putin,news,russia,pentagon news
general,subscribe,end,donbas,kharkiv,stoltenberg,february,ministry,here,jens,combat,objectives,bbc,defence,britain,ukraine,please,conflict,war,offensive,invasion,resistance,ground,attempt,kyiv,secretary,nato,news,russia,issues,region,force
counterpart,subscribe,ministers,warnings,monday,status,day,here,move,shift,bbc,finland,vladimir,mistake,process,neighbour,ukraine,please,world end,country,policy,war,warning,president,invasion,km,finnland,response,mile,accession,niinisto,intention,sauli,nato,putin,news,russia,shares,sweden,border,membership
lives,subscribe,newyork,here,act,suspect,victims,bbc,population,byron york,site,police,authorities,extremism,please,payton,attack,miles,mayor,brown,gunman,new man,supermarket,people,news,gendron,buffalo
radiant,subscribe,end,camp,execution,moscow,here,bbc,forces,correspondent,sarah,killers,evidence,crimes,ukraine,europe,please,knees,rainsford,war,march,civilians,killings,children,ground,kyiv,bodies,bucha,news,involvement,russia,men,region
wesak,subscribe,buddhist,bangladesh,reports,day,here,culture,buddhists,bbc,covid,place,lots,pandemic,sri,countries,please,festival,time,azadeh,year,traditions,moon,birthday,person,vesak,celebration,festivals,events,thailand,teachings,buddha day,may,lanka,news,moshiri
affairs,extent,subscribe,dr,years,husband,kirsty,siblings,ballard,analysis,patients,scandal,indianapolis,here,father,tv,bbc,cline,newsnight,facebook,programme,doctor,please,parent,journey,debate,violations,miles,dna,netflix,donald,interviews,twitter,fertility,samples,jacoba,documentary,news,wark,website
subscribe,donbas,stoltenberg,february,ministry,here,jens,combat,bbc,defence,mod,britain,ukraine,please,conflict,war,invasion,resistance,ground,attempt,secretary,nato,russia,news,issues,region,force
capacity,leader,subscribe,korea,fever,officials,here,bbc,cases,covid,medicine,north army,jong,please,country,health,kim,media,wave,pyongyang,people,news,un,state
subscribe,years,moscow,chain,here,move,restaurant,mcdonald,bbc,decision,crisis,mcdonalds,opening,ukraine,please,thaw,operating,war,restaurants,march,outlets,cold,giant,news,russia,environment,food
body,front,subscribe,village news,attacking,troops,donbas,kharkiv,city,here,bbc,territory,forces,fire,correspondent,sommerville,push,ukraine,patrol,days,please,east,country,quentin,izyum,line,news,russia,men,gateway,border
deal,subscribe,hundreds,held,troops,hanna,novoazovsk,steelworks,here,bbc,defence,mariupol,minister,town,olenivka,ukraine,please,rebels,soldiers,azovstal,deputy,corridor,fighters,news,maliar,russia
disinformation,affairs,front,subscribe,airstrike,photo,family,analysis,lies,marianna,spring,here,online,picture,tv,bbc,campaign,images,mariupol,newsnight,facebook,woman,programme,council,diplomats,embassy,ukraine,maternity,hate,please,security,newspaper,debate,sides,aftermath,year,war,attack,pages,women,comment,request,onslaught,subject,interviews,twitter,reporter,news,russia,un,hospital,website
missions,subscribe,perseverance,rover,rebecca,reports,material,goal,here,bbc,ancient,robot,editor,feature,evidence,life news,life,please,earth,base,way,journey,nasa,rocks,inspection,crater,samples,science,news,mission,moment,delta,mars
subscribe,proceeds,european,ivory,demand,ban,bid,here,bbc,wildlife,communities,tusks,authorities,union,please,zimbabwe,charities,trade,support,tonnes,news,sale,stockpile
body,york,crime,subscribe,saturday,visit,newyork,us,supremacy,officials,here,online,bbc,population,guns,biden,miles city,hate,gun,please,usa,nationalist,attacker,president,control,new,document,supermarket,people,news,joe,buffalo,area,poison
seige,subscribe,hundreds,broken,exchange,troops,donbas,nations,stand,moscow,azov,plea,months,death,siege,red edwards,here,bbc,volodymyr,forces,bombard,mariupol,huw,fire,steel,biden,prisoner,relentless,plant,laura,edwards,ukraine,battalion,please,bicker,prisoners,factory,lyse doucet,united,attack,war,ukrainians,intelligence,appeal,regiment,president,soldiers,azovstal,civilians,bombardment,ruins,cross,defenders,children,surrender,escape,ceasefire,families,breach,kyiv,ten,operation,evacuation,safety,brigade,putin,nato,news,mission,russia,un,assault,zelensky,teams
help,affairs,subscribe,harris,bournemouth,years,hundreds,analysis,buffer,shame,patients,clinics,pieces,collinson,here,tv,vigils,prayer,protests,fight,bbc,uk,victims,spaces,louis,battle,newsnight,clinic,evidence,facebook,programme,statements,council,requirement,film,london,pro,borough,please,anti,norm white,difficulties,debate,rape,women,example,zones,teenagers,choice,abortion,establishment,interviews,aim,groups,support,twitter,zone,impact,anna,distress,target,news,england,website
girls,subscribe,schools,here,act,bbc,education,sole,taliban,please,country,afghanistan,handful,threats,neighbourhood,defiance,teacher,provinces,school girls,risk,news,hidden
subscribe,power,years,activist,gender,china,here,crackdown,huang,bbc,uk,government,journalist,airport,september,tens,movement,please,way,subversion,year,flight,metoo,activists,jianbing,university,profile,trial,wang,summer,thousands,scholarship,sophia,sussex,news,state,studies
