youtube,official,news,doordarshan,dd
youtube,official,news,doordarshan,dd
youtube,official,news,doordarshan,dd
impaired,hearing,youtube,official,news,doordarshan,dd
youtube,official,news,doordarshan,dd
youtube,official,news,doordarshan,dd
youtube,official,news,doordarshan,dd
youtube,official,news,doordarshan,dd
youtube,official,news,doordarshan,dd
youtube,official,news,doordarshan,dd
youtube,official,news,doordarshan,dd
youtube,official,news,doordarshan,dd
youtube,official,news,doordarshan,dd
youtube,official,news,doordarshan,dd
youtube,official,news,doordarshan,dd
youtube,official,news,doordarshan,dd
youtube,official,news,doordarshan,dd
youtube,official,news,doordarshan,dd
youtube,official,news,doordarshan,dd
youtube,official,news,doordarshan,dd
youtube,official,news,doordarshan,dd
youtube,official,news,doordarshan,dd
youtube,official,news,doordarshan,dd
youtube,official,news,doordarshan,dd
distinction,watch,sanskrit,subscribe,mobile,vice,analysis,service,channel,updates,bulletins,discussions,app,repertoire,minister,platforms,facebook,dialects,more,public,name,instagram,live,dd,videos,country,channels,prime,follow,president,urdu,coverage,media,english,hindi,languages,stable,events,doordarshan,fair,twitter,download,bharati,broadcaster,youtube,transmission,official,india,news,hours,units,cum
distinction,watch,sanskrit,subscribe,mobile,vice,analysis,service,channel,updates,bulletins,discussions,app,repertoire,minister,platforms,facebook,dialects,more,public,name,instagram,live,dd,videos,country,channels,prime,follow,president,urdu,coverage,media,english,hindi,languages,stable,events,doordarshan,fair,twitter,download,bharati,broadcaster,youtube,transmission,official,india,news,hours,units,cum
distinction,watch,sanskrit,subscribe,mobile,vice,analysis,service,channel,updates,bulletins,discussions,app,repertoire,minister,platforms,facebook,dialects,more,public,name,instagram,live,sc,dd,videos,country,channels,prime,follow,president,urdu,coverage,media,english,hindi,languages,stable,events,doordarshan,fair,twitter,download,bharati,broadcaster,youtube,transmission,official,india,news,hours,units,cum
distinction,watch,sanskrit,subscribe,mobile,vice,analysis,service,channel,updates,bulletins,discussions,app,repertoire,minister,platforms,facebook,dialects,more,public,name,instagram,live,dd,videos,country,channels,prime,follow,president,urdu,coverage,media,english,hindi,languages,stable,events,doordarshan,fair,twitter,download,bharati,broadcaster,youtube,transmission,official,india,news,hours,units,cum
distinction,watch,sanskrit,subscribe,mobile,vice,analysis,service,channel,updates,bulletins,discussions,app,repertoire,minister,platforms,facebook,dialects,more,public,name,instagram,live,dd,videos,country,channels,prime,follow,president,urdu,coverage,media,english,hindi,languages,stable,events,doordarshan,fair,twitter,download,bharati,broadcaster,youtube,transmission,official,india,news,hours,units,cum
distinction,watch,sanskrit,subscribe,mobile,vice,analysis,service,channel,updates,bulletins,discussions,app,repertoire,minister,platforms,facebook,dialects,more,public,name,instagram,live,dd,videos,country,channels,prime,prog,follow,president,urdu,full,coverage,media,english,hindi,languages,stable,events,doordarshan,fair,twitter,download,bharati,broadcaster,youtube,transmission,official,india,bjp,news,hours,units,cum
distinction,watch,sanskrit,subscribe,mobile,vice,analysis,service,channel,updates,bulletins,discussions,app,repertoire,minister,platforms,facebook,dialects,more,public,name,instagram,live,dd,videos,country,channels,prime,follow,president,urdu,coverage,media,english,hindi,languages,stable,events,doordarshan,fair,twitter,download,bharati,broadcaster,youtube,transmission,official,india,bjp,news,hours,units,cum
distinction,watch,sanskrit,subscribe,mobile,vice,analysis,service,channel,updates,bulletins,discussions,app,repertoire,minister,platforms,facebook,dialects,more,public,name,instagram,live,dd,videos,country,channels,prime,follow,president,urdu,coverage,media,english,hindi,languages,stable,events,doordarshan,fair,twitter,download,bharati,broadcaster,youtube,transmission,official,india,news,hours,units,cum
distinction,watch,sanskrit,subscribe,mobile,vice,analysis,service,channel,updates,bulletins,discussions,app,repertoire,minister,platforms,facebook,dialects,more,public,name,instagram,live,dd,videos,country,channels,prime,follow,president,urdu,coverage,media,english,hindi,languages,stable,events,doordarshan,fair,twitter,download,bharati,broadcaster,youtube,transmission,official,india,news,hours,units,cum
distinction,watch,sanskrit,subscribe,mobile,vice,analysis,service,channel,updates,bulletins,discussions,app,repertoire,minister,platforms,facebook,dialects,more,public,name,instagram,live,dd,videos,country,channels,prime,follow,president,urdu,coverage,media,english,hindi,languages,stable,events,doordarshan,fair,twitter,download,bharati,broadcaster,youtube,transmission,official,india,news,hours,units,cum
distinction,watch,sanskrit,subscribe,mobile,vice,analysis,service,channel,updates,bulletins,games,discussions,app,repertoire,minister,platforms,programme,facebook,dialects,more,public,name,instagram,live,dd,videos,country,channels,prime,follow,president,urdu,coverage,university,media,english,hindi,languages,stable,events,doordarshan,fair,twitter,download,bharati,broadcaster,youtube,transmission,official,india,news,hours,units,cum
distinction,watch,sanskrit,subscribe,mobile,vice,analysis,service,channel,updates,bulletins,discussions,app,repertoire,minister,platforms,facebook,dialects,more,public,name,instagram,live,dd,videos,country,channels,prime,follow,president,urdu,coverage,media,english,hindi,languages,stable,events,doordarshan,fair,twitter,download,bharati,broadcaster,youtube,transmission,official,india,news,hours,units,cum
distinction,watch,sanskrit,subscribe,mobile,vice,analysis,service,channel,updates,national,bulletins,officials,ministry,yoga,discussions,delhi,app,repertoire,minister,platforms,facebook,dialects,centre,more,public,name,instagram,live,dd,videos,country,channels,prime,follow,president,urdu,coverage,media,english,hindi,languages,session,stable,doordarshan,events,new,twitter,fair,download,bharati,broadcaster,youtube,event,transmission,official,india,news,hours,units,cum
distinction,watch,sanskrit,subscribe,vice,analysis,service,channel,updates,bulletins,discussions,app,repertoire,minister,platforms,facebook,mea,dialects,conference,more,public,name,instagram,live,dd,videos,country,channels,prime,mobile press,follow,president,urdu,coverage,media,english,hindi,languages,stable,events,doordarshan,fair,twitter,download,bharati,broadcaster,youtube,press,transmission,official,india,news,hours,units,cum
distinction,watch,sanskrit,subscribe,mobile,vice,analysis,service,channel,updates,bulletins,discussions,app,repertoire,minister,platforms,facebook,dialects,more,public,name,instagram,live,dd,videos,country,channels,prime,follow,president,urdu,coverage,media,english,hindi,languages,stable,events,doordarshan,fair,twitter,download,bharati,broadcaster,youtube,transmission,official,india,news,hours,units,cum
distinction,samachar,sanskrit,watch,subscribe,mobile,vice,analysis,service,channel,updates,national,bulletins,yoga,ministry,discussions,delhi,app,repertoire,minister,platforms,facebook,dialects,centre,more,public,name,instagram,live,dd,pm,videos,country,channels,prime,follow,president,urdu,coverage,stories,media,english,hindi,languages,session,stable,doordarshan,events,new,twitter,fair,download,bharati,broadcaster,youtube,transmission,official,india,news,hours,units,cum
distinction,watch,sanskrit,subscribe,mobile,vice,analysis,service,channel,updates,bulletins,discussions,app,repertoire,minister,platforms,facebook,dialects,more,public,name,instagram,live,dd,videos,country,channels,prime,follow,president,urdu,coverage,media,english,hindi,languages,stable,events,doordarshan,fair,twitter,download,bharati,broadcaster,youtube,transmission,official,india,news,hours,units,cum
distinction,watch,sanskrit,subscribe,vice,analysis,service,channel,updates,bulletins,discussions,app,repertoire,minister,platforms,facebook,mea,dialects,more,public,name,instagram,live,dd,videos,country,channels,prime,mobile press,follow,president,urdu,coverage,media,english,hindi,languages,stable,events,doordarshan,fair,twitter,download,bharati,broadcaster,youtube,press,transmission,official,india,news,hours,units,cum
distinction,watch,sanskrit,subscribe,mobile,vice,analysis,service,channel,updates,bulletins,discussions,app,repertoire,minister,platforms,facebook,dialects,more,public,name,instagram,live,dd,videos,country,channels,prime,prog,follow,president,urdu,coverage,media,english,hindi,languages,stable,events,doordarshan,fair,twitter,download,bharati,broadcaster,youtube,transmission,official,india,news,hours,units,cum
distinction,watch,sanskrit,subscribe,mobile,vice,analysis,service,channel,updates,bulletins,discussions,app,repertoire,minister,platforms,facebook,dialects,more,public,name,instagram,live,dd,videos,country,channels,prime,follow,president,urdu,coverage,media,english,hindi,languages,stable,events,doordarshan,fair,twitter,download,bharati,broadcaster,youtube,transmission,official,india,news,hours,units,cum
distinction,watch,sanskrit,subscribe,mobile,vice,analysis,service,channel,updates,bulletins,discussions,app,repertoire,minister,platforms,facebook,dialects,more,public,name,instagram,live,dd,videos,country,channels,prime,prog,follow,president,urdu,full,coverage,media,english,hindi,languages,stable,events,doordarshan,fair,twitter,download,bharati,broadcaster,youtube,transmission,official,india,news,hours,units,cum
distinction,watch,sanskrit,subscribe,mobile,vice,analysis,start,service,channel,updates,conclave,bulletins,discussions,modi,app,repertoire,minister,platforms,facebook,dialects,more,public,name,instagram,live,dd,pm,videos,country,channels,prime,follow,video,president,urdu,coverage,media,english,hindi,languages,stable,events,doordarshan,fair,twitter,download,madhya,bharati,broadcaster,youtube,transmission,official,india,news,hours,pradesh,units,cum
distinction,watch,sanskrit,subscribe,mobile,vice,analysis,service,channel,updates,bulletins,discussions,app,repertoire,minister,platforms,facebook,dialects,more,public,name,instagram,live,dd,videos,country,channels,prime,follow,president,urdu,coverage,media,english,hindi,languages,stable,events,doordarshan,fair,twitter,download,bharati,broadcaster,youtube,transmission,official,india,news,hours,units,cum
distinction,watch,sanskrit,subscribe,mobile,vice,analysis,service,channel,updates,bulletins,discussions,app,repertoire,minister,platforms,facebook,dialects,more,public,name,instagram,live,dd,videos,country,channels,prime,follow,president,urdu,coverage,media,english,hindi,languages,stable,events,doordarshan,fair,twitter,download,bharati,broadcaster,youtube,transmission,official,india,news,hours,units,cum
distinction,watch,sanskrit,subscribe,mobile,vice,analysis,start,service,channel,updates,conclave,bulletins,discussions,modi,app,repertoire,minister,platforms,facebook,dialects,more,public,name,instagram,live,dd,pm,videos,country,channels,prime,follow,video,president,urdu,coverage,media,english,hindi,languages,stable,events,doordarshan,fair,twitter,download,madhya,bharati,broadcaster,youtube,transmission,official,india,news,hours,pradesh,units,cum
distinction,watch,sanskrit,subscribe,mobile,vice,analysis,service,channel,updates,bulletins,discussions,app,repertoire,minister,platforms,facebook,dialects,more,public,name,instagram,live,dd,videos,country,channels,prime,follow,president,urdu,coverage,media,english,hindi,languages,stable,events,doordarshan,fair,twitter,download,bharati,broadcaster,youtube,transmission,official,india,news,hours,units,cum
distinction,watch,sanskrit,subscribe,mobile,conferencing,vice,analysis,start,service,channel,updates,conclave,bulletins,discussions,modi,app,repertoire,minister,platforms,facebook,dialects,more,public,name,instagram,live,dd,pm,videos,country,channels,prime,follow,video,president,urdu,coverage,stories,media,english,hindi,languages,stable,events,doordarshan,fair,twitter,download,night,madhya,bharati,broadcaster,youtube,transmission,official,india,news,hours,pradesh,units,cum
distinction,watch,sanskrit,subscribe,mobile,vice,analysis,service,channel,updates,bulletins,discussions,app,repertoire,minister,platforms,facebook,dialects,more,public,name,instagram,live,dd,videos,country,channels,prime,follow,president,urdu,coverage,media,english,hindi,languages,stable,events,doordarshan,fair,twitter,download,bharati,broadcaster,youtube,transmission,official,india,news,hours,units,cum
distinction,watch,sanskrit,subscribe,mobile,vice,analysis,service,channel,updates,bulletins,discussions,app,repertoire,minister,platforms,facebook,dialects,more,public,name,instagram,live,dd,videos,country,channels,prime,follow,president,urdu,coverage,media,english,hindi,languages,stable,events,doordarshan,fair,twitter,download,bharati,broadcaster,youtube,transmission,official,india,news,hours,units,cum
distinction,watch,sanskrit,subscribe,mobile,vice,analysis,service,channel,updates,bulletins,discussions,app,repertoire,minister,platforms,facebook,dialects,more,public,name,instagram,live,dd,videos,country,channels,prime,follow,president,urdu,coverage,media,english,hindi,languages,stable,events,doordarshan,fair,twitter,download,bharati,broadcaster,youtube,transmission,official,india,news,hours,units,cum
distinction,watch,sanskrit,subscribe,mobile,vice,analysis,service,channel,updates,bulletins,discussions,app,repertoire,minister,platforms,facebook,dialects,more,public,name,instagram,live,dd,videos,country,channels,prime,follow,president,urdu,coverage,media,english,hindi,languages,stable,events,doordarshan,fair,twitter,download,bharati,broadcaster,youtube,transmission,official,india,news,hours,units,cum
distinction,watch,sanskrit,subscribe,mobile,vice,analysis,service,channel,updates,bulletins,discussions,app,repertoire,minister,platforms,facebook,dialects,more,public,name,instagram,live,dd,videos,country,channels,prime,follow,president,urdu,coverage,media,english,hindi,languages,stable,events,doordarshan,fair,twitter,download,bharati,broadcaster,youtube,transmission,official,india,news,hours,units,cum
youtube,official,news,doordarshan,dd
youtube,official,news,doordarshan,dd
youtube,official,news,doordarshan,dd
impaired,hearing,youtube,official,news,doordarshan,dd
youtube,official,news,doordarshan,dd
youtube,official,news,doordarshan,dd
youtube,official,news,doordarshan,dd
youtube,official,news,doordarshan,dd
youtube,official,news,doordarshan,dd
youtube,official,news,money,doordarshan,dd
youtube,official,news,doordarshan,dd
youtube,official,news,doordarshan,dd
youtube,official,news,doordarshan,dd
youtube,official,news,doordarshan,dd
youtube,official,news,doordarshan,dd
youtube,official,news,doordarshan,dd
youtube,official,news,doordarshan,dd
youtube,official,news,doordarshan,dd
youtube,official,news,doordarshan,dd
youtube,official,news,doordarshan,dd
youtube,official,news,doordarshan,dd
youtube,official,news,doordarshan,dd
youtube,official,news,doordarshan,dd
youtube,official,news,doordarshan,dd
youtube,official,news,doordarshan,dd
youtube,official,news,doordarshan,dd
distinction,watch,sanskrit,subscribe,mobile,vice,analysis,service,channel,updates,bulletins,discussions,app,repertoire,minister,platforms,facebook,dialects,more,public,name,instagram,live,dd,pm,videos,country,channels,prime,follow,president,urdu,coverage,media,english,hindi,languages,stable,events,doordarshan,fair,twitter,download,bharati,broadcaster,youtube,transmission,official,india,news,hours,units,cum
distinction,watch,sanskrit,subscribe,mobile,vice,analysis,service,channel,updates,bulletins,discussions,app,repertoire,minister,platforms,facebook,dialects,more,public,name,instagram,live,dd,videos,country,channels,prime,follow,president,urdu,coverage,media,english,hindi,languages,stable,events,doordarshan,fair,twitter,download,bharati,broadcaster,youtube,transmission,official,india,news,hours,units,cum
distinction,watch,sanskrit,subscribe,mobile,vice,analysis,service,channel,updates,bulletins,discussions,app,repertoire,minister,platforms,programme,facebook,dialects,more,public,bharat,name,instagram,live,dd,videos,country,channels,prime,follow,president,urdu,coverage,media,english,hindi,languages,stable,events,doordarshan,fair,twitter,download,bharati,broadcaster,youtube,transmission,official,india,news,ek,hours,units,cum
distinction,watch,sanskrit,subscribe,mobile,vice,analysis,service,channel,updates,bulletins,discussions,app,repertoire,minister,platforms,facebook,dialects,more,public,name,instagram,live,dd,videos,country,channels,prime,follow,president,urdu,coverage,media,english,hindi,languages,stable,events,doordarshan,fair,twitter,download,bharati,broadcaster,youtube,transmission,official,india,news,hours,units,cum
distinction,watch,sanskrit,pandey,subscribe,vice,analysis,service,channel,updates,bulletins,discussions,app,repertoire,minister,platforms,facebook,dialects,conference,more,public,name,instagram,live,dd,videos,country,channels,prime,mobile press,department,follow,president,urdu,coverage,media,english,hindi,languages,stable,doordarshan,events,fair,twitter,download,distribution,bharati,broadcaster,wheat,secretary,youtube,transmission,official,india,news,hours,food,availability,units,cum
distinction,watch,sanskrit,subscribe,mobile,vice,analysis,service,channel,updates,bulletins,discussions,app,repertoire,minister,platforms,facebook,dialects,more,public,name,instagram,live,dd,pm,videos,country,channels,prime,follow,president,urdu,coverage,media,english,hindi,languages,stable,events,doordarshan,fair,twitter,download,bharati,broadcaster,youtube,transmission,official,india,news,hours,units,cum
distinction,watch,sanskrit,subscribe,mobile,vice,analysis,service,channel,updates,bulletins,discussions,app,repertoire,minister,platforms,facebook,dialects,more,public,name,instagram,live,dd,videos,country,channels,prime,follow,president,urdu,coverage,media,english,hindi,languages,stable,events,doordarshan,fair,twitter,download,bharati,broadcaster,youtube,transmission,official,india,news,hours,units,cum
distinction,watch,sanskrit,subscribe,mobile,vice,analysis,service,channel,updates,bulletins,discussions,app,repertoire,minister,platforms,facebook,dialects,more,public,name,instagram,live,dd,videos,country,channels,prime,follow,president,urdu,coverage,media,english,hindi,languages,stable,events,doordarshan,fair,twitter,download,bharati,broadcaster,youtube,transmission,official,india,news,hours,units,cum
distinction,watch,sanskrit,subscribe,mobile,vice,analysis,service,channel,updates,bulletins,discussions,app,repertoire,minister,platforms,facebook,dialects,more,public,name,instagram,live,dd,pm,videos,country,channels,prime,follow,president,urdu,coverage,media,english,hindi,languages,stable,events,doordarshan,fair,twitter,download,bharati,broadcaster,youtube,transmission,official,india,news,hours,units,cum
distinction,watch,sanskrit,subscribe,mobile,vice,weekly,analysis,service,channel,updates,bulletins,discussions,app,repertoire,minister,platforms,facebook,dialects,more,public,name,instagram,live,dd,videos,country,magazine,channels,prime,follow,president,urdu,coverage,media,english,hindi,languages,stable,events,doordarshan,fair,twitter,download,bharati,broadcaster,episode,youtube,transmission,official,india,news,hours,units,cum
distinction,sanskrit,subscribe,mobile,vice,analysis,service,channel,updates,yoga,bulletins,discussions,thakur,app,sports,repertoire,minister,platforms,facebook,dialects,more,public,name,instagram,live,dd,videos,country,channels,prime,follow,anurag,president,urdu,coverage,english,hindi,languages,media watch,events,stable,doordarshan,fair,twitter,download,bharati,broadcaster,youtube,transmission,official,india,news,hours,units,cum
distinction,home,sanskrit,watch,subscribe,mobile,vice,analysis,service,channel,updates,bulletins,discussions,amit,app,repertoire,minister,platforms,facebook,dialects,more,public,name,instagram,live,dd,videos,country,channels,prime,follow,president,urdu,coverage,media,english,hindi,languages,stable,events,doordarshan,fair,twitter,download,bharati,broadcaster,hyderabad,gathering,shah,youtube,transmission,official,india,news,hours,units,cum
distinction,watch,sanskrit,subscribe,mobile,vice,analysis,anamika,cum,service,channel,updates,bulletins,discussions,app,repertoire,minister,platforms,facebook,dialects,more,public,name,instagram,live,dd,listen,videos,country,channels,prime,follow,president,urdu,coverage,media,english,hindi,languages,stable,events,doordarshan,fair,twitter,download,bharati,broadcaster,youtube,transmission,official,india,movie,news,hours,units,song
distinction,watch,sanskrit,subscribe,mobile,vice,analysis,service,channel,updates,bulletins,discussions,app,repertoire,minister,platforms,facebook,dialects,more,public,name,instagram,live,universities,dd,festival,videos,country,channels,prime,follow,president,urdu,coverage,media,english,hindi,languages,doordarshan,stable,events,fair,twitter,download,bharati,broadcaster,utkarsh,youtube,transmission,official,india,news,hours,units,cum
distinction,watch,sanskrit,subscribe,mobile,vice,dr,analysis,service,channel,updates,bulletins,scholars,discussions,shastri,app,tribute,shukla,minister,platforms,repertoire,facebook,dialects,padmashri,more,public,name,instagram,live,dd,videos,country,channels,prime,follow,president,urdu,coverage,media,english,hindi,languages,stable,events,doordarshan,fair,twitter,download,bharati,broadcaster,ramakant,youtube,transmission,official,india,prof,news,hours,units,cum
distinction,watch,sanskrit,subscribe,mobile,vice,analysis,service,channel,updates,bulletins,discussions,app,repertoire,minister,platforms,facebook,dialects,more,public,name,instagram,live,dd,ludhiana,videos,country,channels,prime,chief,follow,jp,president,urdu,coverage,media,english,hindi,languages,stable,events,doordarshan,fair,twitter,download,workers,bharati,broadcaster,youtube,transmission,official,india,bjp,news,hours,units,cum
distinction,watch,sanskrit,subscribe,mobile,vice,analysis,service,channel,updates,bulletins,discussions,app,repertoire,minister,platforms,facebook,dialects,more,public,name,instagram,live,dd,videos,country,channels,prime,follow,president,urdu,coverage,media,english,hindi,languages,stable,events,doordarshan,fair,twitter,download,bharati,broadcaster,youtube,transmission,official,india,news,hours,units,cum
distinction,watch,sanskrit,subscribe,mobile,vice,analysis,service,channel,updates,bulletins,discussions,app,repertoire,minister,platforms,facebook,dialects,more,public,name,instagram,live,dd,videos,country,channels,prime,follow,president,urdu,coverage,media,english,hindi,languages,stable,events,doordarshan,fair,twitter,download,bharati,broadcaster,youtube,transmission,official,india,news,hours,units,cum
distinction,watch,sanskrit,subscribe,mobile,vice,analysis,service,channel,updates,bulletins,discussions,app,repertoire,minister,platforms,facebook,dialects,more,public,name,instagram,live,ludhiana,dd,videos,country,channels,prime,chief,follow,jp,president,urdu,coverage,stories,media,english,hindi,languages,stable,events,doordarshan,fair,twitter,download,night,workers,bharati,broadcaster,youtube,transmission,official,india,bjp,news,hours,units,cum
distinction,watch,sanskrit,subscribe,mobile,vice,analysis,service,channel,updates,bulletins,discussions,app,repertoire,minister,platforms,facebook,dialects,more,public,name,instagram,live,dd,videos,country,channels,prime,follow,president,urdu,coverage,media,english,hindi,languages,stable,events,doordarshan,fair,twitter,download,bharati,broadcaster,youtube,transmission,official,india,news,hours,units,cum
kale,dr,youtube,shraddha,official,news,parashar,farheen,anika,doordarshan,dd,hygiene,naaz
youtube,official,news,doordarshan,dd
youtube,official,news,doordarshan,dd
youtube,official,news,doordarshan,dd
youtube,official,news,doordarshan,dd
youtube,official,news,doordarshan,dd
youtube,official,news,doordarshan,dd
youtube,official,news,doordarshan,dd
youtube,official,news,doordarshan,dd
youtube,official,news,doordarshan,dd
youtube,international,official,india,news,centre,doordarshan,dd
youtube,official,news,doordarshan,dd
youtube,official,news,doordarshan,dd
youtube,official,news,doordarshan,dd
youtube,official,news,doordarshan,dd
youtube,official,news,doordarshan,dd
g7,youtube,official,news,doordarshan,dd
youtube,official,news,doordarshan,dd
youtube,official,news,doordarshan,dd
youtube,official,news,doordarshan,dd
youtube,official,news,doordarshan,dd
youtube,official,news,doordarshan,dd
distinction,watch,sanskrit,subscribe,mobile,vice,analysis,service,channel,updates,bulletins,discussions,app,repertoire,minister,platforms,facebook,dialects,more,public,name,instagram,live,dd,pm,videos,country,channels,prime,follow,president,urdu,coverage,media,english,hindi,languages,stable,events,doordarshan,fair,twitter,download,bharati,broadcaster,youtube,transmission,official,india,news,hours,units,cum
distinction,watch,sanskrit,subscribe,mobile,vice,analysis,service,channel,updates,bulletins,discussions,app,repertoire,minister,platforms,facebook,dialects,more,public,name,instagram,live,dd,pm,videos,country,channels,prime,follow,president,urdu,coverage,media,english,hindi,languages,stable,events,doordarshan,fair,twitter,download,bharati,broadcaster,youtube,transmission,official,india,news,hours,units,cum
distinction,watch,sanskrit,subscribe,mobile,vice,analysis,service,channel,updates,bulletins,discussions,app,repertoire,minister,platforms,facebook,dialects,more,public,name,instagram,live,dd,pm,videos,country,channels,prime,follow,president,urdu,coverage,media,english,hindi,languages,stable,events,doordarshan,fair,twitter,download,bharati,broadcaster,youtube,transmission,official,india,news,hours,units,cum
distinction,watch,sanskrit,history,subscribe,mobile,vice,analysis,service,channel,cup,updates,bulletins,discussions,app,repertoire,minister,platforms,team,facebook,dialects,more,public,name,instagram,live,dd,videos,country,time,channels,prime,follow,thomas,president,urdu,coverage,media,english,hindi,languages,stable,events,doordarshan,fair,twitter,download,bharati,broadcaster,youtube,transmission,official,india,news,hours,units,cum
distinction,samachar,sanskrit,watch,history,subscribe,mobile,vice,analysis,service,channel,cup,updates,bulletins,discussions,app,repertoire,minister,platforms,facebook,dialects,more,public,name,instagram,live,dd,pm,videos,country,time,channels,prime,follow,thomas,president,urdu,coverage,stories,media,english,hindi,languages,stable,events,doordarshan,fair,twitter,download,bharati,broadcaster,youtube,transmission,official,india,news,hours,units,cum
distinction,watch,sanskrit,subscribe,mobile,vice,analysis,service,channel,updates,bulletins,discussions,app,repertoire,minister,platforms,facebook,dialects,more,public,name,instagram,live,dd,pm,videos,country,channels,prime,follow,president,urdu,coverage,media,english,hindi,languages,stable,events,doordarshan,fair,twitter,download,bharati,broadcaster,youtube,transmission,official,india,news,hours,units,cum
distinction,watch,sanskrit,subscribe,mobile,vice,analysis,service,channel,updates,bulletins,discussions,app,repertoire,minister,platforms,facebook,dialects,more,public,name,instagram,live,dd,videos,country,channels,prime,follow,president,urdu,coverage,media,english,hindi,languages,stable,events,doordarshan,fair,twitter,download,bharati,broadcaster,youtube,transmission,official,india,news,hours,units,cum
distinction,watch,sanskrit,subscribe,mobile,vice,analysis,service,channel,updates,bulletins,discussions,app,repertoire,minister,platforms,facebook,dialects,more,public,name,instagram,live,dd,videos,country,channels,prime,follow,president,urdu,coverage,media,english,hindi,languages,stable,events,doordarshan,fair,twitter,download,bharati,broadcaster,youtube,transmission,official,india,news,hours,units,cum
distinction,watch,sanskrit,subscribe,mobile,vice,analysis,service,channel,cup,updates,bulletins,discussions,thakur,app,repertoire,minister,platforms,team,facebook,dialects,more,public,name,instagram,live,dd,videos,country,channels,prime,follow,badminton,anurag,thomas,president,urdu,coverage,media,english,hindi,languages,stable,events,doordarshan,fair,twitter,download,bharati,broadcaster,youtube,units,transmission,official,india,news,hours,men,sports,cum
distinction,watch,sanskrit,subscribe,mobile,vice,analysis,super,service,channel,updates,bulletins,iit,discussions,shivay,computer,app,repertoire,minister,platforms,facebook,dialects,more,public,name,instagram,live,dd,videos,country,channels,prime,follow,president,urdu,coverage,media,english,hindi,languages,stable,events,doordarshan,fair,twitter,download,bhu,bharati,param,broadcaster,youtube,transmission,official,india,news,hours,units,cum
distinction,samachar,sanskrit,watch,history,subscribe,mobile,vice,analysis,service,channel,cup,updates,bulletins,discussions,app,repertoire,minister,platforms,facebook,dialects,more,public,name,instagram,live,dd,pm,videos,country,time,channels,prime,follow,thomas,president,urdu,coverage,stories,media,english,hindi,languages,stable,events,doordarshan,fair,twitter,download,bharati,broadcaster,youtube,transmission,official,india,news,hours,units,cum
distinction,samachar,sanskrit,watch,history,subscribe,mobile,vice,analysis,service,channel,cup,updates,bulletins,discussions,app,repertoire,minister,platforms,facebook,dialects,more,public,name,instagram,live,dd,pm,videos,country,time,channels,prime,follow,thomas,president,urdu,coverage,stories,media,english,hindi,languages,stable,events,doordarshan,fair,twitter,download,bharati,broadcaster,youtube,transmission,official,india,news,hours,units,cum
distinction,watch,sanskrit,subscribe,mobile,vice,analysis,service,channel,updates,bulletins,discussions,app,repertoire,minister,platforms,facebook,dialects,more,public,name,instagram,live,dd,videos,country,channels,prime,follow,president,urdu,coverage,media,english,hindi,languages,stable,events,doordarshan,fair,twitter,download,bharati,broadcaster,youtube,transmission,official,india,news,hours,units,cum
distinction,watch,sanskrit,subscribe,mobile,vice,analysis,service,channel,updates,bulletins,discussions,app,repertoire,minister,platforms,facebook,dialects,more,public,name,instagram,live,dd,videos,country,channels,prime,follow,president,urdu,coverage,media,english,hindi,languages,stable,events,doordarshan,fair,twitter,download,bharati,broadcaster,youtube,transmission,official,india,news,hours,units,cum
distinction,watch,sanskrit,subscribe,mobile,vice,analysis,service,channel,indians,cup,updates,bulletins,discussions,modi,app,champions,repertoire,minister,platforms,facebook,dialects,more,public,name,instagram,live,dd,pm,videos,country,channels,prime,follow,badminton,thomas,president,urdu,coverage,media,english,hindi,languages,stable,events,doordarshan,fair,twitter,download,broadcaster,bharati,youtube,transmission,official,india,news,hours,units,cum
distinction,watch,sanskrit,subscribe,mobile,vice,analysis,service,channel,indians,cup,updates,bulletins,discussions,modi,app,champions,repertoire,minister,platforms,facebook,dialects,more,public,name,instagram,live,dd,pm,videos,country,channels,prime,follow,badminton,thomas,president,urdu,coverage,media,english,hindi,languages,stable,events,doordarshan,fair,twitter,download,broadcaster,bharati,youtube,transmission,official,india,news,hours,units,cum
distinction,watch,sanskrit,subscribe,mobile,vice,analysis,service,channel,indians,cup,updates,bulletins,discussions,modi,app,champions,repertoire,minister,platforms,facebook,dialects,more,public,name,instagram,live,dd,pm,videos,country,channels,prime,follow,badminton,thomas,president,urdu,coverage,media,english,hindi,languages,stable,events,doordarshan,fair,twitter,download,broadcaster,bharati,youtube,transmission,official,india,news,hours,units,cum
distinction,watch,sanskrit,subscribe,mobile,buddha,vice,analysis,service,channel,lumbini,updates,bulletins,discussions,modi,app,repertoire,minister,platforms,facebook,dialects,more,public,name,instagram,live,dd,pm,videos,country,channels,prime,follow,president,urdu,coverage,media,english,hindi,languages,stable,events,doordarshan,fair,twitter,download,bharati,broadcaster,youtube,nepal,transmission,official,india,news,hours,purnima,units,cum
distinction,watch,sanskrit,subscribe,mobile,buddha,vice,analysis,service,channel,lumbini,updates,bulletins,discussions,modi,app,repertoire,minister,platforms,facebook,dialects,more,public,name,instagram,live,dd,pm,videos,country,channels,prime,follow,president,urdu,coverage,media,english,hindi,languages,stable,events,doordarshan,fair,twitter,download,bharati,broadcaster,youtube,nepal,transmission,official,india,news,hours,purnima,units,cum
distinction,watch,sanskrit,subscribe,mobile,vice,analysis,service,channel,updates,bulletins,discussions,app,repertoire,minister,platforms,facebook,dialects,more,public,name,instagram,live,dd,videos,country,channels,prime,follow,president,urdu,coverage,media,english,hindi,languages,stable,events,doordarshan,fair,twitter,download,bharati,broadcaster,youtube,transmission,official,india,news,hours,units,cum
distinction,watch,sanskrit,subscribe,mobile,buddha,vice,analysis,service,channel,lumbini,cup,indians,updates,bulletins,discussions,modi,app,champions,repertoire,minister,platforms,facebook,dialects,more,public,name,instagram,live,dd,pm,videos,country,channels,prime,follow,badminton,thomas,president,urdu,coverage,stories,media,english,hindi,languages,stable,events,doordarshan,fair,twitter,download,night,broadcaster,bharati,youtube,nepal,transmission,official,india,news,hours,purnima,units,cum
distinction,watch,sanskrit,subscribe,mobile,vice,analysis,service,channel,updates,bulletins,discussions,modi,app,repertoire,minister,platforms,facebook,dialects,up,more,public,name,instagram,live,dd,pm,videos,country,channels,kushinagar,prime,follow,president,urdu,coverage,media,english,hindi,languages,stable,events,doordarshan,fair,twitter,download,bharati,broadcaster,youtube,transmission,official,india,news,hours,units,cum
distinction,watch,sanskrit,subscribe,mobile,vice,analysis,service,channel,updates,bulletins,discussions,app,repertoire,minister,platforms,positive,facebook,dialects,more,public,name,instagram,live,dd,videos,country,channels,prime,follow,president,urdu,coverage,stories,media,english,hindi,languages,stable,events,doordarshan,fair,twitter,download,bharati,broadcaster,youtube,news nation,transmission,official,india,news,hours,units,cum
youtube,official,news,doordarshan,dd
rakshak,youtube,official,news,doordarshan,dd
youtube,official,news,doordarshan,dd
youtube,official,news,doordarshan,dd
impaired,hearing,youtube,official,news,doordarshan,dd
youtube,official,news,doordarshan,dd
youtube,official,news,doordarshan,dd
youtube,official,news,doordarshan,dd
youtube,official,news,doordarshan,dd
youtube,official,news,doordarshan,dd
youtube,official,news,doordarshan,dd
youtube,official,news,doordarshan,dd
youtube,official,news,doordarshan,dd
youtube,official,news,doordarshan,dd
youtube,official,news,doordarshan,dd
bhu,youtube,official,news,doordarshan,iit,dd
youtube,official,news,doordarshan,dd
youtube,official,news,doordarshan,dd
youtube,official,news,doordarshan,dd
youtube,official,news,doordarshan,dd
youtube,official,news,doordarshan,dd
youtube,official,news,doordarshan,dd
youtube,official,news,doordarshan,dd
youtube,official,news,doordarshan,dd
youtube,official,news,doordarshan,dd
youtube,event,official,news,doordarshan,dd
youtube,official,news,doordarshan,dd
youtube,official,news,doordarshan,dd
youtube,official,news,doordarshan,dd
youtube,official,news,doordarshan,dd
youtube,official,news,doordarshan,dd
youtube,official,news,doordarshan,dd
youtube,official,news,doordarshan,dd
youtube,official,news,doordarshan,dd
youtube,official,news,doordarshan,dd
youtube,official,news,doordarshan,dd
youtube,official,news,doordarshan,dd
prog,youtube,official,full,news,doordarshan,dd
youtube,official,news,doordarshan,dd
youtube,official,news,doordarshan,dd
youtube,official,news,doordarshan,dd
youtube,official,news,doordarshan,dd
youtube,official,news,doordarshan,dd
youtube,official,news,doordarshan,dd
youtube,official,news,doordarshan,dd
youtube,official,news,am,doordarshan,dd
youtube,official,news,doordarshan,dd
youtube,official,news,doordarshan,dd
youtube,official,news,doordarshan,dd
youtube,official,news,doordarshan,dd
youtube,official,news,doordarshan,dd
bhu,youtube,official,news,doordarshan,iit,dd
youtube,official,news,doordarshan,dd
youtube,official,news,doordarshan,dd
youtube,official,news,doordarshan,dd
youtube,dd,official,news,doordarshan,pm
youtube,official,news,doordarshan,dd
youtube,official,news,doordarshan,dd
youtube,official,news,doordarshan,dd
youtube,official,news,doordarshan,dd
youtube,official,news,doordarshan,dd
youtube,official,news,doordarshan,dd
youtube,official,news,doordarshan,dd
youtube,official,news,doordarshan,dd
youtube,official,news,doordarshan,dd
youtube,official,news,doordarshan,dd
youtube,official,news,doordarshan,dd
impaired,hearing,youtube,official,news,doordarshan,dd
youtube,official,news,doordarshan,dd
youtube,official,news,doordarshan,dd
youtube,official,news,doordarshan,dd
youtube,official,news,doordarshan,dd
youtube,official,news,doordarshan,dd
youtube,official,news,doordarshan,dd
youtube,official,news,doordarshan,dd
youtube,official,news,doordarshan,dd
youtube,official,news,doordarshan,dd
youtube,official,news,doordarshan,dd
youtube,official,news,doordarshan,dd
youtube,official,news,doordarshan,dd
youtube,official,news,doordarshan,dd
youtube,official,news,doordarshan,dd
youtube,official,news,doordarshan,dd
youtube,official,news,doordarshan,dd
youtube,official,news,doordarshan,dd
modi,jubilee,celebrations,youtube,trai,dd,official,news,stamp,doordarshan,pm,silver
modi,jubilee,pm,celebrations,youtube,dd,official,news,testbed,doordarshan,trai,silver
evolution,telecom,youtube,prospects,dd,official,news,film,bharat,doordarshan,pm
modi,celebrations,youtube,trai,dd,official,news,doordarshan,pm
jubilee,celebrations,youtube,minister,dd,official,news,speaks,ashwini,union,doordarshan,trai,silver
modi,celebrations,youtube,event,trai,video,address,silver jubilee,official,dd,full,news,doordarshan,pm
youtube,official,news,doordarshan,dd
youtube,official,news,doordarshan,dd
youtube,official,news,doordarshan,dd
youtube,official,news,doordarshan,dd
youtube,official,news,doordarshan,dd
youtube,official,news,doordarshan,dd
youtube,official,news,doordarshan,dd
youtube,official,news,doordarshan,dd
distinction,watch,sanskrit,subscribe,mobile,vice,analysis,service,channel,updates,bulletins,discussions,app,repertoire,minister,platforms,facebook,dialects,more,public,name,instagram,live,dd,videos,country,channels,prime,follow,president,urdu,coverage,media,english,hindi,languages,stable,events,doordarshan,fair,twitter,download,bharati,broadcaster,youtube,transmission,official,india,news,hours,units,cum
institutes,distinction,bed,sanskrit,watch,madras,subscribe,mobile,vice,analysis,service,channel,updates,bulletins,discussions,iit,modi,test,app,repertoire,minister,platforms,collaborative,facebook,dialects,more,public,name,instagram,live,dd,pm,videos,country,channels,prime,institute,follow,president,urdu,coverage,media,multi,english,hindi,languages,stable,doordarshan,events,fair,twitter,download,bharati,broadcaster,total,youtube,transmission,official,india,news,hours,project,testbed,units,cum
distinction,watch,sanskrit,subscribe,mobile,vice,analysis,service,channel,updates,bulletins,discussions,ats,app,repertoire,minister,platforms,facebook,dialects,more,public,name,instagram,live,dd,videos,country,channels,prime,follow,president,urdu,coverage,media,english,hindi,languages,stable,events,doordarshan,fair,twitter,download,bharati,broadcaster,youtube,transmission,official,india,news,hours,units,cum
distinction,watch,sanskrit,subscribe,mobile,vice,analysis,service,channel,updates,bulletins,discussions,app,repertoire,minister,platforms,facebook,dialects,more,public,name,instagram,live,dd,videos,country,channels,prime,follow,president,urdu,coverage,media,english,hindi,languages,stable,events,doordarshan,fair,twitter,download,bharati,broadcaster,youtube,transmission,official,india,news,hours,units,cum
distinction,watch,sanskrit,subscribe,mobile,vice,analysis,service,channel,updates,bulletins,discussions,app,repertoire,minister,platforms,facebook,dialects,more,public,name,instagram,live,dd,videos,country,channels,prime,follow,president,urdu,coverage,media,english,hindi,languages,stable,events,doordarshan,fair,twitter,download,bharati,broadcaster,youtube,transmission,official,india,news,hours,units,cum
distinction,watch,sanskrit,subscribe,mobile,vice,analysis,service,channel,updates,bulletins,discussions,app,repertoire,minister,platforms,facebook,dialects,more,public,name,instagram,live,dd,videos,country,channels,prime,follow,president,urdu,coverage,media,english,hindi,languages,stable,events,doordarshan,fair,twitter,download,bharati,broadcaster,youtube,transmission,official,india,news,hours,units,cum
distinction,watch,sanskrit,subscribe,mobile,vice,analysis,service,channel,updates,bulletins,discussions,app,repertoire,minister,platforms,facebook,dialects,more,public,name,instagram,live,dd,videos,country,channels,prime,follow,president,urdu,coverage,media,english,hindi,languages,stable,events,doordarshan,fair,twitter,download,bharati,broadcaster,youtube,transmission,official,india,news,hours,units,cum
distinction,watch,sanskrit,subscribe,mobile,vice,analysis,service,channel,updates,bulletins,discussions,app,repertoire,minister,platforms,facebook,dialects,more,public,name,instagram,live,dd,videos,country,channels,prime,follow,president,urdu,coverage,media,english,hindi,languages,stable,events,doordarshan,fair,twitter,download,bharati,broadcaster,youtube,transmission,official,india,news,hours,units,cum
distinction,watch,sanskrit,subscribe,mobile,vice,analysis,service,channel,updates,bulletins,discussions,app,repertoire,minister,platforms,facebook,dialects,more,public,name,instagram,live,dd,videos,country,channels,prime,follow,president,urdu,coverage,media,english,hindi,languages,stable,events,doordarshan,fair,twitter,download,bharati,broadcaster,youtube,transmission,official,india,news,hours,units,cum
distinction,watch,sanskrit,subscribe,mobile,vice,analysis,service,channel,updates,bulletins,discussions,app,repertoire,minister,platforms,facebook,dialects,more,public,name,instagram,live,dd,videos,country,channels,prime,follow,president,urdu,coverage,media,english,hindi,languages,stable,events,doordarshan,fair,twitter,download,bharati,broadcaster,youtube,transmission,official,india,news,hours,units,cum
institutes,distinction,bed,samachar,sanskrit,madras,subscribe,mobile,vice,analysis,service,channel,updates,bulletins,discussions,iit,modi,test,app,repertoire,minister,platforms,collaborative,facebook,dialects,more,public,name,instagram,live,dd,pm,videos,country,channels,prime,institute,follow,president,urdu,coverage,stories,multi,english,hindi,languages,media watch,stable,events,doordarshan,fair,twitter,download,bharati,broadcaster,total,youtube,transmission,official,india,news,hours,project,units,cum
distinction,watch,sanskrit,subscribe,mobile,vice,analysis,service,channel,updates,bulletins,discussions,thakur,delegation,app,repertoire,minister,platforms,facebook,dialects,more,public,name,instagram,live,dd,videos,country,channels,prime,follow,anurag,president,urdu,coverage,media,english,hindi,languages,stable,events,doordarshan,fair,twitter,download,bharati,broadcaster,youtube,transmission,official,india,news,hours,units,cum
distinction,watch,sanskrit,subscribe,mobile,vice,analysis,service,channel,updates,bulletins,discussions,app,repertoire,minister,platforms,facebook,dialects,more,public,name,instagram,live,dd,videos,country,channels,prime,follow,president,urdu,coverage,media,english,hindi,languages,stable,events,doordarshan,fair,twitter,download,bharati,broadcaster,youtube,transmission,official,india,news,hours,units,cum
distinction,watch,sanskrit,subscribe,mobile,vice,analysis,service,channel,updates,national,bulletins,games,discussions,app,repertoire,minister,platforms,facebook,dialects,more,public,name,instagram,live,dd,videos,country,channels,prime,follow,mohan,triathlete,south,urdu,president,media,coverage,english,hindi,languages,stable,events,doordarshan,fair,twitter,download,bharati,broadcaster,youtube,transmission,official,india,medals,pragna mohan,news,hours,units,cum
distinction,watch,sanskrit,subscribe,mobile,dr,vice,analysis,service,channel,updates,bulletins,discussions,wellness,app,repertoire,minister,platforms,facebook,dialects,corner,centre,country corner,more,public,nook,live,name,dd,instagram,videos,country,channels,prime,follow,mansukh mandaviya,health,president,urdu,coverage,media,english,hindi,languages,stable,doordarshan,events,fair,twitter,download,bharati,broadcaster,youtube,mansukh,transmission,official,india,news,hours,units,cum
distinction,watch,sanskrit,subscribe,mobile,vice,analysis,service,channel,updates,national,bulletins,discussions,app,member,minister,platforms,repertoire,facebook,dialects,ram,more,public,name,instagram,live,dd,videos,country,channels,prime,follow,madhav,president,rss,urdu,coverage,media,english,hindi,languages,stable,events,doordarshan,fair,twitter,download,bharati,broadcaster,youtube,transmission,executive,official,india,news,hours,units,cum
distinction,watch,sanskrit,subscribe,mobile,vice,analysis,service,channel,updates,bulletins,discussions,app,repertoire,minister,platforms,facebook,dialects,more,public,name,instagram,live,dd,videos,country,channels,prime,follow,president,urdu,coverage,media,english,hindi,languages,stable,events,doordarshan,fair,twitter,download,bharati,broadcaster,youtube,transmission,official,india,news,hours,units,cum
distinction,watch,sanskrit,subscribe,mobile,vice,analysis,service,channel,updates,bulletins,discussions,app,repertoire,minister,platforms,facebook,dialects,more,public,name,instagram,live,dd,videos,country,channels,prime,follow,president,urdu,coverage,media,english,hindi,languages,stable,events,doordarshan,fair,twitter,download,bharati,broadcaster,youtube,transmission,official,india,news,hours,units,cum
distinction,watch,sanskrit,subscribe,mobile,comedy,vice,analysis,michel,service,channel,updates,bulletins,discussions,app,repertoire,minister,platforms,facebook,cut,zombie,dialects,film,tuesday,more,public,name,instagram,dd,festival,videos,country,channels,prime,follow,hazanavicius,president,urdu,coverage,media,english,hindi,languages,stable,events,doordarshan,fair,twitter,download,night,final,bharati,broadcaster,youtube,transmission,official,india,premiere,news,zombie live,hours,cannes,units,cum
distinction,watch,sanskrit,visit,subscribe,mobile,vice,analysis,service,channel,jamaica,updates,bulletins,discussions,diaspora,app,repertoire,minister,platforms,facebook,dialects,more,public,name,instagram,live,dd,members,videos,country,channels,prime,follow,president,urdu,coverage,media,english,hindi,languages,stable,events,doordarshan,fair,twitter,download,happiness,bharati,broadcaster,youtube,transmission,official,india,news,hours,units,cum
distinction,watch,sanskrit,subscribe,mobile,vice,analysis,service,channel,updates,bulletins,discussions,app,repertoire,minister,platforms,facebook,dialects,more,public,name,instagram,live,dd,videos,country,channels,prime,follow,president,urdu,coverage,media,english,hindi,languages,stable,events,doordarshan,fair,twitter,download,bharati,broadcaster,youtube,transmission,official,india,news,hours,units,cum
institutes,distinction,bed,sanskrit,madras,subscribe,mobile,vice,analysis,service,channel,updates,bulletins,discussions,iit,modi,test,app,repertoire,minister,platforms,collaborative,facebook,dialects,more,public,name,instagram,live,dd,pm,videos,country,channels,prime,institute,follow,president,urdu,coverage,stories,multi,english,hindi,languages,media watch,stable,events,doordarshan,fair,twitter,download,night,bharati,broadcaster,total,youtube,transmission,official,india,news,hours,project,units,cum
distinction,watch,sanskrit,subscribe,mobile,vice,comedy,analysis,michel,service,channel,updates,bulletins,discussions,app,repertoire,minister,platforms,facebook,cut,dialects,film,tuesday,more,public,name,instagram,dd,festival,videos,country,channels,prime,cannes festival,follow,hazanavicius,president,urdu,coverage,media,english,hindi,languages,stable,events,doordarshan,fair,twitter,download,night,final,bharati,broadcaster,youtube,transmission,official,india,news,zombie live,hours,premiere,cannes,units,cum
distinction,watch,sanskrit,subscribe,mobile,vice,analysis,service,channel,updates,bulletins,discussions,app,repertoire,minister,platforms,facebook,dialects,more,public,name,instagram,live,dd,videos,country,channels,prime,follow,president,urdu,coverage,media,english,hindi,languages,stable,events,doordarshan,fair,twitter,download,bharati,broadcaster,youtube,transmission,official,india,news,hours,units,cum
institutes,distinction,bed,samachar,sanskrit,madras,subscribe,mobile,vice,analysis,service,channel,updates,bulletins,discussions,iit,modi,test,app,repertoire,minister,platforms,collaborative,facebook,dialects,more,public,name,instagram,live,dd,pm,videos,country,channels,prime,institute,follow,president,urdu,coverage,stories,multi,english,hindi,languages,media watch,stable,events,doordarshan,fair,twitter,download,bharati,broadcaster,total,youtube,transmission,official,india,news,hours,project,units,cum
distinction,watch,sanskrit,subscribe,mobile,vice,analysis,service,channel,jamaica,updates,bulletins,discussions,app,repertoire,minister,platforms,facebook,dialects,more,public,name,instagram,live,dd,videos,country,channels,prime,follow,president,urdu,coverage,media,english,hindi,languages,stable,events,doordarshan,fair,twitter,download,bharati,broadcaster,youtube,transmission,official,india,news,parliament,hours,units,cum
distinction,watch,sanskrit,subscribe,mobile,vice,analysis,service,channel,updates,bulletins,discussions,app,repertoire,minister,platforms,facebook,dialects,more,public,name,instagram,live,dd,videos,country,channels,prime,follow,president,urdu,coverage,media,english,hindi,languages,stable,events,doordarshan,fair,twitter,download,bharati,broadcaster,youtube,transmission,official,india,news,hours,units,cum
distinction,watch,sanskrit,subscribe,mobile,vice,analysis,service,channel,updates,bulletins,discussions,app,repertoire,minister,platforms,facebook,dialects,more,public,name,instagram,live,dd,videos,country,channels,prime,follow,president,urdu,coverage,media,english,hindi,languages,stable,events,doordarshan,fair,twitter,download,bharati,broadcaster,youtube,transmission,official,india,news,hours,units,cum
distinction,watch,sanskrit,subscribe,mobile,vice,analysis,service,channel,updates,bulletins,discussions,app,repertoire,minister,platforms,facebook,dialects,more,public,name,instagram,live,dd,videos,country,channels,prime,follow,president,urdu,coverage,media,english,hindi,languages,stable,events,doordarshan,fair,twitter,download,bharati,broadcaster,youtube,transmission,official,india,news,hours,units,cum
distinction,watch,sanskrit,ridham,subscribe,mobile,vice,analysis,talks,service,channel,updates,bulletins,discussions,munmun,app,repertoire,minister,platforms,facebook,dialects,film,more,public,name,instagram,live,dd,videos,bhattacharya,country,channels,prime,follow,director,president,urdu,coverage,media,english,hindi,languages,stable,events,doordarshan,fair,twitter,download,bharati,broadcaster,news director,youtube,transmission,official,india,news,hours,cannes,units,cum
distinction,watch,sanskrit,subscribe,mobile,vice,analysis,service,channel,updates,bulletins,discussions,app,repertoire,minister,platforms,facebook,dialects,more,public,name,instagram,live,dd,videos,country,channels,prime,follow,president,urdu,coverage,media,english,hindi,languages,stable,events,doordarshan,fair,twitter,download,bharati,broadcaster,youtube,transmission,official,india,news,hours,units,cum
distinction,watch,sanskrit,subscribe,mobile,vice,analysis,service,channel,updates,bulletins,discussions,app,repertoire,minister,platforms,programme,facebook,dialects,more,public,name,instagram,live,dd,videos,country,channels,prime,follow,president,urdu,full,coverage,media,english,hindi,languages,stable,events,doordarshan,fair,twitter,download,bharati,broadcaster,youtube,transmission,official,india,news,hours,units,cum
distinction,watch,sanskrit,subscribe,mobile,vice,comedy,analysis,michel,service,channel,updates,bulletins,discussions,app,repertoire,minister,platforms,facebook,cut,dialects,film,tuesday,more,public,name,instagram,dd,festival,videos,country,channels,prime,cannes festival,follow,hazanavicius,president,urdu,coverage,media,english,hindi,languages,stable,events,doordarshan,fair,twitter,download,night,final,bharati,broadcaster,youtube,transmission,official,india,news,zombie live,hours,premiere,cannes,units,cum
distinction,watch,sanskrit,subscribe,mobile,vice,analysis,service,channel,updates,bulletins,discussions,app,repertoire,minister,platforms,facebook,dialects,more,public,name,instagram,live,dd,videos,country,channels,prime,follow,president,urdu,coverage,media,english,hindi,languages,stable,events,doordarshan,fair,twitter,download,bharati,broadcaster,youtube,transmission,official,india,news,hours,units,cum
prog,youtube,official,full,news,doordarshan,dd
distinction,watch,sanskrit,subscribe,mobile,vice,analysis,service,channel,updates,bulletins,discussions,app,repertoire,minister,platforms,facebook,dialects,more,public,name,instagram,live,dd,videos,country,channels,prime,follow,president,urdu,coverage,media,english,hindi,languages,stable,events,doordarshan,fair,twitter,download,bharati,broadcaster,youtube,transmission,official,india,news,hours,units,cum
youtube,official,news,doordarshan,dd
youtube,official,news,doordarshan,dd
impaired,hearing,youtube,official,news,doordarshan,dd
youtube,official,news,doordarshan,dd
youtube,official,news,doordarshan,dd
youtube,official,news,doordarshan,dd
youtube,official,news,doordarshan,dd
youtube,official,news,doordarshan,dd
youtube,official,news,doordarshan,dd
youtube,official,news,doordarshan,dd
youtube,official,news,doordarshan,dd
youtube,official,news,doordarshan,dd
youtube,official,news,doordarshan,dd
youtube,official,news,doordarshan,dd
youtube,official,news,doordarshan,dd
youtube,official,news,doordarshan,dd
youtube,official,news,doordarshan,dd
youtube,official,news,exclusive,doordarshan,dd
youtube,official,news,doordarshan,dd
youtube,official,news,doordarshan,dd
youtube,official,news,doordarshan,dd
youtube,official,news,doordarshan,dd
youtube,official,news,doordarshan,dd
youtube,official,news,doordarshan,dd
youtube,official,news,doordarshan,dd
youtube,official,news,doordarshan,dd
youtube,official,news,doordarshan,dd
youtube,official,news,doordarshan,dd
youtube,official,news,doordarshan,dd
youtube,official,news,doordarshan,dd
youtube,official,news,doordarshan,dd
youtube,official,news,doordarshan,dd
youtube,official,news,doordarshan,dd
youtube,official,news,doordarshan,dd
youtube,official,news,doordarshan,dd
youtube,official,news,doordarshan,dd
youtube,minister,dd,official,india,inauguration,news,pavilion,cannes,doordarshan
youtube,official,news,doordarshan,dd
youtube,event,official,news,doordarshan,dd
youtube,official,news,doordarshan,dd
youtube,dd,official,news,doordarshan,pm
youtube,continental,official,news,doordarshan,dd
youtube,official,news,doordarshan,dd
youtube,official,news,doordarshan,dd
youtube,official,news,doordarshan,dd
youtube,official,news,doordarshan,dd
youtube,official,news,doordarshan,dd
youtube,dd,official,news,doordarshan,pm
youtube,official,news,doordarshan,dd
youtube,official,news,doordarshan,dd
youtube,official,news,doordarshan,dd
youtube,official,news,doordarshan,dd
youtube,official,news,doordarshan,dd
youtube,official,news,doordarshan,dd
youtube,official,news,doordarshan,dd
youtube,official,news,doordarshan,dd
youtube,official,news,doordarshan,dd
youtube,official,news,doordarshan,dd
youtube,official,news,doordarshan,dd
youtube,official,news,doordarshan,dd
youtube,official,news,doordarshan,dd
youtube,official,news,doordarshan,dd
youtube,official,news,doordarshan,dd
youtube,official,news,doordarshan,dd
youtube,official,news,doordarshan,dd
youtube,official,news,doordarshan,dd
youtube,official,news,doordarshan,dd
youtube,official,news,doordarshan,dd
youtube,official,news,doordarshan,dd
youtube,official,news,doordarshan,dd
youtube,official,news,doordarshan,dd
shree,vadodara,temple,youtube,dd,address,swaminarayan,official,news,yuva,doordarshan,vc,pm
youtube,official,news,doordarshan,dd
youtube,official,news,doordarshan,dd
youtube,official,news,doordarshan,dd
youtube,official,news,doordarshan,dd
youtube,dd,official,news,doordarshan,pm
youtube,dd,official,india,news,forum,live,cannes,doordarshan
home,amit,delhi,political,minister,seminar,dd,ideas,speech,ata,department,univ,university,swaraj,doordarshan,shah,youtube,official,science,news,new india
cannes festival,youtube,official,india,news,forum,film,doordarshan,dd
hub,cannes festival,world festival,youtube,minister,cannes,anurag,address,dd,official,india,news,forum,film,doordarshan,thakur
presence,leader,jakhar,youtube,jp,president,official,congress,bjp,news,sunil,doordarshan,punjab,dd
youtube,iss,official,news,doordarshan,dd,waqt
youtube,iss,official,news,doordarshan,dd,waqt
youtube,iss,official,news,doordarshan,dd,waqt
youtube,official,news,doordarshan,dd
samachar,youtube,official,news,doordarshan,dd
entertainment weekly,doordarshan,youtube,programme,tarang,entertainment,official,news,rang,dd,culture
samachar,youtube,official,news,doordarshan,dd
samachar,youtube,official,news,doordarshan,dd
world championships,samachar,youtube,women,official,boxing,news,finals,khel,doordarshan,dd,enter
modi,quad,japan,visit,youtube,dd,press,brief,official,mea,news,summit,doordarshan,pm
youtube,official,desh,news,doordarshan,pradesh,dd
modi,samachar,japan,quad,youtube,may,dd,official,news,summit,doordarshan,pm
youtube,official,news,discussion,doordarshan,dd
night,youtube,official,news,doordarshan,dd
grenadines,nath,youtube,ram kovind,st vincent,president,official,vincent,news,parliament,session,doordarshan,dd
samachar,youtube,official,news,doordarshan,dd
duniya,ki,youtube,dd,khabar,official,news,updates,doordarshan,world
