links,store,development,history,subscribe,updated,sabha,sedition,business,bail,act,pdf,trading,cases,re,app,ipc,network,government,courts,member,facebook,constitution,governments,supreme,law,turn,centre,union,democracy,sc,mahua,newshour,members,time,debate,channels,lok,examination,colonial,play,reconsideration,stay,petitioner,media,stocks,era,hold,opposition,download,twitter,case,tune,social,july,et,court,apple india,moitra,victory,india,news,parliament,charges,android,state,google,website,times
links,store,markets,subscribe,history,updated,pop,capitulations,sessions,us,head,trading,situation,fall,parson,network,app,volume,facebook,market,speaks,newshour,carnage,bit,strategy,channels,debate,tips,play,stay,update,video,nick,kind,sense,media,hindi,stocks,apple,research,stock,download,twitter,yesterday,social,recommendations,crash,india,news,android,business times,et,share,google,couple,website
consensus,links,threat,cpi,store,watch,markets,subscribe,station,number,updated,deflation,month,madden,bitcoin,us,stagflation,energy,business,estimates,trading,website,pressure,government,network,biden,facebook,states,building,anticipation,cryptocurrency,newshour,core,economics,lot,time,channels,debate,japan,trend,year,play,stay,admin,inflation,control,week,march,media,yr,stocks,download,twitter,prices,meeting,app social,impact,mark,april,apple india,equity,news,android,et,google,rate,food,david,times
consensus,links,threat,cpi,store,financial,markets,subscribe,development,updated,month,bitcoin,price,us,jan,business,energy,estimates,head,trading,rabobank,pressure,network,prediction,facebook,pro,cryptocurrency,newshour,core,data,time,channels,debate,apr,trend,play,report,preview,lambregts,stay,video,inflation,week,media,expectation,stocks,oil,research,download,global times,prices,twitter,meeting,app social,mark,april,et,apple india,print,equity,crash,android,food,google,rate,website
links,store,subscribe,updated,analysis,price,result,business,material,ltd,head,trading,website,situation,app,network,q4,facebook,joint,win,cotton price,md,newshour,dipali,channels,debate,play,miss,performance,stay,factors,ceo,coal,video,quarters,inflation,commodity,sense,media,apple,stocks,stock,download,results,twitter,prices,social,industry,target,goenka,india,news,android,et,share,google,couple,today,times
links,store,expectations,subscribe,updated,ecosystem,recap,display,developer,freak,pixel,nest,business,day,phone,trading,hub,app,network,editor,buzz,shoreline,tech,facebook,flagship,conference,tuesday,newshour,channels,debate,play,california,stay,software,teach,setup,media,apple,segment,stocks,amphitheater,money,events,new,download,twitter,smartphone,io,smart,street,social,tensor,gadget,event,dhruv,may,show,live streaming,authority,giant,bhutani,news,android,slate,search,release,et,google,website,times
links,rice,store,watch,subscribe,updated,analysis,today,price,business,investors,trading,apple market,pressure,website,network,mirror,app,basmati,facebook,prediction market,east,investment,channels,play,middle asia,stay,review,margin,southeast,media,stocks,dewan,recovery,stock,download,twitter,now,company,position,social,neeraj,target,pick,news,sales,android,et,share,google,shares,times
forex,links,store,watch,markets,subscribe,currency,updated,between,mortgage,bond,trading,apple market,website,government,network,app,facebook,market,yields,channels,play,stay,media,interest,bonds,stocks,stock,download,prices,twitter,impact,relation,social,yield,crash,news,android,rates,business times,et,google,mirror
fundamentals,links,store,watch,markets,valuations,subscribe,trends,updated,leader,sector,nasdaq,pain,pb,months,pricing,business,fintech,online,trading,pressure,fall,mf,network,insurance,amc,space,capital market,facebook,spoilsport,md,newshour,nilesh,google,earnings,channels,interview,correlation,debate,play,stay,factors,ceo,fund,digits,inflation,media,apple,stocks,download,twitter,capital,now,company,app social,shah,sensex,envision,india,news,android,et,it,kotak,spot,website,times
links,store,which,subscribe,updated,business analysis,channel,updates,tv,trading,apple market,website,app,network,mirror,facebook,market,cryptocurrency,live,ideas,channels,buy,tips,play,stay,ask,portfolio,media,english,stocks,stock,download,twitter,now,social,experts,india,risk,news,android,queries,business times,et,share,google,today
links,store,srivastava,subscribe,updated,marketing,demand,business,acquisition,ltd,trading,website,network,suv,rai,facebook,maruti,newshour,senior,shashank,presence,channels,debate,play,interview,stay,director,supply,suzuki,media,apple,segment,stocks,cars,download,constraints,twitter,nayantara,now,company,app social,quarter,executive,india,dip,sales,android,cost,et,google,side,times
crore,links,store,subscribe,updated,analysis,growth,yoy,saving,business,larsen,qoq,order,infotech,trading,app,network,facebook,profit,building,guidance,newshour,channels,debate,play,operating,revenues,stay,initiatives,march,dividend,cr,margins,media,apple,stocks,increase,stock,revenue,basis,results,twitter,download,account,now,company,social,rs,contracts,quarter,leverage,news,android,cost,et,share,google,website,times
crore,links,store,subscribe,updated,shareholders,analysis,price,business,reddy,benefits,acquisition,trading,website,defence,network,app,technologies,terms,category,tech,array,facebook,intraday,credit,content,md,newshour,partners,board,channels,debate,partnership,play,stay,review,gee,media,apple,discussion,stocks,stock,download,offset,twitter,aerospace,parvat,social,rs,srinivas,target,multiple,potential,conditions,pee,news,android,et,share,google,shares,times
flows,links,store,watching,markets,subscribe,trends,future,wealth,updated,course,factor,budget,post,months,business,play,trading,covid,re,website,network,mirror,devang,facebook,market,pandemic,ukraine,finance,centrum,suri,channels,tips,trend,host,evaluation,war,factors,fund,update,globe,stay,commodity,media,apple,stocks,oil,stock,atul,download,mr,twitter,prices,management,marathon,mehta,price trends,losses,app social,india,news,android,russia,et,share,google,today,times
crore,links,store,subscribe,updated,sector,growth,basics,business,national,bank,filing,income,goyal,trading,app,network,goel,q4,facebook,outlook,market,january,accounts,profit,public,provisions,md,ajay atul,punjab,newshour,google,channels,debate,year,play,decline,stay,amount,ceo,stood,march,pnb,lender,media,apple,sharma,stocks,stock,atul,download,results,twitter,social,rs,quarter,period,news,kumar,android,loans,et,share,interview,website,times
links,watch,store,markets,cement,subscribe,updated,bajaj,green,business,bank,mahindra,trading,website,indusind,sun,network,app,steel,cent,facebook,market,newshour,finance,view,channels,debate,play,pharma,stay,merani,update,ipo,media,apple,stocks,stock,ultratech,expert,download,twitter,street,social,sensex,rs,tata,transmission,wilmar,news,android,nifty,adani,et,share,google,today,times
crore,links,store,subscribe,kolkata,updated,unit,analysis,exchange,engineering,execution,price,months,business,value,filing,order,trading,website,app,network,rail news,wagons,facebook,acres,win,rail,infrastructure,managing,timeline,newshour,wednesday,channels,debate,play,stay,gupta,director,outskirts,media,multi,apple,railways,stocks,stock,download,tender,twitter,company,discipline,social,rs,fundamental,agm,target,units,period,details,android,et,share,google,shares,times
crore,links,store,subscribe,updated,price,business,accessory,jewellers,filing,trading,website,app,network,cent,facebook,profit,ramesh,jewellery,kalyanaraman,investment,newshour,channels,debate,year,play,kalyan,decline,stay,tax,director,review,march,media,apple,retailer,stocks,revenue,download,twitter,company,social,operations,rs,target,quarter,executive,news,details,android,pat,shares,et,share,google,fashion,times
motors,links,crypto,cpi,markets,watching,subscribe,currency,updated,store,rout,hour,headlines,growth,months,market estate,business,day,trading,website,app,network,low,mirror,numbers,facebook,market,important,dollar,level,data,midday,earnings,channels,play,jlr,stay,update,sentiment,commodity,media,apple,stocks,revenue,stock,download,twitter,prices,big,beginners,impact,street,evening,mark,april,social,tata,rupee,crash,india,news,android,record,profitability,et,share,google,housing,today,times
crore,inventories,rice,store,links,subscribe,updated,relief,taxation,today,exporter,demand,business,income,trading,website,buzz,network,exporters,facebook,market,authorities,live,newshour,google,channels,alternative,debate,play,liability,department,tax,stay,worth,appeals,consumption,companies,media,apple,stocks,refund,stock,download,twitter,focus,company,times,app social,wheat,impact,sensex,rs,press,news,android,release,et,traders,shares,lakh
shankar,links,store,watch,subscribe,updated,years,sector,lists,business,investors,sharma,banks,trading,apple market,website,invest,network,app,mistake,tech,facebook,market,newshour,way,delivery,data,view,channels,tips,debate,play,pharma,stay,interview,advice,commodity,media,business times,profession,investor,hindi,trade,correction,stock,stocks,recovery,download,twitter,shankar sharma,hit,now,prices,beginners,social,selling,android,shares,spending,et,google,investment strategy
links,revival,store,watch,markets,digitisation,subscribe,updated,pain,run,sector,makers,updates,cio,energy,business,banks,trading,see,election,apple market,facebook,market,exposure,investment,newshour,google,channels,debate,trend,play,pharma,stay,estate,media,stocks,stock,transition network,download,twitter,dynamics,now,ravi,app social,experts,manufacturing,advisors,india,android,et,share,interview,website,times
meaning,links,store,markets,subscribe,updated,securities,pli,business,weakness,boon,investors,banks,trading,apple market,term,network,corrections,facebook,market,industries,infrastructure,corner,days,incentive,newshour,storm,earnings,upside,channels,debate,play,contender,pessimism,stay,portfolio,disappointment,bull,media,sharma,hindi,stocks,india time,correction,sanjiv,stock,download,mr,twitter,it,app social,manufacturing,rupee,india,bhasin,android,et,share,google,spot,website,times
motors,links,earning,hikes,store,ad,expectations,subscribe,number,updated,sector,jump,growth,yoy,result,price,business,ebitda,realization,trading,website,app,network,facebook,numbers,eicher,asps,auto,newshour,channels,debate,play,tomorrow,stay,factors,comparison,expansion,back,margin,vs,mix,margins,media,apple,volumes,stocks,increase,revenue,download,results,twitter,basis,benefit,company,social,line,rs,product,quarter,enfield,royal,leverage,news,sales,android,et,share,google,today,times
crore,links,store,expectations,subscribe,updated,commentary,costs,sector,growth,state news,result,yoy,business,eye,bank,income,trading,website,network,sbi,balance,q4,facebook,market,business cards,outlook,profit,credit,public,newshour,deposits,channels,buy,sides,trend,performance,debate,play,preview,nims,operating,stay,back,march,date,media,interest,rating,analysts,stocks,book,sheet,results,twitter,management,download,apple eyes,app social,npas,street,mark,may,quarter,conditions,android,et,share,google,today,times
links,cpi,store,expectations,subscribe,updated,talks,start,month,us,business,hersh,cycle,trading,app,network,rates,prediction,facebook,market,types,newshour,economics,channels,debate,fuel economy,play,pressures,stay,back,inflation,fact,march,media,apple,expectation,stocks,download,twitter,meeting,times,impact,social,april,may,macroeconomics,print,india,news,pce,android,cost,et,google,rate,food,website,rbi
links,store,subscribe,updated,years,service,today,officer,business,trading,website,app,network,wilson,facebook,singapore,managing,expertise,md,sons,newshour,board,channels,campbell,debate,scoot,play,chief,air,stay,ceo,director,subsidiary,subject,media,apple,sia,stocks,download,mr,twitter,social,appointment,industry,tata,aviation,executive,india,airlines,news,android,airindia,cost,business times,et,google,age
store,subscribe,challenge,china,rev,segments,trading,covid,volume,stay,vs,margins,download,results,line,news,links,share,motors,analysis,qoq,ebitda,divisions,term,q4,charge,co,time,division,debt,inflation,stock,flow,twitter,social,tata,figure,quarter,russia,android,google,cash,updated,price,disappoints,steel,level,channels,year,jlr,bottomline,report,q1,margin,volumes,print,et,improvements,today,website,flows,power,yoy,demand,business,ebit,app,facebook,numbers,outlook,profit,newshour,loss,debate,play,network card,apple,media,expectation,stocks,management,company,improve,motor,target,versus,times
meaning,curve,forex,futures,options,store,links,subscribe,markets,updated,course,business,day trading,trading,website,fall,term,network,decision,kunal,app,facebook,fingers,market,newshour,channels,care,juncture,debate,play,stay,vs,investments,tutorial,media,apple,guide,stocks,charts,money,time traders,stock,download,how,twitter,gain,beginners,social,episode,show,equity,crash,android,et,google,today,times
crore,links,store,subscribe,question,updated,wealth,button,today,business,investors,trading,website,app,mf,network,mutual,amc,schemes,facebook,portfolio management,credence,dealer,investment,lakh,newshour,finance,country,channels,debate,play,report,stay,ceo,auditors,economy,media,apple,stocks,money,download,assets,twitter,founder,social fund,case,manger,tune,kirtan,remember,episode,shah,matter,event,rs,advisors,axis,show,news,android,exit,front,et,allegation,google,shares,times
links,crypto,store,financial,subscribe,currency,updated,business analysis,channel,digital,updates,business,conclave,economic,trading,apple market,website,network,mirror,facebook,market,sri,cryptocurrency,live,channels,buy,tips,play,stay,bazaar,media,english,stocks,stock,download,twitter,now,app social,india,news,android,crisis,et,share,google,today,times
links,store,markets,subscribe,gold,indices,updated,nasdaq,start,thursday,us,business,updates,trading futures,bias,mode,day,bond,website,pressure,app,network,mirror,facebook,market,yields,dollar,investment,wednesday,finance,google,channels,play,commodities,sgx,stay,cuts,economy,index,media,cues,apple,bonds,stocks,recovery,money,stock,oil,closing,download,twitter,strength,social,safety,news,android,shares,nifty,et,share,traders,today,times
links,store,subscribe,list,indices,power,updated,small,business,bank,world,au,trading,deletion,website,app,network,mirror,global,amc,surprise,range,changes,market,facebook,brokerages,finance,channels,play,stay,economy,review,index,media,apple,stocks,money,stock,download,twitter,case,social,et,elxsi,tata,may,outflow,standard,news,shares,android,adani,addition,google,couple,today,times
links,watching,store,markets,subscribe,trends,updated,analysis,pankaj,renaissance news,business,investors,cycle,trading,apple market,website,buyers,network,mirror,app,facebook,market,ukraine,days,investment,way,renaissance,time,channels,play,trend,host,lines,war,factors,correct,stay,projections,commodity,media,stocks,correction,oil,stock,download,twitter,prices,price trends,beginners,social,crude,crash,decade,news,android,russia,et,patterns,google,today,times
commentary,topline,jump,business analysis,today,price,demand,mahindra,pressure jump,bps,tech,q4,range,outlook,usd,guidance,base,investment,revenues,update,economy,back,margin,stocks,verticals,revenue,stock,recovery,mn,momentum,tune,street,acquisitions,target market,news,issues,share,shares,times
cap,links,store,watch,markets,things,subscribe,trends,updated,singh,bharti,curse,founders,today,updates,scenario,business,proof,reliance,tv,trading,apple market,website,app,network,winner,capital market,facebook,exposure,to,girik,newshour,buyer,channels,debate,play,theme,decline,interview,airtel,stay,update,portfolio,inflation,commodity,media,varun,stocks,retail,financials,stock,download,twitter,holdings,case,conclusions,now,social,daga,trades,materials,charandeep,will,decade,news,people,android,et,google,shares,times
crore,links,store,watch,markets,challenges,subscribe,orders,updated,accounting,thursday,price,yoy,business,larsen,order,trading,website,app,network,talent,facebook,market,infrastructure,poll,profit,sn,md,east,newshour,finance,google,channels,debate,commodities,year,play,revenues,stay,tax,update,ceo,consolidated,middle,inflation,march,commodity,cr,media,apple,analysts,segment,stocks,revenue,stock,download,twitter,now,company,subrahmanyan,social,rs,figure,quarter,india,news,details,shares,sales,commodity market,et,android,interview,today,times
crore,links,store,subscribe,power,updated,market news,demand,business,limited,income,trading,covid,website,app,network,q4,facebook,market,pre,numbers,charge,newshour,roadmap,google,torrent,channels,debate,year,play,fy,revenues,cfo,stay,malik,media,apple,stocks,revenue,stock,download,results,twitter,company,torrent falls,social,operations,rs,statement,levels,news,android,shares,et,interview,lalit,times
links,store,subscribe,updated,rasayan,market news,business analysis,phase,price,growth,business,thakkar,qoq,vishal,trading,website,app,term,network,molecules,eps,numbers,q4,market,volume,facebook,profit,visibility,anupam,newshour,google,foray,channels,debate,play,cfo,stay,update,vs,cr,margins,apple,deputy,loi,stocks,media,revenue,stock,basis,download,twitter,lois,fluorination,now,company,social,rs,chemistry,quarter,contracts,set,news,details,android,shares,et,share,interview,today,times
links,store,which,subscribe,updated,business analysis,channel,updates,tv,trading,apple market,website,app,network,mirror,facebook,market,cryptocurrency,live,ideas,channels,buy,tips,play,stay,ask,portfolio,media,english,stocks,stock,download,twitter,now,social,experts,india,risk,news,android,queries,business times,et,share,google,today
links,dea,cpi,store,subscribe,updated,large,deflation,macroeconomic,months,business,tictac,trading,situation,app,network,global,facebook,numbers,types,newshour,data,economics,channels,debate,play,stay,seth,economy,supply,inflation,control,ajay,media,apple,stocks,events,strength,download,items,twitter,constraints,calculation,measures,social,april,ppi,et,wpi,india,news,pce,android,rates,part,food,google,rate,website,times
links,store,subscribe,costs,updated,analysis,road,kilogram,production,months,price,china,us,demand,tires,material,trading,covid,cases,fall,network,mirror,website,app,slowdown,capex,facebook,tyre,europe,level,investment,finance,channels,play,jk,vehicle,stay,highs,economy,media,birla,apple,stocks,money,stock,rubber,download,thailand,prices,focus,twitter,social,industry,april,lockdowns,rs,target,cvs,news,sales,android,business times,et,share,google,apollo tyres,today
links,store,stake,subscribe,updated,rasayan,business analysis,phase,today,price,plans,growth,business,trading,website,network,mirror,molecules,eps,capex,facebook,guidance,anupam,investment,channels,play,stay,ipo,margins,media,apple,segment,stocks,loi,revenue,volumes,basis,download,twitter,fluorination,company,app social,rs,customer,quarter,chemistry,potential,contracts,news,android,et,share,google,shares,times
store,petrol,subscribe,headwinds,asset,petroleum,ministry,modi,trading,quality,country,trend,stay,index,margins,revenue,download,hot,line,india,news,gains,links,motors,hikes,headlines,releases,favour,back,inflation,twitter,social,industry,tata,quarter,android,google,rise,sectors,hour,updated,years,thursday,growth,price,fuel,realisations,bank,consumer,network,opening,level,channels,april,selling,improvement,nifty,et,today,website,watching,hike,month,demand,business,highest,app,facebook,numbers,eicher,play,companies,apple,media,stocks,oil,prices,diesel,state,mirror,times
travel air,links,store,subscribe,updated,jet,hike,month,months,fuel,price,reason,domestic,routes,business,demand,consumers,day,trading,website,app,network,fare,ticket,fares,facebook,place,blanket,newshour,data,time,channels,debate,year,play,stay,march,date,media,apple,recovery,stocks,download,prices,management,twitter,tweaks,airfares,time air,industry,crude,social,aviation,airlines,india,news,android,brent,et,google,rise,agency,times
links,meetings,store,markets,challenges,subscribe,updated,years,today,us,officer,business,cio,reasons,icici,trading,apple market,website,app,network,mirror,buyers,insurance,facebook,prudential,market,speaks,life,investment,foreigners,learn,finance,fed,channels,play,chief,stay,update,economy,video,side,bounces,media,stocks,money,stock,download,twitter,social,training,chances,selling,india,news,kumar,android,et,google,region,shares,times
links,hikes,petrol,subscribe,duty,updated,relief,marketing,litre,hike,steps,petroleum,fuel,price,excise,exclusive,revision,business,consumers,ministry,freeze,trading,website,government,network,app,sources,facebook,priyadarshi,vat,states,centre,days,malayalam,newshour,loss,board,finance,pm,channels,model store,debate,play,feels,stay,taxes,companies,media,apple,stocks,oil,increase,favor,instructions,download,prices,twitter,diesel,losses,social,rs,prakash,india,details,android,et,google,today,times
bound,pathshala,store,links,subscribe,updated,analysis,price,magnitude,get,episodes,shift,trading,website,app,network,kunal,simpler,terms,range,facebook,indicator,changes,paper,rule,rsi,newshour,strategy,ranges,channels,buy,debate,play,stay,index,media,apple,questions,stocks,rules,session,stock,chart,download,strength,twitter,expert,momentum,bear,social,episode,how do,conditions,android,business times,et,google,today,paathshala
deal,links,store,subscribe,currency,updated,expectations,growth,utilization,price,result,reports,business,qoq,estimates,mahindra,trading,ebit,website,app,network,bps,terms,tech,numbers,q4,facebook,win,usd,newshour,earnings,channels,debate,play,performance,stay,transcript,margin,supply,vs,date,margins,media,apple,stocks,revenue,stock,download,results,twitter,bn,tune,street,line,social,target,news,android,issues,business times,et,share,google,attrition,today
store,fitch,petrol,subscribe,natural,petroleum,soni,ministry,trading,investment,stay,download,now,tune,ratings,fuel protest,partner,india,news,mohit,links,development,get,are,government,finance,deloitte,director,inflation,model,kirit,twitter,measures,social,android,google,updated,aadmi,price,fuel,network,days,policy,channels,economy,money,increase,gas,losses,impact,parekh,business times,et,today,website,marketing,mishra,hike,business,app,sources,facebook,corporate,debate,play,companies,fact,media,apple,stocks,oil,expert,prices,diesel,shares,pricing,mirror,times
links,store,subscribe,updated,wealth,entrepreneurship,chai,business,mukherjee,strategies,tv,trading,website,app,network,mirror,leaders,importance,facebook,portfolio investment,investment,finance,google,channels,play,tips,tomorrow,social point,catch,cfo,stay,gupta,entrepreneurs,economy,media,margins,apple,stocks,money,option,download,twitter,tune,news,android,shares,et,interview,today,times
store,subscribe,petroleum,ministry,trading,maruti,agarwal,platform,sonepat,stay,ceo,suzuki,revenue,download,rs,india,effect,news,links,facility,headlines,say,factory,drops,stock,tragedies,twitter,social,elon,android,avenue,google,export,hour,expectations,updated,fuel,price,network,sbi,site,level,mundka,channels,year,crores,tax,billion,scenarios,tweet,users,capital,parag,wheat,manufacturing,exports,et,today,website,deal,watching,business,app,fire,facebook,numbers,profit,board,earnings,models,play,companies,musk,apple,media,stocks,oil,hold,prices,kinds,people,shares,basis,mirror,times
cap,links,store,subscribe,costs,updated,commentary,deposit,growth,business,bank,income,hersh,trading,uptick,network,sbi,facebook,card,credit,life,provisions,newshour,country,channels,debate,play,exam,stay,fund,review,ipo,friday,bluechip,media,interest,apple,hindi,stocks,download,results,twitter,management,npas,app social,street,roes,line,equity,android,pat,et,google,clerk,website,times
deal,links,store,cement,subscribe,man,updated,development,analysis,group,price,business,holcim,trading,imminent,website,app,network,sources,rai,facebook,market,intraday,newshour,board,announcement,channels,debate,play,tomorrow,stay,companies,cr,media,gautam,apple,stocks,acc,offers,stock,outlay,download,assets,twitter,nayantara,beginners,social,rs,upwards,target,telugu,india,news,android,adani,et,share,google,today,times
store,funding,vedantu,subscribe,ups,hr,trading,wallets,seekers,tamanna,stay,ceo,download,job,startups,employees,distress,school,india,news,links,rituparna,igm,hundreds,bigbasket,vp,director,ciel,twitter,services,android,google,updated,chakraborty,promoter,growth,pink,guests,network,plan,council,jobs,channels,year,layoffs,work,aditya,night,executive,mission,business times,et,website,watching,rage,mishra,start,sector,slips,wells,facebook,newshour,models,debate,play,companies,startup,media,apple,stocks,founder,season,app social,thousands,narayan,ganesh,people
cash,links,watch,store,markets,subscribe,updated,views,factor,devina,business,strategies,mehra,trading,apple market,website,network,performer,facebook,market,industries,returns,countries,diversification,newshour,economics,earnings,channels,debate,play,interview,stay,inflation,bottom,media,bonds,stocks,money,stock,download,twitter,now,app social,impact,equity,risk,india,android,et,google,rate,sectors,times
meaning,links,hartman,store,wood,g7,subscribe,updated,jefferies,hedge,us,chain,energy,proof,chris woods,trading,apple market,uk,website,network,app,tech,facebook,outlook,market,profit,surge,printing,newshour,channels,debate,play,interview,pessimism,stay,chance,supply,inflation,estate,consequence,media,stocks,oil,jason,stock,money,download,twitter,now,impact,social,yous,chris,india,android,business times,et,google,rate,shakeout
links,watch,khanna,store,challenges,subscribe,future,updated,analysis,plans,price,business,weakness,qoq,consumer,acquisition,trading,ebit,website,network,campaigns,facebook,market,anuj,newshour,channels,debate,play,stay,ceo,expansion,review,was,user,vs,cr,kind,margins,media,apple,stocks,revenue,stock,basis,disruption,twitter,founder,adoption,now,download,company,app social,chairman,rs,target,india,news,details,sales,android,pat,et,share,google,shares,today,times
links,store,watch,subscribe,updated,asset,analysis,baroda,sector,loan,price,result,business,bank,income,bob,trading,website,app,network,metrics,bps,quality,q4,facebook,profit,public,provisions,md,newshour,loss,chadha,channels,debate,year,play,interview,round,stay,review,points,back,march,margin,cr,margins,media,interest,apple,stocks,lender,sanjiv,stock,increase,basis,results,twitter,download,social,rs,versus,quarter,period,news,android,improvement,profitability,et,share,google,today,times
links,store,which,subscribe,updated,business analysis,channel,updates,tv,trading,apple market,website,app,network,mirror,facebook,market,cryptocurrency,live,ideas,channels,buy,tips,play,stay,ask,portfolio,media,english,stocks,stock,download,twitter,now,social,experts,india,risk,news,android,queries,business times,et,share,google,today
crore,links,store,subscribe,updated,asset,jump,price,result,officer,business,bank,non,filing,income,trading,website,app,network,quality,q4,facebook,numbers,managing,profit,bandhan,md,newshour,channels,debate,year,play,chief,stay,ceo,chandra,director,march,media,multi,interest,apple,shekhar,stocks,stock,download,results,ghosh,twitter,assets,now,npas,social,rs,target,quarter,period,executive,news,android,improvement,et,share,google,today,times
links,store,subscribe,updated,analysis,growth,yoy,price,business,consumers,estimates,ebitda,non,shift,trading,covid,network,maharashtra,performance today,karnataka,facebook,stores,cost,clarity,merchandise,commerce,newshour,channels,debate,play,performance,stay,expansion,margin,quarters,inflation,media,apple,optimization,stocks,revenue,stock,wave,download,twitter,management,app social,impact,line,news,avenue,details,sales,android,et,share,google,website,times
links,store,subscribe,trends,updated,entrepreneurship,venkatesan,today,business,energy,planet,guests,trading,alliance,website,app,network,mirror,leaders,speaker,global,facebook,investment,lot,finance,channels,play,tomorrow,catch,stay,sets,economy,vignette,media,apple,stocks,money,download,entrepreneur,twitter,season,founder,chairman,ravi,tune,social,skill,career,people,news,mass,android,et,google,shares,times
crore,links,watch,store,subscribe,updated,headwinds,analysis,digital,price,result,business,ebitda,esports,trading,covid,website,network,sports,technologies,gaming,q4,facebook,profit,guidance,platform,newshour,earnings,channels,debate,year,play,interview,change,stay,march,friday,media,apple,segment,stocks,increase,revenue,money,download,results,twitter,company,policies,app social,impact,operations,rs,statement,seasonality,quarter,period,india,news,android,environment,et,share,google,today,times
substandard,links,store,arai,subscribe,govt,power,updated,dunlop tires,fuel,car,apollo,domestic,exclusive,business,ministry,curb,michelin,trading,forces,government,network,app,heavy,sources,facebook,industries,market,cost,appliances,tyre,bharat,pakistan,consultation,newshour,country,channels,vehicles,jk,debate,play,feels,stay,lines,sameer,vs,atma,media,apple,rating,stocks,download,dixit,twitter,season,ratings,use,industry,social,tyres,information,standard,details,star,efficiency,android,et,mission,google,website,times
arm,crore,rises,organics,store,capacity,subscribe,phenol,updated,links,analysis,specialty,butyl,price,business,niche,realizations,trading,website,app,network,capex,facebook,plant,guidance,investment,newshour,expenses,channels,debate,year,play,stay,review,back,margins,media,apple,volumes,stocks,revenue,stock,chemicals,basis,results,twitter,download,company,times,social,rs,news,android,pat,et,share,google,rise,today,products
store,players,subscribe,headwinds,problems,months,china,chain,rac,trading,covid,components,guidance,stay,cr,margins,revenue,download,results,rs,news,sales,links,share,costs,commentary,analysis,customers,amber,q4,brands,pressures,mix,stock,twitter,jul,social,industry,enterprises,quarter,set,android,google,b2b,units,consensus,challenges,updated,price,input,summers,estimates,network,days,channels,operating,bottomline,geo,tax,volumes,trade,constraints,product,lag,et,today,website,yoy,result,demand,business,shortages,pressure,app,numbers,facebook,market,jun,profit,surge,newshour,debate,play,supply,apple,media,stocks,mn,management,focus,company,lockdowns,issues,cost,times
deal,links,store,markets,cement,subscribe,buddha,buddhist,asset,updated,headlines,baroda,jump,lic,business,ceremony,holcim,day,bank,culture,tv,modi,trading,website,par,network,discount,insurance,quality,facebook,market,centre,bandhan,newshour,pm,corporation,debut,listing,listen,channels,debate,play,tomorrow,foundation,stay,international,stone,stories,heritage,media,apple,trade,stocks,maker,download,twitter,bn,dalal,ratio,app social,street,headline,times life,nepal,grey,headlines today,india,set,news,android,purnima,adani,et,google,shares,times
meaning,store,subscribe,group,officer,brand,trading,loyalty,explanation,goa,sinha,chief,stay,ceo,president,vineeta,ajay,download,sugar,india,news,links,famous,singh,awareness,kakar,captains,tac,que,join,havas,partha,journey,cosmetics,vp,model,birla,hindi,twitter,social,industry,anniversary,android,sonali,google,updated,network,krishna raj,channels,performance,aditya,innovations,capital,advertising,cco,equity,brand equity,martin,et,website,today,marketing,definition,sorrell,business,app,facebook,play,kamble,media,conversation,apple,stocks,founder,relevance,club,shares,mirror,times
links,participants,store,subscribe,updated,month,china,price,gmp,lic,business,investors,day,strategies,trading,apple market,website,network,discount,prediction,facebook,insurer,newshour,listing,strategy,policy,channels,debate,issue,tomorrow,play,stay,life size,etc,ipo,review,date,media,interest,stocks,download,twitter,gain,return,app social,rs,india,news,android,rates,et,share,google,today,times
pai,links,store,watching,subscribe,trends,bang,future,analysis,updated,market news,institutional,business,trading,apple market,website,mirror,facebook,record,market,ukraine,way,equities,finance,metals,channels,play,trend,tips,war,stay,projections,economy,inflation,commodity,media,stocks,correction,oil,stock,increase,download,mr,twitter,grains,prices,times,beginners,band network,app social,crash,levels,news,android,nirmal,russia,india,et,patterns,google,shares,food,today,studies
mumbai city,links,store,leader,subscribe,updated,entrepreneurship,owner,group,revolution,landscape,business,masterclass,guests,trading,website,app,vora,awards,award,leaders,network,mirror,facebook,joint,md,channels,play,mumbai,tomorrow,tips,stay,ceo,entrepreneurs,whiteoak,s10,debt,investments,media,apple,stocks,spotlight,download,twitter,amisha,season,capital,startups,management,times,social,episode,show,equity,news,android,et,google,today,aashish
competitors,deal,links,stake,players,cement,watching,subscribe,future,moves,updated,store,speculation,sector,price,business,group analysis,trading,website,network,exception,entry,facebook,market,takeover,finance,country,channels,play,stay,companies,buys,port,gautam,media,discussion,possibilities,stocks,acc,apple,download,twitter,app social,industry,experts,take,target,cements,india,wilmar,news,aggarwal,set,android,adani,et,share,google,mirror,times
meaning,store,approval,subscribe,secretaries,closure,group,notes,fluorocarbons,ministry,trading,corporation,stay,hindustan,fertiliser,download,line,india,news,links,privatisation,development,textile,ltd,decision,handicrafts,petrochemical,credit,finance,cotton,pharma,privatization,week,twitter,social,enterprises,sale,android,handlooms,google,june,jute,sectors,disinvestment,export,stake,updated,officers,national,discussions,network,dipam,commerce,policy,channels,manufacturers,chemicals,psu,cabinet,et,website,affairs,sector,business,app,cel,facebook,corp,niti,newshour,debate,consultations,committee,play,guarantee,others,inter,apple,media,stocks,state,times
help,urge,store,answer,approval,things,subscribe,links,end,securities,rungta,updated,harsh,today,loan,business,advisor,banks,vardhan,trading,website,app,network,harshvardhan,facebook,card,market,credit,days,payments,click,newshour,conquer,google,channels,debate,play,performance,stay,forgiveness,debt,video,media,interest,problem,beware,stocks,apple,money,procedure,download,assets,twitter,founder,well,debts,times,social,episode,et,show,only,period,institutions,news,android,fee,rates,solutions,roongta,funds,life time,ad,yes
links,store,markets,subscribe,consist,updated,pop,sector,price,gmp,lic,business,allotment,trading,app,term,network,insurance,facebook,insurer,profit,tamil,hai,no,kya,life,malayalam,public,newshour,corporation,listing,channels,debate,play,tomorrow,stay,aditya,ipo,review,portfolio,date,investments,media,apple,investor,stocks,money,stock,book,download,twitter,holdings,tune,gain,social,shah,anil,kaise,telugu,show,equity,launch,news,details,android,ones,jst,et,share,google,website,times
journal,links,store,markets,subscribe,indices,securities,updated,views,us,misra,business,day,rally,trading,weeks,fall,network,apple market,jones,app,website,facebook,record,market,comeback,investment,newshour,strategy,channels,debate,play,stay,update,bell street,video,week,friday,media,cues,share,trade,dow,correction,stocks,stock,expert,download,twitter,wall,steak,street,social,priya,losing,red,td,high,news,st,android,action,shares,et,stockmarket,google,today,times
links,topic,store,petrol,subscribe,updated,group,degrees,price,demand,business,energy,north,suc,mercury,trading,delhi,network,mayank,app,space,look,tech,facebook,roof,co,agarwal,mercy,newshour,roadmap,delivery,way,channels,debate,play,stay,humsafar,pump,consumption,temperatures,inflation,startup,trips,model,media,ev,amidst,stocks,apple team,spotlight,download,diesel fuel,how,twitter,founder,tune,diesel,company,times,social,okara,episode,electricity,dispensers,india,news,android,crisis,et,partners,google,website,kakkar
links,areas,store,subscribe,development,updated,grips,rajasthan,bay,imd,orange,updates,business,north,rk,heat,trading,delhi,network,alert,website,app,winds,cloud,facebook,prediction,anand,temperature,heatwaves,punjab,newshour,senior,google,country,time,channels,debate,play,tomorrow,kerala,stay,update,bengal,south,parts,media,apple,cover,stocks,convection,scientist,wave,download,disturbance,twitter,thunderstorms,monsoon,heatwave,social,daanish,et,india,haryana,news,android,conditions,do,interview,today,times
deal,links,store,stake,cement,development,subscribe,updated,group,sector,infra,today,business,holcim,offer,trading,shree,website,app,network,entry,space,sources,facebook,newshour,google,tamanna,debate,channels,play,stay,companies,inamdar,gautam,media,apple,stocks,acc,session,download,twitter,half,diligence,now,chairman,tune,social,industry,anil,materials,executive,india,set,premium,complications,mean,android,adani,et,interview,firm,times
nandakumar,export,bans,store,links,markets,development,subscribe,updated,production,implications,analyst,spurt,demand,business,ban,worldwide,import,trading,website,app,network,government,facebook,mismatch,record,wake,former,dua,surge,ukraine,commerce,agriculture,newshour,tamanna,debate,play,channels,policy,stay,back,supply,ex,inamdar,ajay,media,crop,sharma,apple,stocks,increase,option,download,twitter,prices,spite,tune,impact,wheat,secretary,social,may,exports,india,levels,news,android,high,crisis,russia,et,effect,google,food,imbalance,times
shorts,news,video camera,phone,stocks,upload,today
links,cryptos,hikes,store,screener,markets,subscribe,gold,indices,updated,analysis,nasdaq,growth,makers,bitcoin,us,updates,business,trading futures,drag,pressure,app,network,tech,facebook,market,usd,dollar,newshour,fed,channels,debate,commodities,tracker,sgx,play,stay,hang,back,inflation,index,media,cues,apple,recovery,oil,stocks,stock,expert,download,twitter,rebound,handover,social,news,android,gains,nifty,et,share,google,rate,website,times
crore,links,store,subscribe,schools,updated,analysis,month,hike,growth,price,demand,business,office,vip,trading,covid,restrictions,app,network,facebook,numbers,industries,pre,travel,opening,base,newshour,loss,journey,strategy,channels,debate,year,play,stay,review,march,margins,turnaround,media,apple,recovery,stocks,revenue,stock,basis,download,twitter,company,social,industry,rs,quarter,luggage,levels,news,android,et,share,google,website,times
links,watch,store,markets,subscribe,updated,arora,samir,months,us,decouple,lic,business,consumer,news times,helios,trading,weeks,manager,term,network,technology,app,website,capital market,facebook,market,newshour,google,channels,debate,play,stay,fund,themes,ipo,investments,media,apple,stocks,correction,financials,download,twitter,capital,founder,now,social,volatility,settles,india,android,et,share,interview,sectors,times
crore,links,store,watch,subscribe,updated,today,yoy,business,income,trading,website,network,rai,facebook,profit,investment,newshour,finance,channels,debate,year,play,interview,nim,stay,economy,director,points,march,margin,union bank,media,interest,apple,stocks,money,basis,download,twitter,reporting,ratio,app social,rs,quarter,india,news,android,profitability,et,google,rise,rajkiran,shares,times
links,store,valuations,downstream,subscribe,updated,analysis,monday,month,price,sell,business,trading,apple market,app,network,capex,q4,facebook,industries,market,outlook,aluminium,days,newshour,ideas,upside,earnings,strategy,q3,channels,debate,play,metals,ownership,stay,jp,highs,relative,vs,index,margins,media,morgan,stocks,dii,stock,expert,results,twitter,download,averages,peers,company,times,social,rs,novelis,target,levels,news,android,nifty,et,share,google,website,hindalco
crore,links,store,stake,subscribe,updated,run,exchange,market news,bidding,today,lists,price,lic,investors,business,day,offer,note,trading,apple market,website,app,network,government,discount,insurance,portion,cent,facebook,life,newshour,listing,channels,debate,issue,play,state corporation,amount,stay,ipo,media,english,stocks,stock,download,twitter,times,social,recommendations,experts,rs,target market,stockmarket,news,android,et,share,google,insight,shares,behemoth
links,store,which,subscribe,updated,business analysis,channel,updates,tv,trading,apple market,website,app,network,mirror,facebook,market,cryptocurrency,live,ideas,channels,buy,tips,play,stay,ask,portfolio,media,english,stocks,stock,download,twitter,now,social,experts,india,risk,news,android,queries,business times,et,share,google,today
links,inventories,store,orders,instruments,subscribe,aeronautics,updated,result,business,property,trading,website,app,network,q4,facebook,outlook,market,plant,profit,surge,newshour,channels,debate,year,play,interview,hindustan,preview,amount,expenditure,stay,hal,cr,media,apple,trade,stocks,download,results,twitter,lease,assets,now,social,rs,cmd,quarter,madhavan,period,news,details,sales,android,et,share,google,rise,today,times
links,store,subscribe,unit,updated,growth,yoy,result,airline,business,ebitda,trading,covid,daas,app,network,technologies,tech,q4,facebook,pre,travel,bhanu,newshour,loss,q3,channels,debate,year,play,revenues,stay,ceo,stood,travels,vs,price levels,cr,margins,apple,media,stocks,revenue,download,results,twitter,founder,martech,company,times,distribution,social,rs,chopra,quarter,period,news,details,android,ota,pat,et,share,google,shares,website,products
crore,links,store,subscribe,updated,securities,analysis,years,growth,bse,business,existence,trading,apple market,website,network,metrics,q4,cent,market,facebook,newshour,kamlesh,videos,finance,google,channels,year,performance,debate,play,stay,update,director,media,stocks,revenue,stock,download,results,twitter,sharemarket,company,app social,total,shah,industry,rs,quarter,india,news,android,et,share,interview,today,times
civil,links,watch,store,orders,cabling,subscribe,updated,times group,analysis,vimal,price,rpg,segments,business,marketplace,ltd,trading,website,app,network,facebook,market,infrastructure,americas,hydrocarbon,kec,centre,interview group,md,east,data,channels,play,crores,stay,ceo,international,middle,cr,projects,media,apple,railways,stocks,stock,download,prices,twitter,distribution,company,kejriwal,social,rs,transmission,india,details,android,shares,epc,et,share,google,mirror,times
motors,links,hikes,store,funding,subscribe,updated,analysis,group,pb,plans,price,business,input,trading,where,network,app,capex,facebook,semiconductor,cost,interview group,newshour,foray,channels,debate,tips,opex,play,funds,cfo,stay,update,debt,kind,media,margins,ev,stocks,verticals,increase,stock,balaji,download,twitter,now,company,impact,social,tata,interaction,target,apple,news,details,android,crisis,shares,et,share,google,come,website,times
links,store,markets,subscribe,valuation,updated,wealth,views,arora,samir,price,lic,business,investors,day,hersh,trading,helios,key,app,network,metrics,mirror,website,facebook,market,elara,ladha,investment,debut,shenoy,listing,finance,google,buy,channels,tips,madhukar,play,stay,update,mind,economy,ipo,review,haria,media,apple,stocks,deepak,money,stock,download,twitter,capital,social,wise,policy analysis,greenedge,india,regard,news,android,shares,business times,et,share,summary,today,times
links,watching,store,pandey,subscribe,updated,price,lic,business,ceremony,role,filing,modi,trading,website,buyers,app,network,mirror,dipam,regulator,insurance,reality,papers,facebook,numbers,market,sebi,kanta,speaks,countries,pm,listing,country,channels,play,stay,update,ipo,companies,date,media,apple,stocks,download,mr,twitter,company,secretary,social,conditions,launch,news,android,et,google,rate,today,times
links,store,subscribe,expectations,updated,asset,sector,rbi,repo,business,das,banks,bank,heads,trading,bob,apple market,app,network,mirror,sbi,website,bps,quality,facebook,meet,market,credit,public,investment,mpc,way,finance,boi,channels,lending,mumbai,play,stay,economy,review,pnb,indian,media,stocks,money,increase,download,flow,twitter,social,central,governor,banking,news,android,shares,rates,india,et,google,rate,today,times
links,export,store,letter,subscribe,govt,updated,today,business,notification,order,trading,cases,website,government,network,mirror,relaxation,app,situation,facebook,permission,governments,restriction,allows,credit,requests,countries,centre,systems,investment,security,finance,country,examination,channels,needs,play,kanda,stay,commitments,economy,situations,port,media,apple,trade,stocks,money,egypt,download,twitter,kandla,wheat,social,mt,customs,exports,consignments,india,news,android,consignment,et,google,food,shares,times
links,store,markets,subscribe,bajaj,vice,updated,voices,lic,business,banks,bond,trading,website,activity,network,mirror,rates,rai,facebook,speaks,investment,should,finance,google,time,channels,play,year,recession,stay,fiscal,economy,ipo,president,inflation,media,apple,stocks,sanjiv,download,twitter,capital,measures,resident,nayantara,times,app social,inc,how do,india,news,android,cii,et,interview,today,rbi
links,store,subscribers,subscribe,mobile,updated,costs,analysis,hike,growth,today,analyst,price,result,business,estimates,ebitda,tariff,trading,website,network,mirror,q4,facebook,numbers,profit,arpu,base,investment,finance,expenses,channels,play,airtel,crores,stay,economy,back,media,apple,segment,stocks,revenue,stock,download,results,twitter,peers,company,times,app social,rs,quarter,operator,india,set,news,android,gains,front,et,share,google,shares,bharti
links,store,options,categories,subscribe,number,updated,santosh,business,trading,website,app,network,schemes,facebook,types,newshour,google,channels,debate,play,stay,fund,risks,debt,advice,media,apple,stocks,money,download,twitter,social fund,tune,bifurcations,episode,coo,show,equity,news,android,hybrid,et,funds,today,times
capacity,goods,cpi,medium,orders,store,subscribe,links,updated,bearings,production,market news,manpower,fasteners,consumers,material,trading,website,fall,network,app,small business,components,facebook,cartons,reserve bank,types,delays,time,channels,play,decline,stay,clients,manufacturers,economy,companies,inflation,refrigerators,micro,media,apple,advance,volumes,stocks,new,download,twitter,prices,impact,social,negotiations,et,enterprises,shortage,wpi,india,android,packaging,ones,food,patterns,google,rate,mirror,times
links,store,subscribe,experiences,updated,business,order,trading,website,amit,network,app,facebook,decisions,advisory,life,detail,newshour,time,channels,debate,play,stay,habits,situations,person,media,apple,biases,stocks,money,events,download,twitter,founder,peers,losses,social,episode,show,experience,news,android,et,share,google,today,times
links,watching,bleaker,markets,store,subscribe,trends,updated,analysis,years,patterns,price,business,reasons,parsons,trading,website,situation,app,network,mirror,jones,facebook,market,expertise,states,speaks,days,ukraine,channels,play,trend,united,host,war,globe,commodities,stay,projections,person,inflation,nick,media,apple,dow,stocks,correction,oil,stock,indicators,download,twitter,prices,beginners,social,experts,matter,crash,news,android,russia,shares,alex,et,share,google,today,times
deal,links,store,manish,development,question,subscribe,updated,series,month,effort,today,price,miami company,business,offer,head,trading,website,app,network,tweets,mirror,technology,facebook,accounts,takeover,conference,platform,twist,investment,finance,debate,saga,channels,play,stay,ceo,tesla,economy,agrawal,musk,media,microblogging,apple,summit,stocks,money,hint,download,twitter,founder,tune,parag,social,statement,india,maheshwari,news,hours,android,elon,bots,et,google,shares,times
store,size,subscribe,advisor,trading,pranav,insurer,corporation,chief,stay,capitalisation,download,mr,now,gain,tune,line,kaise,rs,telugu,india,news,gains,links,share,crore,development,valuation,independent,gmp,investors,term,hai,life,debut,listing,prime,majority,ipo,review,twitter,haldea,dalal,chairman,social,industry,android,google,pandey,database,updated,expectations,growth,price,lic,network,discount,dipam,tamil,md,channels,aditya,right,capital,equity,et,times,today,website,business,day,app,insurance,abhishek,facebook,market,kanta,kya,strategy,debate,play,issue,date,apple,media,stocks,expert,focus,street,secretary,anil,launch,ipos,kumar,shares,mirror,lakh
crore,links,store,manchanda,subscribe,updated,dr,analysis,price,business,trading,website,app,network,q4,facebook,january,profit,newshour,roadmap,path,channels,debate,year,play,stay,review,director,march,media,apple,om,stocks,lal,revenue,stock,labs,results,twitter,download,company,social,operations,rs,statement,target,quarter,prakash,period,news,details,android,shares,et,share,google,today,times
links,store,point,markets,screener,subscribe,economies,updated,analysis,falls,nasdaq,makers,updates,business,bank,positivity,trading,apple market,pressure,website,network,app,facebook,market,tuesday,dollar,newshour,fed,channels,debate,commodities,tracker,sgx,play,stay,though,index,inflation,media,cues,trade,stocks,oil,recovery,stock,expert,download,twitter,prices,momentum,asia,handover,rebound,social,central,levels,news,android,nifty,rates,chair,et,share,google,today,times
look,shorts,video camera,films,upload,cannes,phone
cigarette,links,watch,store,kirana,subscribe,updated,analysis,growth,price,result,demand,business,ebitda,grocery,hotel,businesses,trading,ebit,website,app,network,shops,agri,q4,volume,outlook,facebook,stores,to,purpose,paper,newshour,digit,channels,debate,play,pent,stay,factors,review,margin,dividend,mix,margins,media,apple,stocks,recovery,stock,inroads,results,twitter,download,distribution,social,target,exports,news,details,android,mobility,improvement,et,share,google,today,times
cash,cap,flows,store,links,markets,subscribe,pratik,updated,business,scenario,investors,trading,website,app,network,mirror,slowdown,facebook,market,investment,equities,finance,earnings,google,channels,country,tips,wait,play,pharma,stay,opportunities,gupta,economy,safer,media,stocks,money,stock,it,download,apple eyes,twitter,now,beginners,reward,social,crash,india,news,android,shares,risk,premium,et,share,times,bet,today,downgrades
acute,crore,links,watch,store,subscribe,updated,analysis,vohra,innovation,prescription,growth,analyst,price,result,business,trading,covid,umang,website,vora,network,mirror,global,trajectory,q4,facebook,poll,profit,tuesday,md,google,channels,play,year,pharma,stay,ceo,portfolio,march,date,media,apple,stocks,revenue,stock,drop,download,results,twitter,estimate,profits,now,company,cipla,takeaway,drug,milestone,operations,rs,app social,figure,target,quarter,therapy,india,news,android,et,share,interview,today,times
links,export,hikes,store,orders,watch,subscribe,sanjay,updated,hike,delay,price,ganapathi,demand,business,material,are,ltd,trading,sivaramakrishnan,website,uptick,hits,network,mirror,app,facebook,outlook,market,industries,md,oct,time,records,channels,cotton,play,stay,clients,companies,concern,sense,crop,media,apple,stocks,jain,increase,download,reduction,prices,twitter,any,impact,social,exports,tt,high,information,news,india,details,record,android,et,share,google,today,times
store,minster,duty,subscribe,consideration,steps,ministry,farmer,trading,september,mumbai,suresh,stay,download,agriculture secretary,contracts,india,rates,links,textile,exclusive,situation,decision,government,amid,textiles,yields,punjab,members,cotton,sameer,apparel,commissioner,bills,twitter,measures,social,industry,yarn,android,details,google,export,stake,man,grain,updated,production,price,domestic,quintal,representatives,network,industries,council,union,channels,though,support,dixit,meeting,exports,et,today,website,piyush,priority,demand,business,india pakistan,goyal,import,app,member,minister,facebook,exemption,market,newshour,debate,committee,play,issue,supply,apple,media,stocks,prices,traders,may,basis,kotak,times
links,rises,store,markets,subscribe,updated,inventory,specialty,growth,analyst,price,result,business,estimates,ebitda,trading,website,app,network,facebook,plant,guidance,newshour,channels,care,developed,concerns,year,debate,play,stay,points,inflation,side,margins,media,apple,surfactants,stocks,preservatives,revenue,volumes,egypt,basis,results,twitter,management,download,company,times,social,rs,manufacturing,news,android,galaxy,gains,et,share,google,mt,age,products
links,watch,liquidity,markets,caps,subscribe,subramanian,updated,store,sector,subramanyam,growth,rise,business,sundaram,trading,website,app,mf,network,facebook,market,outlook,sunil,md,time,channels,play,interview,stay,ceo,fund,themes,media,apple,recovery,correction,stocks,download,twitter,prices,now,social,volatility,android,et,it,google,subramaniam,mirror,times
links,store,which,subscribe,updated,business analysis,channel,updates,tv,trading,apple market,website,app,network,mirror,facebook,market,cryptocurrency,live,ideas,channels,buy,tips,play,stay,ask,portfolio,media,english,stocks,stock,download,twitter,now,social,experts,india,risk,news,android,queries,business times,et,share,google,today
deal,crore,store,watch,cement,links,subscribe,costs,updated,net,analysis,space mirror,result,holcim,trading,website,app,network,q4,facebook,outlook,profit,ed,tushar,channels,play,year,stay,march,media,business times,apple,stocks,download,results,twitter,company,social,rs,quarter,consolidation,news,sales,star,android,adani,et,share,google,today
crore,links,players,store,subscribe,updated,analysis,taco,growth,price,gmp,business,day,ltd,trading,apple market,website,app,network,situation,bell,q4,volume,facebook,numbers,profit,sri,franchisee,newshour,loss,channels,concerns,year,debate,play,stay,kfc,ipo,review,media,pizza,hut,stocks,download,twitter,management,company,sapphire,social,foods,operations,rs,target,india,set,news,hours,gains,android,et,share,google,today,times
store,subscribe,securities,long play,bse,trading,average,view,stay,cuts,index,chart,download,india,levels,news,links,share,bottoming,hikes,valuation,loading,analysis,term,inflation,english,charts,stock,twitter,case,social,bofa,crude,crash,android,google,june,updated,beats,us,updates,bank,estimates,network,returns,videos,channels,tips,nifty,et,website,today,hike,business,scenario,app,prints,facebook,market,base,newshour,debate,tomorrow,media,apple,stocks,prices,downside,shock,july,shah,may,target,multiple,risk,rate,times
deal,links,watch,medium,store,subscribe,updated,analysis,growth,pricing,business,revisions,trading,website,app,term,network,metrics,technologies,mirror,tech,q4,range,client,facebook,md,strategy,channels,play,teen,wins,social point,stay,clients,ceo,ajay,margins,media,apple,stocks,verticals,it,download,results,twitter,now,company,impact,et,target,news,android,zensar,share,google,today,times
store,subscribe,end,road,pointers,months,apollo,consumers,move,trading,heavy,terms,quality,pakistan,jk,stay,download,imports,ratings,india,star,links,skid,govt,car,exclusive,tyre,technical,noise,vehicle,benchmark,director,twitter,c3,social,industry,parameters,conditions,android,grip,google,categories,c1,updated,owner,fuel,limited,consumer,michelin,network,technology,initiative,industries,chat,channels,vehicles,c2,rating,money,story,weight,efficiency,cargo,et,website,dunlop tires,sector,misra,business,app,friction,slippery,facebook,newshour,debate,play,change,apple,media,stocks,season,tyres,information,cost,times
crore,links,watch,store,subscribe,costs,updated,analysis,pvr,price,result,occupancy,limited,leisure,business,trading,tandon,covid,website,network,mirror,cinema,alok,karnataka,q4,facebook,kalaburagi,expenses,channels,play,year,stay,ceo,south,media,apple,stocks,basis,results,twitter,download,multiplex,now,losses,company,orchid,app social,operations,rs,target,quarter,period,levels,news,android,ncr,inox,mall,et,share,google,theatre,region,today,times
links,store,financial,subscribe,updated,analysis,talks,growth,yoy,result,aspects,business,trading,website,app,network,q4,facebook,neobank,newshour,open,finance,country,channels,lending,debate,play,stay,sections,vision,initiatives,media,apple,stocks,jain,download,results,microfinance focus,twitter,founder,mr,company,jv,focus,direction,social,target,partner,news,android,nirmal,pat,et,share,google,today,times
links,nifty numbers,store,watching,bridge,casinos,subscribe,number,updated,end,analysis,hour,headlines,tandem,markets,realty,bharti,makers,occupancy,business,banks,online,bank,tv,trading,website,america,pressure,network,mirror,app,gaming,awaaz,q4,numbers,market,gst,september,facebook,tuesday,chess,channels,play,tips,year,performance,q2,airtel,q1,stay,points,quarters,media,apple,stocks,revenue,stock,download,twitter,psu,cnbc,gain,social,target,exports,set,news,android,environment,half,et,share,google,rate,today,times
sum,links,store,sufficient,things,subscribe,updated,variant,family,group,basics,business,reasons,necessity,employer,trading,website,app,network,healthcare,insurance,importance,individual,facebook,plan,tamil,days,newshour,members,illness,policy,channels,care,debate,play,change,stay,health,media,apple,cover,stocks,instances,money,disease,download,twitter,benefit,company,employees,social,episode,diseases,show,emergency,crutch,people,news,android,employee,cost,et,google,rise,today,times
links,store,th,markets,which,subscribe,question,updated,asset,month,santosh,business,investors,tools,find,world,trading,website,invest,network,app,facebook,market,exposure,money market,pakistan,sips,newshour,data,equities,opportunity,channels,debate,play,stay,fund,portfolio,investments,media,apple,stocks,correction,money,stock,drop,download,twitter,social,episode,april,pf,coo,experts,show,equity,india,churn,crash,android,et,google,rise,today,times
penny,links,affairs,store,financial,mills,subscribe,updated,sector,production,business,ministry,cooperative,consumer,fm,trading,website,app,network,mirror,speciality,maharashtra,karnataka,minister,crushing,meet,facebook,record,up,states,credit,sugars,level,lakh,oct,finance,channels,play,department,renuka,sugarcane,expenditure,stay,economy,media,apple,grants,stocks,money,stock,download,twitter,services,season,meeting,gujarat,secretary,social,industry,sugar,tonnes,may,india,sugar sugar,news,haryana,issues,shares,android,et,availability,google,food,today,times
meaning,links,survey,store,subscribers,development,subscribe,updated,mobile,frequency,indians,business,root,day,scam,bank,trading,circles,app,scams,privacy,network,feature,insurance,cent,facebook,accounts,newshour,data,tamanna,debate,channels,issue,play,telemarketing,lack,majority,etc,stay,estate,inamdar,media,apple,discussion,disturb,stocks,download,twitter,founder,services,tune,block,social,calls,et,study,spam,india,sachin,android,loans,do,google,website,times
links,store,casinos,development,subscribe,structures,updated,ministers,categories,group,sector,challenge,implications,growth,race,business,games,online,esports,trading,network,gaming,cent,facebook,entails,gst,council,uniformity,co,rule,days,lokesh,newshour,announcement,senior,brunt,debate,channels,play,gom,tax,update,opportunities,stay,consultant,media,apple,stocks,jain,download,twitter,founder,tune,company,app social,surati,industry,slab,regime,india,courses,set,android,consulting,et,google,rate,website,times
