survey,masjid,subscribe,innovation,channel,button,aaj,tak,walks,world,tv,website,good,triumph,icon,network,app,hd,gnt,audiences,initiative,place,heart,push,instagram,gloomy,life,hope,dilli,channels,mosque,mobile press,bell group,follow,video,breaking,goodwill,stories,foster,inspiration,side,hindi,motto,astro,download,twitter,case,row,the facebook,khabar,india,dark,news,part,information,so sorry,notifications,today,hc
wali,subscribe,innovation,channel,button,aaj,tak,walks,world,tv,website,good,triumph,icon,network,app,hd,gnt,audiences,initiative,place,congress,heart,push,instagram,gloomy,life,hope,dilli,channels,mobile press,bell group,follow,video,breaking,goodwill,stories,foster,inspiration,smile,hindi,motto,side,astro,download,twitter,the facebook,khabar,india,bjp,news,dark,part,information,so sorry,notifications,today
wali,subscribe,innovation,channel,button,aaj,tak,walks,world,tv,website,good,triumph,icon,network,app,hd,gnt,audiences,initiative,place,congress,heart,push,instagram,gloomy,life,hope,dilli,channels,mobile press,bell group,follow,video,breaking,goodwill,stories,foster,inspiration,smile,hindi,motto,side,astro,download,twitter,the facebook,khabar,india,dark,news,part,information,so sorry,notifications,today
palm,man,subscribe,plane crash,atc,innovation,channel,button,chai,aaj,tak,walks,world,tv,beach,website,good,par,triumph,icon,network,app,hd,gnt,audiences,initiative,place,lands,heart,push,instagram,gloomy,life,jets,hope,dilli,channels,mobile press,bell group,trainee,air,audio,student,follow,video,goodwill,stories,foster,inspiration,side,hindi,motto,astro,pilot,airplane,download,twitter,passenger,florida,training,fighter,the facebook,khabar,india,dark,news,part,information,australia,so sorry,notifications,today,force
wali,subscribe,news channel,innovation,channel,button,aaj,tak,walks,world,tv,website,good,triumph,icon,network,app,hd,gnt,audiences,initiative,place,heart,push,instagram,gloomy,life,hope,dilli,channels,mobile press,bell group,follow,video,breaking,goodwill,stories,foster,inspiration,smile,hindi,motto,side,astro,download,twitter,the facebook,khabar,india,launch,news,dark,part,information,so sorry,notifications,today
survey,masjid,subscribe,district,innovation,channel,button,aaj,tak,walks,world,tv,website,good,triumph,icon,network,app,hd,gnt,audiences,initiative,place,heart,push,instagram,gloomy,life,hope,dilli,channels,mosque,mobile press,bell group,follow,update,varanasi,video,goodwill,stories,foster,inspiration,side,hindi,motto,astro,download,twitter,case,special,row,court,the facebook,khabar,india,dark,news,part,information,controversy,so sorry,notifications,today
subscribe,mobile,ranil,innovation,channel,button,aaj,tak,walks,world,tv,website,good,triumph,icon,network,app,hd,minister,gnt,audiences,initiative,place,sri,heart,push,instagram,life,politician,hope,gloomy,dilli,pm,channels,wickremasinghe,bell group,follow,video,goodwill,stories,foster,inspiration,side,hindi,motto,astro,download,twitter,wickramasinghe,mangal,the facebook,lanka,khabar,wickremesinghe,india,press,news,dark,part,information,so sorry,notifications,today
wali,subscribe,news channel,innovation,channel,button,aaj,tak,walks,world,tv,website,good,triumph,icon,network,app,hd,gnt,audiences,initiative,place,heart,push,instagram,gloomy,life,hope,dilli,channels,mobile press,bell group,follow,video,breaking,goodwill,stories,foster,inspiration,smile,hindi,motto,side,astro,download,twitter,the facebook,khabar,india,launch,news,dark,part,information,so sorry,notifications,today
bulldozers,subscribe,innovation,channel,button,aaj,tak,walks,world,tv,website,good,delhi,icon,network,triumph,app,hd,gnt,audiences,initiative,place,heart,push,instagram,gloomy,life,hope,dilli,bagh,channels,mobile press,bell group,follow,video,goodwill,stories,foster,inspiration,side,hindi,motto,astro,download,twitter,sawal,the facebook,khabar,india,dark,news,bulldozer,part,action,information,so sorry,notifications,today
subscribe,toys,jurassic park,eggs,kids,innovation,island,channel,button,king,aaj,tak,check,walks,world,tv,website,good,triumph,icon,network,app,hd,gnt,audiences,initiative,place,park,heart,push,instagram,gloomy,life,hope,dilli,dinosaur,channels,mobile press,bell group,follow,life size,video,fact,goodwill,minecraft,stories,foster,inspiration,hindi,motto,side,astro,download,twitter,adventure,the facebook,khabar,giant,india,news,dark,part,information,so sorry,notifications,dinosaurs,today
plane,subscribe,hero,atc,innovation,channel,button,sacchi,aaj,tak,walks,world,tv,website,good,landing,icon,network,triumph,app,hd,gnt,the,initiative,place,facebook,lands,audiences,heart,land,push,so sorry,life,hope,instagram,gloomy,dilli,channels,mobile press,bell group,follow,video,goodwill,stories,foster,inspiration,xplane,hindi,motto,side,astro,download,twitter,passenger,florida,khabar,india,dark,news,part,information,flies,notifications,today
wali,subscribe,innovation,channel,button,aaj,tak,walks,world,tv,modi,website,good,triumph,icon,network,app,hd,gnt,audiences,initiative,place,heart,push,instagram,gloomy,life,hope,dilli,pm,channels,mp,mobile press,bell group,follow,video,breaking,goodwill,stories,foster,inspiration,smile,hindi,motto,side,astro,download,twitter,the facebook,khabar,india,launch,news,narendra,dark,part,information,so sorry,notifications,today
wali,subscribe,news channel,innovation,channel,button,marriage,aaj,tak,walks,world,tv,website,good,triumph,icon,network,app,hd,gnt,audiences,initiative,place,heart,push,instagram,gloomy,life,hope,dilli,channels,mobile press,bell group,follow,video,harda,breaking,goodwill,stories,foster,inspiration,smile,hindi,motto,side,astro,download,twitter,the facebook,khabar,india,launch,news,dark,part,information,so sorry,notifications,today
survey,masjid,subscribe,innovation,channel,button,updates,aaj,tak,walks,world,tv,website,good,triumph,icon,network,app,hd,gnt,audiences,initiative,place,heart,push,instagram,gloomy,life,hope,dilli,channels,mosque,mobile press,bell group,vishwanath temple,follow,varanasi,video,goodwill,stories,foster,inspiration,side,hindi,motto,astro,download,twitter,case,row,kashi,the facebook,khabar,verdict,india,news,dark,part,information,so sorry,notifications,today
wali,survey,subscribe,innovation,channel,button,aaj,tak,walks,world,tv,website,good,triumph,icon,network,app,hd,gnt,audiences,initiative,place,heart,push,instagram,gloomy,life,hope,dilli,channels,mosque,mobile press,bell group,follow,video,breaking,goodwill,stories,foster,inspiration,smile,hindi,motto,side,astro,download,twitter,the facebook,khabar,india,dark,news,part,information,so sorry,notifications,today
horoscope,pandey,subscribe,group,innovation,channel,button,rashi,aaj,tak,walks,world,tv,website,good,triumph,icon,network,app,hd,gnt,audiences,initiative,place,bell,heart,push,instagram,gloomy,life,hope,dilli,learn,finance,channels,luck,mobile press,shailendra,pisces,follow,pt,video,kannada,goodwill,stories,foster,inspiration,side,hindi,motto,astro,download,twitter,astrology,the facebook,khabar,india,dark,news,part,information,so sorry,notifications,today
subscribe,mobile,anoop,innovation,krishna,channel,button,bhajan,anup,aaj,tak,walks,world,tv,website,good,triumph,icon,lagi,network,app,bhajans,hd,gnt,audiences,initiative,place,heart,push,instagram,gloomy,life,hope,baat,ghazals,songs,dilli,lagan,channels,bell group,follow,video,ke,goodwill,stories,foster,inspiration,side,hindi,motto,aisi,astro,download,twitter,sandhya,the facebook,press,khabar,india,dark,news,part,information,so sorry,notifications,today
subscribe,mobile,innovation,channel,button,aaj,tak,walks,world,tv,website,good,collections,antique,master,icon,network,triumph,hd,gnt,app,initiative,mla,place,desh,audiences,heart,push,film,instagram,baat,life,hope,gloomy,dilli,channels,bell group,follow,hoon,ki,debt,video,sonu sood,collector,goodwill,stories,foster,deputy,hindi,motto,inspiration,side,astro,leica camera,download,twitter,lens,caught,the facebook,press,khabar,india,dark,news,cameras,part,information,so sorry,notifications,vintage collection,today
dam,samachar,subscribe,rescuer,innovation,river,uttarakhand,channel,button,aaj,tak,walks,world,tv,website,good,triumph,icon,network,app,hd,gnt,audiences,initiative,place,rescue,operation snake,heart,push,instagram,gloomy,life,hope,maneri,dilli,channels,akash,mobile press,bell group,follow,video,goodwill,stories,foster,inspiration,side,hindi,motto,astro,notifications,download,twitter,incident,operations,jadhav,the facebook,khabar,india,people,news,mission,dark,part,information,so sorry,teams,today
survey,masjid,history,subscribe,innovation,channel,button,aaj,tak,walks,world,tv,website,good,triumph,icon,network,app,hd,gnt,audiences,initiative,place,heart,push,instagram,gloomy,life,hope,dilli,channels,mosque,mobile press,bell group,follow,varanasi,video,goodwill,stories,foster,inspiration,side,hindi,motto,astro,download,twitter,case,special,row,videography,the facebook,khabar,verdict,dispute,news,india,dark,part,information,so sorry,notifications,today
hindu,subscribe,innovation,valley,channel,button,today,pushup,aaj,tak,check,walks,hindus,tv,world,website,good,triumph,icon,network,app,hd,gods,gnt,audiences,initiative,constitution,place,heart,push,instagram,indus,life,pakistan,hope,systems,sc,dilli,gloomy,channels,afghanistan,scriptures,religion today,factcheck,follow,reaction,mobile press,bell group,video,fact,goodwill,stories,foster,inspiration,calender,hindi,motto,side,astro,strength,download,twitter,panchang,cafe,muslim,the facebook,khabar,india,dark,st,news,part,information,so sorry,notifications,nationalism
brahmos,subscribe,innovation,channel,button,aaj,tak,walks,world,time life,test,tv,website,lunch,good,triumph,icon,missile,network,app,hd,gnt,the,initiative,place,facebook,audiences,heart,cruise,push,instagram,hope,gloomy,anti,dilli,time,channels,mobile press,bell group,air,follow,video,goodwill,stories,foster,inspiration,side,hindi,motto,astro,download,twitter,khabar,india,launch,news,dark,part,information,so sorry,notifications,today
subscribe,ranil,innovation,channel,ranil wickremesinghe,button,aaj,tak,walks,world,tv,website,good,triumph,icon,network,app,hd,gnt,audiences,initiative,place,sri,heart,push,instagram,life,hope,gloomy,dilli,pm,channels,wickremasinghe,mobile press,bell group,follow,video,goodwill,stories,foster,inspiration,side,hindi,motto,astro,download,twitter,wickramasinghe,special,the facebook,lanka,khabar,wickremesinghe,india,dark,news,part,information,so sorry,notifications,interview,today
subscribe,kashmir,kashmiri,innovation,channel,button,aaj,tak,protest,murder,walks,world,tv,website,good,triumph,icon,network,app,hd,gnt,audiences,initiative,place,heart,push,instagram,gloomy,life,hope,dilli,pandit,channels,mobile press,bell group,follow,video,goodwill,stories,foster,inspiration,side,hindi,motto,astro,download,twitter,rahul,the facebook,khabar,india,dark,news,part,information,so sorry,notifications,bhatt,today
chardham,samachar,subscribe,photo,innovation,channel,button,aaj,tak,walks,world,tv,website,good,triumph,icon,network,app,temple,yatra,gnt,hd,helicopter,initiative,place,audiences,kedarnath,heart,distance,push,life,hope,instagram,live,dilli,gloomy,channels,mobile press,bell group,follow,update,dham,video,goodwill,stories,foster,inspiration,side,hindi,motto,astro,trek,download,twitter,the facebook,khabar,india,information,news,darshan,dark,part,so sorry,notifications,aarti,today
samachar,subscribe,grips,innovation,channel,button,aaj,tak,walks,waves,tv,heat,good,website,triumph,icon,network,app,hd,gnt,audiences,initiative,place,heatwaves,heart,push,instagram,life,hope,gloomy,dilli,channels,mobile press,bell group,follow,astro world,video,weather,goodwill,stories,parts,foster,inspiration,hindi,motto,side,wave,download,twitter,heatwave,the facebook,khabar,india,dark,news,part,information,so sorry,notifications,today
subscribe,kashmir,kashmiri,innovation,channel,button,aaj,tak,walks,murder,world,tv,website,good,triumph,icon,network,app,hd,gnt,audiences,initiative,place,heart,push,instagram,gloomy,life,hope,dilli,pandit,channels,mobile press,bell group,follow,video,breaking,goodwill,stories,foster,inspiration,side,hindi,motto,astro,download,twitter,the facebook,khabar,india,launch,news,dark,part,information,so sorry,notifications,today
subscribe,innovation,ho,channel,button,aaj,tak,walks,world,tv,website,good,triumph,icon,network,app,hd,gnt,audiences,initiative,place,heart,hai,push,instagram,life,kahani,hope,gloomy,dilli,channels,mobile press,bell group,vrat,follow,ki,lunar eclipse,video,date,goodwill,stories,foster,inspiration,kab,motto,hindi,side,astro,download,twitter,the facebook,katha,baisakh,india,khabar,news,dark,purnima,part,information,so sorry,notifications,today
subscribe,pune,innovation,channel,button,chai,aaj,tak,walks,world,tv,hotel,shop,website,good,triumph,icon,network,shops,maharashtra,hd,app,gnt,the,initiative,place,facebook,audiences,heart,push,so sorry,instagram,life,hope,gloomy,tea,investment,dilli,channels,mobile press,bell group,follow,girnar,video,goodwill,stories,foster,inspiration,side,hindi,motto,astro,franchise,download,twitter,street,khabar,india,dark,news,part,information,food,notifications,today
subscribe,armenia army,innovation,channel,button,system,aaj,tak,walks,world,tv,drdo,website,good,triumph,icon,network,app,hd,gnt,audiences,initiative,place,heart,push,instagram,gloomy,life,hope,dilli,swathi,channels,mobile press,bell group,follow,video,goodwill,stories,foster,inspiration,side,hindi,motto,astro,download,twitter,weapon,swati,radar,the facebook,khabar,india,dark,news,part,information,action,so sorry,notifications,today
roadies,subscribe,mobile,sonu,innovation,channel,button,tiwari,nodo,updates,aaj,tak,walks,world,tv,website,good,triumph,icon,network,app,hd,gnt,audiences,initiative,place,bag,heart,gud,push,instagram,life,hope,gloomy,dilli,bollywood,channels,vee,bell group,audio,follow,video,gee,sonu sood,goodwill,stories,foster,inspiration,side,hindi,manoj,gudi,motto,astro,dixit,download,twitter,ravi,ragu,manoj sood,episode,the facebook,kishan,press,khabar,india,dark,news,part,information,goody,so sorry,notifications,google,sedi,today
watch,subscribe,news channel,mobile,group,innovation,channel,aaj,tak,walks,world,online,tv,website,good,triumph,network,app,hd,gnt,audiences,initiative,place,facebook,heart,instagram,gloomy,life,tez,hope,live,dilli,channels,follow,breaking,goodwill,stories,foster,inspiration,side,hindi,motto,download,twitter,khabar,india,dark,news,part,information,so sorry,today
wali,watch,subscribe,news channel,innovation,channel,button,aaj,tak,walks,world,online,tv,website,good,delhi,icon,network,triumph,app,hd,gnt,audiences,initiative,place,heart,push,instagram,gloomy,life,tez,hope,live,dilli,streaming,channels,mobile press,bell group,follow,video,breaking,goodwill,stories,foster,free,smile,hindi,motto,inspiration,side,download,twitter,the facebook,khabar,india,dark,news,part,information,so sorry,notifications,today
subscribe,family,innovation,channel,button,racket,aaj,tak,protest,walks,world,overdose,tv,farmer,website,good,delhi,icon,network,triumph,app,hd,gnt,airport,initiative,place,audiences,heart,push,so sorry,instagram,news18,life,hope,live,punjab,dilli,gloomy,channels,mobile press,bell group,air,follow,video,goodwill,stories,foster,inspiration,side,hindi,motto,astro,download,twitter,girl,murder police,drug,pollution,youtube,drugs,the facebook,khabar,haryana,india,news,dark,part,information,miracle,notifications,today
wali,subscribe,news channel,innovation,channel,button,aaj,tak,walks,world,tv,website,good,triumph,icon,network,app,hd,gnt,audiences,initiative,place,heart,push,instagram,gloomy,life,hope,dilli,channels,mobile press,bell group,follow,video,breaking,goodwill,stories,foster,inspiration,smile,hindi,motto,side,astro,download,twitter,the facebook,khabar,india,launch,news,dark,part,information,so sorry,notifications,today
watch,subscribe,mobile,innovation,budget,channel,button,aaj,tak,walks,world,online,tv,website,good,triumph,icon,network,app,cave,temple,yatra,gnt,hd,helicopter,initiative,place,audiences,heart,push,instagram,gloomy,life,hope,live,dilli,amarnath,streaming,channels,bell group,follow,ki,video,date,goodwill,vlog,free,stories,hindi,motto,foster,inspiration,side,registration,download,twitter,mangal,route,the facebook,press,khabar,dark,information,news,part,india,so sorry,notifications,today
watch,subscribe,innovation,uttarakhand,channel,button,chai,aaj,tak,walks,world,online,tv,website,good,par,triumph,icon,network,app,hd,gnt,cloud,initiative,place,the,uttarkashi,facebook,audiences,heart,push,flood,instagram,life,hope,gloomy,live,dilli,streaming,cloudburst,channels,mobile press,bell group,follow,houses,video,goodwill,stories,foster,free,inspiration,hindi,motto,side,download,twitter,burst,floods,khabar,dark,people,news,part,information,india,so sorry,notifications,today
watch,subscribe,innovation,channel,button,aaj,tak,walks,world,online,tv,website,good,triumph,icon,network,app,hd,gnt,audiences,initiative,place,heart,push,instagram,gloomy,life,hope,live,dilli,streaming,channels,moon,mobile press,bell group,follow,lunar eclipse,video,goodwill,stories,foster,free,inspiration,hindi,motto,side,download,twitter,astrology,solar,special,total,the facebook,khabar,dark,information,news,part,india,so sorry,notifications,today
murders,watch,subscribe,kashmir,kashmiri,innovation,channel,button,aaj,tak,walks,murder,world,online,tv,website,good,triumph,icon,network,app,hd,gnt,audiences,initiative,place,heart,push,instagram,gloomy,life,tez,hope,live,dilli,streaming,pandit,channels,mobile press,bell group,follow,video,jammu,goodwill,stories,foster,free,inspiration,hindi,motto,side,download,twitter,rahul,sawal,the facebook,khabar,india,killing,news,dark,part,information,so sorry,notifications,bhatt,today
subscribe,innovation,channel,button,aaj,tak,walks,world,tv,website,good,triumph,icon,network,app,hd,gnt,the,initiative,place,facebook,audiences,heart,push,ukraine,instagram,life,hope,gloomy,live,dilli,conflict,channels,mobile press,bell group,war,follow,update,video,vs,goodwill,stories,foster,inspiration,side,hindi,motto,astro,download,twitter,khabar,india,dark,news,russia,part,information,so sorry,notifications,today
watch,subscribe,jaws,innovation,channel,button,aaj,death,tak,check,walks,world,tv,online,website,good,triumph,icon,network,app,camera,gta,hd,gnt,audiences,helicopter,initiative,place,heart,push,so sorry,instagram,life,hope,gloomy,live,dilli,streaming,channels,attack,mobile press,bell group,follow,video,shark,fact,vs,goodwill,stories,foster,free,inspiration,hindi,motto,side,tape,download,twitter,caught,the facebook,khabar,dark,information,news,part,india,australia,attacks,notifications,today
brahmos,watch,subscribe,innovation,channel,button,sacchi,aaj,tak,walks,world,online,tv,test,sukhoi,website,good,triumph,icon,missile,network,app,hd,gnt,the,range,initiative,place,facebook,audiences,heart,cruise,push,instagram,life,hope,gloomy,live,dilli,streaming,channels,mobile press,bell group,follow,video,goodwill,stories,foster,free,inspiration,hindi,firing,motto,side,download,twitter,kms,khabar,india,launch,news,russia,dark,part,information,so sorry,notifications,supersonic,today
subscribe,walks,tv,cheap,place,gloomy,live,goodwill,cr,stories,free,motto,download,effect,dark,news,india,solarsystem,notifications,innovation,button,mini,icon,hd,gnt,desh,sri,push,life,hope,ideas,bell group,video,hindi,twitter,farming,build,the facebook,press,so sorry,mobile,channel,plans,aaj,tak,triumph,network,audiences,initiative,heart,instagram,dilli,channels,worship,follow,hoon,ki,foster,diy,lanka,khabar,website,side,today,watch,gardening,indoor,world,greenhouses,online,prayer,good,app,baat,tour,streaming,greenhouse,sonu sood,inspiration,information,part
subscribe,mobile,innovation,channel,button,bhajan,anup,aaj,tak,walks,world,tv,website,good,triumph,icon,network,app,bhajans,hd,gnt,audiences,initiative,place,heart,push,instagram,gloomy,life,hope,baat,songs,dilli,channels,bell group,ram krishna,follow,video,ke,goodwill,stories,foster,inspiration,side,hindi,motto,astro,download,twitter,sandhya,the facebook,press,khabar,india,dark,news,part,information,so sorry,notifications,today
subscribe,group,innovation,rajasthan,duper,channel,button,aaj,tak,walks,world,tv,website,good,triumph,icon,network,app,hd,gnt,bell,initiative,place,audiences,top,heart,push,instagram,gloomy,news18,life,rajasthani,hope,dilli,channels,mobile press,barat,follow,ki,video,goodwill,stories,foster,inspiration,side,hindi,accident,motto,astro,download,twitter,special,the facebook,khabar,india,information,news,dark,baran,part,so sorry,notifications,today,song
wali,survey,masjid,subscribe,innovation,channel,button,aaj,tak,walks,world,tv,website,good,triumph,icon,network,app,hd,gnt,audiences,initiative,place,heart,push,instagram,gloomy,life,hope,dilli,channels,mosque,mobile press,bell group,follow,video,breaking,goodwill,stories,foster,inspiration,smile,hindi,motto,side,astro,download,twitter,case,the facebook,khabar,india,dispute,news,dark,part,information,so sorry,notifications,today
wali,subscribe,innovation,channel,button,aaj,tak,walks,world,tv,website,good,triumph,icon,network,app,hd,gnt,audiences,initiative,place,cm,heart,push,instagram,life,hope,gloomy,yogi,dilli,channels,mobile press,bell group,follow,video,breaking,goodwill,stories,foster,inspiration,smile,hindi,motto,side,astro,download,twitter,the facebook,khabar,india,dark,news,part,information,so sorry,notifications,today
horoscope,pandey,subscribe,step,group,innovation,channel,button,rashi,aaj,tak,walks,world,tv,website,good,pressure,triumph,icon,network,app,hd,gnt,audiences,initiative,place,bell,heart,push,instagram,gloomy,life,hope,dilli,finance,channels,luck,mobile press,shailendra,pisces,follow,pt,blood,video,goodwill,stories,foster,inspiration,side,hindi,motto,astro,download,twitter,astrology,bloodpressure,the facebook,khabar,india,dark,news,part,information,so sorry,notifications,today
lunar,horoscope,pandey,subscribe,group,innovation,channel,button,rashi,aaj,tak,walks,world,tv,website,good,triumph,icon,network,app,hd,gnt,audiences,initiative,place,bell,heart,push,instagram,gloomy,life,hope,lapse,dilli,eclipse,learn,time,channels,luck,moon,mobile press,shailendra,follow,pt,video,goodwill,stories,foster,inspiration,side,hindi,motto,astro,download,twitter,astrology,solar,total,the facebook,khabar,india,dark,news,part,information,so sorry,notifications,today
subscribe,time lapse,innovation,channel,today,button,aaj,tak,walks,world,tv,website,good,triumph,icon,network,app,hd,gnt,audiences,initiative,place,heart,push,instagram,gloomy,life,hope,dilli,channels,moon,mobile press,bell group,follow,lunar eclipse,video,goodwill,stories,foster,inspiration,side,hindi,motto,astro,download,twitter,special,total,the facebook,khabar,india,dark,news,part,information,so sorry,notifications,usa
subscribe,innovation,channel,button,today,frontline,death,deaths,aaj,world,tak,tv,walks,worker,good,website,triumph,icon,healthcare,network,app,hd,audiences,initiative,place,heart,push,community,instagram,hope,gloomy,dilli,channels,care,mobile press,organization,bell group,follow,video,health,goodwill,stories,foster,inspiration,side,hindi,motto,astro,download,workers life,twitter,corona,toll,the facebook,khabar,virus,india,news,dark,part,information,so sorry,news today,notifications
subscribe,innovation,rajasthan,channel,button,updates,aaj,tak,check,walks,world,tv,website,good,triumph,icon,network,app,hd,gnt,audiences,initiative,place,heart,push,instagram,gloomy,life,hope,live,dilli,channels,mobile press,bell group,follow,video,fact,goodwill,stories,foster,inspiration,side,hindi,motto,astro,download,twitter,court,the facebook,khabar,india,dark,news,part,information,so sorry,notifications,today
subscribe,innovation,channel,button,aaj,death,tak,walks,world,tv,website,good,delhi,icon,network,fire,triumph,hd,app,gnt,audiences,initiative,place,count,heart,push,instagram,gloomy,life,hope,dilli,pm,mundka,channels,mobile press,bell group,follow,update,video,goodwill,stories,foster,inspiration,side,hindi,motto,astro,download,twitter,incident,special,the facebook,khabar,india,dark,news,metro station,part,information,so sorry,notifications,today
wali,subscribe,news channel,innovation,channel,button,aaj,tak,walks,world,tv,website,good,triumph,icon,network,app,hd,gnt,audiences,initiative,place,heart,push,instagram,gloomy,life,hope,dilli,channels,mobile press,bell group,follow,video,breaking,goodwill,stories,foster,inspiration,smile,hindi,motto,side,astro,download,twitter,the facebook,khabar,india,launch,news,dark,part,information,so sorry,notifications,today
watch,history,subscribe,patan,innovation,ho,channel,button,aaj,tak,walks,world,online,tv,website,devi,good,triumph,icon,network,app,temple,hd,gnt,the,initiative,shaktipeeth,place,facebook,audiences,maa,heart,push,instagram,life,hope,gloomy,live,dilli,streaming,channels,mobile press,bell group,follow,video,tulsipur,goodwill,stories,foster,free,inspiration,hindi,motto,side,download,twitter,ayodhya,khabar,dark,information,news,part,india,so sorry,notifications,today
watch,subscribe,news channel,innovation,channel,button,aaj,tak,walks,world,online,tv,website,good,triumph,icon,network,app,hd,gnt,audiences,initiative,place,heart,push,instagram,gloomy,life,tez,hope,live,dilli,streaming,channels,mobile press,bell group,follow,video,breaking,goodwill,stories,foster,free,inspiration,hindi,motto,side,download,twitter,the facebook,khabar,india,dark,news,part,information,so sorry,notifications,today
watch,subscribe,innovation,channel,button,aaj,tak,walks,world,online,tv,website,good,triumph,icon,network,app,hd,gnt,audiences,initiative,place,tripura,cm,heart,push,instagram,life,tez,hope,live,dilli,gloomy,streaming,channels,mobile press,bell group,follow,video,breaking,goodwill,stories,foster,free,inspiration,hindi,motto,side,download,twitter,the facebook,khabar,india,dark,news,part,information,so sorry,notifications,today
survey,watch,subscribe,innovation,channel,button,aaj,tak,walks,world,online,tv,website,good,triumph,icon,network,app,hd,gnt,audiences,initiative,place,heart,push,instagram,gloomy,life,tez,hope,live,dilli,streaming,channels,mosque,mobile press,bell group,follow,video,goodwill,owaisi,stories,free,foster,hindi,motto,inspiration,side,download,twitter,the facebook,khabar,india,dark,news,part,information,so sorry,notifications,today
watch,horoscope,pandey,subscribe,step,group,innovation,channel,button,forecast,beginner,tak,aaj,walks,world,online,tv,website,good,triumph,icon,network,app,hd,gnt,audiences,initiative,place,bell,heart,push,instagram,gloomy,life,hope,live,dilli,learn,streaming,channels,luck,mobile press,shailendra,pisces,follow,pt,video,kannada,goodwill,stories,foster,free,inspiration,hindi,motto,side,download,twitter,astrology,the facebook,khabar,dark,information,news,part,india,so sorry,notifications,today
hindu,watch,rahasya,history,subscribe,tajmahal,innovation,channel,button,chai,tak,aaj,walks,shiv,world,online,tv,taj,good,par,triumph,icon,network,app,website,temple,hd,gnt,audiences,initiative,place,heart,mahal,push,instagram,hope,gloomy,live,dilli,streaming,ka,channels,mobile press,bell group,secrets,video life,follow,video,goodwill,stories,foster,free,inspiration,hindi,motto,side,mystery,story,download,twitter,the facebook,khabar,dark,information,news,part,agra,controversy,india,so sorry,notifications,today
watch,subscribe,news channel,innovation,channel,button,aaj,tak,walks,world,online,tv,website,good,triumph,icon,network,app,hd,gnt,audiences,initiative,place,heart,push,instagram,gloomy,life,tez,hope,live,dilli,streaming,channels,mobile press,bell group,follow,video,breaking,goodwill,stories,foster,free,inspiration,hindi,motto,side,download,twitter,the facebook,khabar,india,launch,news,dark,part,information,so sorry,notifications,today
wali,watch,subscribe,news channel,innovation,channel,button,aaj,tak,walks,world,online,tv,website,good,triumph,icon,network,app,hd,gnt,audiences,initiative,place,heart,push,instagram,gloomy,life,tez,hope,live,dilli,streaming,channels,mobile press,bell group,follow,video,goodwill,stories,foster,free,smile,hindi,motto,inspiration,side,download,twitter,the facebook,khabar,india,dark,news,part,information,so sorry,notifications,today
watch,subscribe,vaccine,innovation,channel,button,aaj,tak,check,walks,world,online,tv,website,covid,good,triumph,icon,network,app,hd,gnt,audiences,initiative,place,heart,push,instagram,gloomy,life,tez,hope,live,dilli,streaming,channels,mobile press,bell group,follow,pharmaceuticals,video,fact,goodwill,stories,foster,free,inspiration,hindi,motto,side,download,twitter,pfizer,company,the facebook,khabar,india,launch,news,dark,part,information,so sorry,notifications,today
meaning,home,watch,subscribe,music,relief,innovation,hike,channel,button,price,aaj,tak,walks,world,online,tv,website,good,triumph,icon,network,app,hd,gnt,audiences,initiative,place,daulat,heart,push,instagram,gloomy,life,hope,live,dilli,streaming,channels,mobile press,bell group,follow,video,goodwill,stories,foster,free,inspiration,hindi,motto,side,download,twitter,dhan,the facebook,khabar,dark,information,news,dearness allowance,part,india,so sorry,notifications,today
watch,horoscope,pandey,subscribe,group,innovation,channel,button,aaj,tak,walks,world,online,tv,website,good,triumph,icon,network,app,hd,gnt,audiences,initiative,place,bell,heart,push,instagram,gloomy,life,hope,live,dilli,learn,streaming,channels,luck,moon,mobile press,shailendra,follow,lunar eclipse,video,goodwill,stories,foster,free,inspiration,hindi,motto,side,download,twitter,astrology,bloodpressure,the facebook,khabar,dark,information,news,part,india,so sorry,notifications,scorpio,today
watch,subscribe,group,innovation,channel,button,aaj,tak,deaths,walks,world,online,tv,website,good,delhi,icon,network,fire,triumph,hd,app,gnt,audiences,initiative,place,bell,tenders,tragedy,heart,push,instagram,life,hope,gloomy,live,dilli,streaming,mundka,channels,mobile press,follow,update,video,goodwill,stories,foster,free,inspiration,hindi,accident,motto,side,download,twitter,incident,special,the facebook,khabar,dark,information,news,part,india,so sorry,notifications,today
wali,watch,subscribe,news channel,innovation,channel,button,aaj,tak,walks,world,online,tv,website,good,triumph,icon,network,app,hd,gnt,audiences,initiative,place,heart,push,instagram,gloomy,life,tez,hope,live,dilli,streaming,channels,mobile press,bell group,follow,video,breaking,goodwill,stories,foster,free,smile,hindi,motto,inspiration,side,download,twitter,the facebook,khabar,india,launch,news,dark,part,information,so sorry,notifications,today
watch,subscribe,news channel,innovation,channel,button,aaj,tak,walks,world,online,tv,website,good,triumph,icon,network,app,hd,gnt,audiences,initiative,place,heart,push,instagram,gloomy,life,tez,hope,live,dilli,streaming,channels,mobile press,bell group,follow,video,breaking,goodwill,stories,foster,free,inspiration,hindi,motto,side,download,twitter,the facebook,khabar,india,dark,news,part,information,so sorry,notifications,today
watch,boss,subscribe,mobile,anoop,innovation,krishna,channel,button,bhajan,anup,aaj,tak,walks,world,online,tv,website,good,triumph,icon,lagi,network,app,bhajans,hd,gnt,audiences,initiative,place,heart,push,instagram,gloomy,life,hope,baat,songs,ghazals,live,dilli,streaming,lagan,channels,bell group,follow,video,goodwill,stories,foster,free,inspiration,hindi,motto,aisi,bigg,side,download,twitter,the facebook,press,khabar,dark,information,news,part,india,so sorry,notifications,today,song
watch,subscribe,innovation,channel,button,aaj,death,tak,walks,world,online,tv,website,good,delhi,icon,network,fire,triumph,hd,app,gnt,audiences,initiative,place,count,heart,push,instagram,gloomy,life,hope,live,dilli,streaming,mundka,channels,mobile press,bell group,follow,update,video,goodwill,stories,foster,free,inspiration,hindi,accident,motto,side,download,twitter,incident,special,the facebook,khabar,dark,information,news,metro station,part,india,so sorry,notifications,today
watch,subscribe,group,innovation,channel,button,aaj,death,tak,walks,world,online,tv,fire building,good,website,delhi,icon,network,triumph,app,hd,gnt,audiences,initiative,place,bell,heart,push,instagram,gloomy,life,hope,live,dilli,streaming,mundka,channels,mobile press,follow,video,goodwill,stories,foster,free,inspiration,hindi,accident,motto,side,download,twitter,special,toll,the facebook,khabar,dark,information,news,part,india,so sorry,notifications,today
chardham,watch,subscribe,guidelines,innovation,channel,char,button,aaj,tak,walks,world,online,tv,website,good,package,triumph,icon,network,app,yatra,hd,gnt,audiences,initiative,place,kedarnath,heart,push,instagram,life,hope,gloomy,live,dilli,videos,streaming,channels,mobile press,bell group,follow,ki,dham,video,goodwill,stories,foster,free,inspiration,hindi,motto,side,download,twitter,special,the facebook,khabar,dark,information,badrinath,news,bk,part,shuru,so sorry,notifications,india,today
watch,subscribe,innovation,channel,today,button,aaj,tak,walks,world,online,tv,website,good,triumph,icon,network,app,hd,gnt,audiences,initiative,place,heart,push,ukraine,instagram,life,tez,hope,live,dilli,gloomy,conflict,streaming,channels,mobile press,bell group,war,follow,update,video,vs,goodwill,stories,foster,free,inspiration,hindi,motto,side,download,twitter,special,the facebook,khabar,dark,information,news,russia,part,india,so sorry,notifications,reason
watch,subscribe,mobile,pune,innovation,channel,button,aaj,tak,walks,bhubaneswar,online,world,tv,shop,virk,website,good,triumph,icon,network,fire,app,hd,gnt,audiences,initiative,place,desh,heart,push,instagram,gloomy,baat,life,hope,live,dilli,streaming,channels,pan,japan,mumbai,bell group,follow,hoon,ki,video,sonu sood,goodwill,stories,foster,free,inspiration,hindi,motto,side,download,twitter,paan,paint,the facebook,press,khabar,shahrukh,india,movie,news,dark,part,information,so sorry,notifications,today
watch,mothers,subscribe,innovation,channel,button,tak,aaj,photos,walks,world,online,tv,website,good,crises,icon,finland,network,triumph,hd,app,gnt,audiences,initiative,place,heart,push,instagram,gloomy,tez,life,hope,live,dilli,conflict,streaming,channels,mobile press,bell group,war,follow,update,video,goodwill,stories,foster,free,inspiration,hindi,motto,side,download,twitter,children,the facebook,khabar,nato,launch,news,russia,part,india,dark,so sorry,notifications,information,today
watch,subscribe,innovation,ho,channel,baba shiv,button,kedar,tak,aaj,walks,world,online,tv,website,bhagwan,good,triumph,icon,network,app,hd,gnt,audiences,initiative,place,ukhimath,kedarnath,heart,push,instagram,life,tez,hope,live,dilli,gloomy,streaming,channels,mobile press,bell group,follow,video,goodwill,stories,foster,free,inspiration,hindi,motto,side,download,twitter,mahima,the facebook,khabar,india,launch,news,dark,part,information,so sorry,notifications,today
watch,subscribe,pune,innovation,atm,channel,button,aaj,tak,walks,world,online,tv,shop,website,good,triumph,icon,network,app,hd,gnt,audiences,initiative,place,heart,push,instagram,gloomy,life,tez,hope,live,dilli,streaming,channels,mobile press,bell group,follow,video,breaking,goodwill,stories,foster,free,inspiration,hindi,motto,side,download,twitter,paan,the facebook,khabar,india,launch,news,dark,part,information,machine,so sorry,notifications,today
watch,subscribe,news channel,innovation,channel,button,aaj,tak,walks,world,online,tv,website,good,triumph,icon,network,app,hd,gnt,audiences,initiative,place,heart,push,instagram,gloomy,life,tez,hope,live,dilli,streaming,channels,mobile press,bell group,follow,video,goodwill,stories,foster,free,inspiration,hindi,motto,side,download,twitter,the facebook,khabar,india,launch,news,dark,part,information,so sorry,notifications,today
lunar,watch,subscribe,innovation,channel,button,today,aaj,tak,walks,online,grahan,tv,world,website,good,triumph,icon,network,app,hd,gnt,audiences,initiative,place,stream,heart,push,instagram,gloomy,life,hope,live,dilli,eclipse,streaming,time,channels,moon,mobile press,bell group,may blood,follow,chandra,lunar eclipse,video,date,goodwill,stories,free,foster,hindi,motto,inspiration,side,download,twitter,significance,total,the facebook,khabar,india,dark,news,part,information,so sorry,notifications
watch,history,subscribe,indonesia,innovation,channel,button,cup,aaj,tak,walks,world,online,tv,website,good,denmark,triumph,sports,icon,network,app,hd,gnt,audiences,srikanth,initiative,place,heart,push,instagram,gloomy,life,hope,md,live,dilli,streaming,channels,mobile press,bell group,padukone,follow,shetty,chirag,badminton,video,thomas,breaking,kidambi,goodwill,stories,foster,free,inspiration,hindi,motto,side,download,twitter,ahsan,kevin,the facebook,gopichand,khabar,prakash,dark,information,news,part,india,so sorry,notifications,pullela,today
watch,history,subscribe,indonesia,innovation,channel,today,cup,button,aaj,tak,walks,world,online,tv,website,good,denmark,triumph,icon,network,app,hd,gnt,audiences,srikanth,initiative,place,heart,push,instagram,gloomy,life,hope,md,live,dilli,streaming,channels,mobile press,bell group,padukone,follow,shetty,chirag,badminton,video,thomas,breaking,kidambi,goodwill,stories,foster,free,inspiration,hindi,motto,side,download,twitter,news express,ahsan,kevin,the facebook,gopichand,khabar,prakash,dark,information,news,part,india,so sorry,notifications,pullela,sports
watch,subscribe,myanmar,group,innovation,channel,button,today,palani,andhra,asani,chariot,aaj,tak,walks,world,tv,online,website,good,triumph,icon,network,app,srikakulam,hd,instagram,gnt,bell,initiative,place,audiences,heart,golden,push,west,life,hope,so sorry,east,live,behind,truth,dilli,streaming,channels,mobile press,andheri,gloomy,follow,video,fact,viral,goodwill,stories,foster,free,inspiration,hindi,motto,side,download,twitter,the facebook,pradesh,khabar,india,dark,news,train,part,cost,information,cyclone,coast,notifications
watch,subscribe,group,innovation,channel,button,aaj,tak,walks,world,online,tv,website,good,triumph,icon,network,app,hd,gnt,aap,initiative,place,bell,audiences,heart,push,so sorry,instagram,life,hope,gloomy,live,dilli,streaming,channels,mobile press,follow,video,fact,breaking,goodwill,stories,foster,free,inspiration,hindi,motto,side,download,twitter,sisodia,the facebook,khabar,dark,information,news,part,india,viral,notifications,today
watch,tajmahal,subscribe,symbol,innovation,channel,button,love,aaj,tak,walks,world,online,tv,taj,shiva,good,triumph,icon,network,app,website,temple,hd,gnt,audiences,initiative,place,heart,mahal,push,instagram,life,kavi,hope,live,dilli,gloomy,image,streaming,view,channels,mobile press,bell group,follow,video,breaking,goodwill,stories,foster,free,inspiration,hindi,motto,side,download,twitter,case,background,the facebook,khabar,dark,information,news,rooms,part,controversy,india,so sorry,notifications,today
watch,subscribe,station,innovation,channel,button,aaj,tak,walks,world,online,tv,website,good,triumph,icon,network,app,hd,gnt,audiences,initiative,place,heart,push,instagram,gloomy,life,hope,live,dilli,streaming,channels,mobile press,tamrakar,bell group,follow,request,video,breaking,goodwill,stories,foster,free,letters,hindi,motto,inspiration,side,download,radio,twitter,katni,madhya,anil,the facebook,khabar,india,dark,news,part,information,so sorry,notifications,pradesh,today
lunar,watch,subscribe,innovation,channel,button,today,aaj,tak,walks,online,grahan,tv,world,website,good,triumph,icon,network,app,hd,gnt,audiences,initiative,place,stream,heart,push,instagram,gloomy,life,hope,live,dilli,eclipse,streaming,time,channels,moon,mobile press,bell group,may blood,follow,chandra,lunar eclipse,video,date,goodwill,stories,free,foster,hindi,motto,inspiration,side,download,twitter,significance,total,the facebook,khabar,india,dark,news,part,information,so sorry,notifications
visit,subscribe,buddha,buddhist,innovation,channel,lumbini,button,aaj,tak,walks,world,culture,tv,modi,website,good,triumph,icon,network,app,hd,minister,relations,initiative,place,audiences,heart,push,centre,pulse,life,hope,instagram,gloomy,dilli,pm,channels,prime,mobile press,bell group,follow,video,goodwill,heritage,stories,foster,inspiration,hindi,motto,side,astro,download,twitter,breaking news,the facebook,nepal,khabar,india,dark,narendra,news,purnima,part,information,so sorry,notifications,today
subscribe,innovation,krishna,channel,button,bhajan,anup,aaj,tak,walks,world,tv,website,good,triumph,icon,network,app,bhajans,hd,audiences,initiative,place,ram,heart,push,instagram,gloomy,life,baat,hope,songs,ghazals,dilli,channels,mobile press,bell group,follow,video,ke,morning,goodwill,stories,foster,inspiration,side,hindi,motto,astro,samrat,download,twitter,the facebook,show,khabar,india,dark,news,part,information,so sorry,notifications,today
survey,masjid,history,subscribe,innovation,channel,button,aaj,tak,walks,world,tv,website,good,triumph,icon,network,app,temple,hd,gnt,audiences,initiative,place,heart,push,instagram,gloomy,life,hope,dilli,channels,mosque,mobile press,bell group,follow,varanasi,dham,video,breaking,goodwill,stories,foster,inspiration,side,hindi,motto,astro,download,twitter,news express,vishwanath,the facebook,khabar,dark,dispute,news,part,information,india,so sorry,notifications,today
lunar,subscribe,innovation,channel,button,today,aaj,tak,walks,online,grahan,tv,world,website,good,triumph,icon,network,app,hd,audiences,initiative,place,stream,heart,push,instagram,gloomy,life,hope,dilli,eclipse,time,channels,moon,mobile press,bell group,may blood,follow,chandra,lunar eclipse,video,date,goodwill,stories,foster,inspiration,hindi,motto,side,astro,download,twitter,significance,total,the facebook,khabar,india,dark,news,part,information,so sorry,notifications
horoscope,subscribe,step,innovation,channel,button,forecast,rashi,aaj,tak,walks,world,tv,website,good,triumph,icon,network,app,hd,audiences,initiative,place,heart,push,so sorry,instagram,life,hope,gloomy,dilli,learn,finance,channels,mobile press,bell group,pisces,follow,video,goodwill,stories,foster,inspiration,side,hindi,motto,astro,rasi,download,twitter,astrology,the facebook,khabar,india,dark,news,part,information,palan,notifications,today
visit,subscribe,buddha,buddhist,innovation,channel,lumbini,button,aaj,tak,walks,world,culture,tv,modi,website,good,triumph,icon,network,app,hd,minister,relations,initiative,place,audiences,heart,push,centre,pulse,life,hope,instagram,gloomy,dilli,pm,channels,prime,mobile press,bell group,follow,video,goodwill,heritage,stories,foster,inspiration,hindi,motto,side,astro,download,twitter,breaking news,the facebook,nepal,khabar,india,dark,narendra,news,purnima,part,information,so sorry,notifications,today
visit,subscribe,buddha,buddhist,innovation,channel,lumbini,button,aaj,tak,walks,world,culture,tv,modi,website,good,triumph,icon,network,app,hd,minister,relations,initiative,place,audiences,heart,push,centre,pulse,life,hope,instagram,gloomy,dilli,pm,channels,prime,mobile press,bell group,follow,video,goodwill,heritage,stories,foster,inspiration,hindi,motto,side,astro,download,twitter,breaking news,the facebook,nepal,khabar,india,dark,narendra,news,purnima,part,information,so sorry,notifications,today
lunar,subscribe,innovation,channel,button,today,aaj,tak,walks,online,grahan,tv,world,website,good,triumph,icon,network,app,hd,audiences,initiative,place,stream,heart,push,instagram,gloomy,life,hope,dilli,eclipse,time,channels,moon,mobile press,bell group,may blood,follow,chandra,lunar eclipse,video,date,goodwill,stories,foster,inspiration,hindi,motto,side,astro,download,twitter,significance,total,the facebook,khabar,india,dark,news,part,information,so sorry,notifications
water,odisha,subscribe,innovation,channel,button,toofan,forecast,remedies,imd,aaj,tak,walks,asni,world,tv,heat,good,website,delhi,icon,network,triumph,app,hd,the,weather update,initiative,place,facebook,temperature,audiences,heart,push,instagram,gloomy,life,hope,dilli,storm,channels,mobile press,bell group,follow,update,video,weather,goodwill,stories,foster,inspiration,side,hindi,motto,astro,waves breaking,wave,download,twitter,rain,monsoon,khabar,india,dark,news,thunderstorm,part,record,information,so sorry,notifications,today
subscribe,innovation,channel,button,ac,locals,aaj,tak,walks,world,tv,website,good,triumph,icon,fare,ticket,network,hd,app,audiences,initiative,place,heart,push,instagram,gloomy,life,hope,dilli,channels,mumbai,mobile press,bell group,follow,update,video,breaking,goodwill,stories,foster,inspiration,side,hindi,railways,motto,astro,download,twitter,railway,trains,the facebook,khabar,dark,information,news,train,part,india,so sorry,notifications,today
visit,subscribe,buddha,buddhist,innovation,channel,lumbini,button,aaj,tak,walks,world,culture,tv,modi,website,good,triumph,icon,network,app,hd,minister,relations,initiative,place,audiences,heart,push,centre,pulse,life,hope,instagram,gloomy,dilli,pm,channels,prime,mobile press,bell group,follow,video,goodwill,heritage,stories,foster,inspiration,hindi,motto,side,astro,download,twitter,breaking news,the facebook,nepal,khabar,india,dark,narendra,news,purnima,part,information,so sorry,notifications,today
subscribe,innovation,channel,button,us,moscow,updates,aaj,tak,walks,day,world,tv,website,good,triumph,icon,network,app,vladimir,hd,audiences,initiative,army,address,place,victory square,heart,push,ukraine,so sorry,life,hope,instagram,bulgaria,dilli,gloomy,conflict,channels,mobile press,bell group,war,follow,update,video,supply,ruble,goodwill,stories,celebration,foster,inspiration,hindi,motto,side,astro,download,gas,twitter,the facebook,khabar,putin,india,news,russia,dark,crisis,part,attacks,notifications,information,today
survey,masjid,history,subscribe,innovation,channel,button,aaj,tak,walks,world,tv,website,good,triumph,icon,network,app,temple,hd,audiences,initiative,place,heart,push,instagram,gloomy,life,hope,dilli,channels,mosque,mobile press,bell group,follow,varanasi,dham,video,breaking,goodwill,stories,foster,inspiration,side,hindi,motto,astro,download,twitter,vishwanath,the facebook,khabar,dark,dispute,news,part,information,india,so sorry,notifications,today
survey,masjid,history,subscribe,innovation,channel,button,aaj,tak,walks,world,tv,website,good,triumph,icon,network,app,temple,hd,audiences,initiative,place,heart,push,instagram,gloomy,life,hope,dilli,channels,mosque,mobile press,bell group,follow,varanasi,dham,video,breaking,goodwill,stories,foster,inspiration,side,hindi,motto,astro,download,twitter,vishwanath,the facebook,khabar,dark,dispute,news,part,information,india,so sorry,notifications,today
survey,masjid,history,subscribe,innovation,channel,button,aaj,tak,walks,world,tv,website,good,triumph,icon,network,app,temple,hd,audiences,initiative,place,heart,push,instagram,gloomy,life,hope,dilli,channels,mosque,mobile press,bell group,follow,varanasi,dham,video,breaking,goodwill,stories,foster,inspiration,side,hindi,motto,astro,download,twitter,vishwanath,the facebook,khabar,dark,dispute,news,part,information,india,so sorry,notifications,today
survey,masjid,history,subscribe,innovation,channel,button,aaj,tak,walks,world,tv,modi,website,good,triumph,icon,network,app,temple,hd,audiences,initiative,place,cm,heart,push,instagram,life,hope,gloomy,dilli,pm,channels,mosque,mobile press,bell group,follow,varanasi,dham,video,breaking,goodwill,stories,foster,inspiration,side,hindi,motto,astro,download,twitter,vishwanath,the facebook,khabar,dark,dispute,news,part,information,india,so sorry,notifications,today
subscribe,innovation,uttarakhand,channel,button,aaj,tak,walks,world,hemkunt,tv,website,good,triumph,icon,network,app,hd,the,audiences,initiative,place,facebook,opening,heart,push,instagram,gloomy,life,shri,hope,dilli,channels,mobile press,sahib,bell group,follow,video,gurudwara,breaking,goodwill,stories,foster,inspiration,side,hindi,motto,astro,hemkund sahib,download,twitter,khabar,hemkund,dark,information,news,part,india,so sorry,notifications,today
visit,subscribe,buddha,buddhist,group,innovation,channel,lumbini,button,aaj,tak,walks,world,culture,tv,modi,website,good,triumph,icon,network,app,hd,minister,bell,relations,initiative,place,audiences,heart,push,centre,pulse,life,hope,instagram,gloomy,dilli,pm,channels,prime,mobile press,follow,video,goodwill,heritage,stories,foster,inspiration,hindi,motto,astro,side,download,twitter,breaking news,the facebook,nepal,khabar,india,dark,narendra,news,purnima,part,information,so sorry,notifications,today
visit,subscribe,buddha,buddhist,innovation,channel,lumbini,button,aaj,tak,walks,world,culture,tv,modi,website,good,triumph,icon,network,app,hd,minister,relations,initiative,place,audiences,heart,push,centre,pulse,life,hope,instagram,gloomy,dilli,pm,channels,prime,mobile press,bell group,follow,video,goodwill,heritage,stories,foster,inspiration,hindi,motto,side,astro,download,twitter,breaking news,the facebook,nepal,khabar,india,dark,narendra,news,purnima,part,information,so sorry,notifications,today
subscribe,myanmar,coast,innovation,rajasthan,channel,button,today,palani,andhra,asani,chariot,aaj,tak,walks,world,tv,website,good,triumph,icon,network,app,srikakulam,hd,gnt,audiences,initiative,place,heart,golden,push,west,life,hope,so sorry,east,dilli,behind,truth,instagram,gloomy,channels,mobile press,andheri,bell group,follow,video,fact,goodwill,stories,foster,inspiration,side,hindi,motto,astro,midnight,download,twitter,court,the facebook,khabar,india,dark,news,train,part,cost,information,cyclone,pradesh,notifications
visit,subscribe,buddha,buddhist,innovation,channel,lumbini,button,aaj,tak,walks,world,culture,tv,modi,website,good,triumph,icon,network,app,hd,minister,relations,initiative,place,audiences,heart,push,centre,pulse,life,hope,instagram,gloomy,dilli,pm,channels,prime,mobile press,bell group,follow,video,goodwill,heritage,stories,foster,inspiration,hindi,motto,side,astro,download,twitter,breaking news,the facebook,nepal,khabar,india,dark,narendra,news,purnima,part,information,so sorry,notifications,today
visit,subscribe,buddha,buddhist,innovation,channel,lumbini,button,aaj,tak,walks,world,culture,tv,modi,website,good,triumph,icon,network,app,hd,minister,relations,initiative,place,audiences,heart,push,centre,pulse,life,hope,instagram,gloomy,dilli,pm,channels,prime,mobile press,bell group,follow,video,goodwill,heritage,stories,foster,inspiration,hindi,motto,side,astro,download,twitter,breaking news,the facebook,nepal,khabar,india,dark,narendra,news,purnima,part,information,so sorry,notifications,today
survey,masjid,history,subscribe,innovation,channel,button,aaj,tak,walks,world,tv,website,good,triumph,icon,network,app,temple,hd,audiences,initiative,place,heart,push,instagram,gloomy,life,hope,dilli,channels,mosque,mobile press,bell group,follow,varanasi,dham,video,breaking,goodwill,stories,foster,inspiration,side,hindi,motto,astro,download,twitter,vishwanath,the facebook,khabar,dark,dispute,news,part,information,india,so sorry,notifications,today
visit,subscribe,buddha,buddhist,group,innovation,channel,lumbini,button,aaj,tak,walks,world,culture,tv,modi,website,good,triumph,icon,network,app,temple,minister,hd,relations,initiative,place,audiences,bell,heart,push,centre,pulse,life,hope,instagram,gloomy,dilli,pm,channels,prime,mobile press,follow,video,goodwill,heritage,stories,foster,inspiration,hindi,motto,astro,side,download,twitter,breaking news,the facebook,nepal,khabar,india,dark,narendra,news,purnima,part,information,so sorry,notifications,today
bodhgaya,history,subscribe,buddha,led,prince,innovation,channel,lumbini,button,aaj,tak,walks,world,tv,website,good,triumph,icon,network,siddhartha,app,hd,audiences,initiative,place,heart,push,instagram,gloomy,life,hope,dilli,channels,celebrations,mobile press,bell group,follow,jayanti,video,breaking,goodwill,gautam,stories,foster,inspiration,hindi,motto,side,astro,download,twitter,the facebook,nepal,khabar,india,dark,news,part,purnima,information,so sorry,notifications,today
survey,masjid,subscribe,innovation,channel,button,today,aaj,tak,walks,world,tv,website,good,triumph,icon,network,app,hd,gnt,express,initiative,place,audiences,heart,push,instagram,gloomy,life,hope,dilli,channels,mobile press,bell group,follow,video,goodwill,stories,foster,inspiration,side,hindi,motto,astro,download,twitter,the facebook,khabar,india,dark,news,part,information,so sorry,news today,notifications
survey,masjid,history,subscribe,innovation,channel,button,aaj,tak,walks,world,tv,website,good,triumph,icon,network,app,temple,hd,audiences,initiative,place,heart,push,instagram,gloomy,life,hope,yogi,dilli,channels,mosque,mobile press,bell group,follow,varanasi,dham,video,breaking,goodwill,stories,foster,inspiration,side,hindi,motto,astro,download,twitter,vishwanath,the facebook,khabar,dark,dispute,news,part,information,india,so sorry,notifications,today
watch,subscribe,innovation,month,ho,channel,button,jeth,aaj,tak,walks,world,online,tv,website,good,triumph,icon,network,app,hd,gnt,audiences,initiative,place,heart,push,instagram,gloomy,life,tez,hope,live,dilli,streaming,channels,mobile press,bell group,jyeshtha,follow,video,breaking,goodwill,stories,foster,free,inspiration,hindi,motto,side,download,twitter,the facebook,khabar,dark,information,news,part,purnima,india,so sorry,notifications,today
watch,subscribe,mobile,innovation,channel,button,aaj,tak,walks,waves,online,world,tv,heat,good,website,triumph,icon,network,app,hd,gnt,audiences,initiative,place,heatwaves,heart,push,instagram,life,hope,gloomy,live,dilli,streaming,channels,bell group,follow,video,goodwill,stories,foster,free,inspiration,hindi,motto,side,wave,download,twitter,heatwave,mangal,the facebook,press,khabar,india,dark,news,ncr,part,information,so sorry,notifications,today
wali,watch,subscribe,innovation,channel,button,aaj,tak,walks,world,online,tv,website,good,triumph,icon,network,app,hd,gnt,audiences,initiative,place,heart,push,instagram,gloomy,life,tez,hope,live,dilli,streaming,channels,mobile press,bell group,follow,video,breaking,goodwill,stories,foster,free,smile,hindi,motto,inspiration,side,download,twitter,the facebook,khabar,india,dark,news,part,information,so sorry,notifications,today
horoscope,pandey,subscribe,step,group,innovation,channel,button,beginner,rashi,aaj,tak,walks,world,tv,website,good,triumph,icon,network,app,hd,gnt,audiences,initiative,place,bell,heart,push,instagram,gloomy,life,hope,dilli,learn,finance,channels,luck,mobile press,shailendra,pisces,follow,pt,video,kannada,goodwill,stories,foster,inspiration,side,hindi,motto,astro,download,twitter,astrology,bloodpressure,the facebook,khabar,india,dark,news,part,information,so sorry,notifications,today
survey,watch,masjid,subscribe,innovation,channel,button,sacchi,aaj,tak,walks,world,online,tv,website,good,triumph,icon,network,app,hd,gnt,the,initiative,place,facebook,audiences,heart,push,instagram,gloomy,life,tez,hope,live,dilli,streaming,channels,mosque,mobile press,bell group,follow,varanasi,video,goodwill,owaisi,stories,free,foster,hindi,motto,inspiration,side,download,twitter,case,khabar,dark,information,news,part,india,so sorry,notifications,today
survey,watch,masjid,subscribe,innovation,channel,button,aaj,tak,walks,world,online,tv,website,good,triumph,icon,network,app,hd,gnt,audiences,initiative,place,heart,push,instagram,gloomy,life,tez,hope,live,dilli,streaming,channels,mosque,mobile press,bell group,follow,video,breaking,goodwill,owaisi,stories,free,foster,hindi,motto,inspiration,side,download,twitter,row,the facebook,khabar,india,dark,news,part,information,so sorry,notifications,today
watch,visit,subscribe,mobile,innovation,channel,button,chai,aaj,tak,walks,world,online,tv,modi,website,good,par,triumph,icon,network,app,hd,gnt,audiences,initiative,place,heart,push,instagram,gloomy,life,tez,hope,live,dilli,pm,streaming,channels,bell group,follow,video,modis,goodwill,stories,foster,free,inspiration,hindi,motto,side,download,twitter,the facebook,nepal,press,khabar,dark,information,narendra,news,part,india,so sorry,notifications,today
watch,visit,subscribe,buddha,innovation,channel,button,china,aaj,tak,walks,world,online,tv,modi,website,good,triumph,icon,network,app,hd,gnt,the,initiative,place,facebook,audiences,heart,push,instagram,gloomy,life,tez,hope,live,dilli,pm,streaming,channels,mobile press,bell group,follow,jayanti,video,modis,raat,goodwill,stories,foster,free,inspiration,hindi,motto,side,buddh,notifications,download,twitter,special,nepal,khabar,dark,information,news,part,purnima,india,so sorry,ko,today,budha
hindu,watch,subscribe,tension,sabha,innovation,lord,muslims,channel,today,button,aaj,tak,krishana,check,walks,world,tv,mahabharat,online,website,good,triumph,icon,network,app,hijab,hd,gnt,audiences,initiative,place,heart,push,instagram,gloomy,life,hope,live,dilli,streaming,channels,kurukshetra,mobile press,bell group,follow,nationalism,video,fact,vs,goodwill,stories,foster,free,inspiration,hindi,motto,side,download,twitter,azaan,the facebook,muslim,khabar,india,dark,news,part,information,controversy,so sorry,notifications,hindus
survey,watch,masjid,history,subscribe,innovation,channel,button,aaj,tak,walks,world,online,tv,website,good,triumph,icon,network,app,hd,gnt,audiences,initiative,place,heart,push,instagram,gloomy,life,hope,live,dilli,streaming,channels,mosque,mobile press,bell group,follow,varanasi,video,goodwill,owaisi,stories,free,foster,hindi,motto,inspiration,side,download,twitter,case,sawal,row,the facebook,khabar,dark,information,news,part,india,so sorry,notifications,today
visit,subscribe,innovation,channel,button,aaj,tak,walks,world,tv,modi,website,good,triumph,icon,network,app,hd,gnt,audiences,initiative,place,heart,push,instagram,gloomy,life,hope,dilli,pm,speech,channels,mobile press,bell group,follow,video,goodwill,stories,foster,inspiration,side,hindi,motto,lucknow,astro,download,twitter,youtube,the facebook,khabar,india,dark,narendra,news,part,information,so sorry,notifications,today
wali,subscribe,news channel,innovation,channel,button,aaj,tak,walks,world,tv,website,good,triumph,icon,network,app,hd,gnt,audiences,initiative,place,heart,push,instagram,gloomy,life,hope,dilli,channels,mobile press,bell group,follow,video,breaking,goodwill,stories,foster,inspiration,smile,hindi,motto,side,astro,download,twitter,the facebook,khabar,india,dark,news,part,information,so sorry,notifications,today
wali,subscribe,news channel,innovation,channel,button,aaj,tak,walks,world,tv,website,good,triumph,icon,network,app,hd,gnt,audiences,initiative,place,heart,push,instagram,gloomy,life,hope,dilli,channels,mobile press,bell group,follow,video,breaking,goodwill,stories,foster,inspiration,smile,hindi,motto,side,astro,download,twitter,the facebook,khabar,india,dark,news,part,information,so sorry,notifications,today
subscribe,innovation,channel,button,aaj,tak,walks,world,tv,website,good,triumph,icon,network,app,hd,gnt,audiences,initiative,place,heart,push,ukraine,instagram,life,hope,gloomy,live,dilli,conflict,channels,mobile press,bell group,war,follow,update,video,vs,goodwill,stories,foster,inspiration,side,hindi,motto,astro,download,twitter,the facebook,khabar,india,dark,news,russia,part,information,so sorry,notifications,today
subscribe,deepawali,innovation,budget,channel,button,pass,aaj,tak,walks,world,tv,snowfall,website,good,triumph,icon,network,app,temple,yatra,gnt,hd,initiative,place,audiences,kedarnath,heart,push,instagram,life,hope,gloomy,dilli,rainfall,channels,hotels,mobile press,bell group,follow,dham,video,weather,goodwill,stories,foster,inspiration,side,hindi,motto,astro,trek,download,twitter,rain,the facebook,khabar,india,dark,news,darshan,part,information,so sorry,notifications,today
subscribe,innovation,channel,button,forecast,aaj,tak,walks,world,tv,website,good,triumph,icon,network,app,hd,gnt,audiences,initiative,place,heatwaves,heart,push,instagram,life,hope,gloomy,dilli,heat waves,reviews,channels,mobile press,bell group,follow,video,goodwill,stories,foster,inspiration,side,hindi,motto,astro,arrival,wave,download,twitter,special,monsoon,heatwave,the facebook,khabar,india,dark,news,part,information,news media,so sorry,notifications,today,song
watch,subscribe,mobile,music,innovation,channel,zee,button,apu,aparajita,tak,aaj,das,singer,walks,world,dasgupta,tv,online,website,good,triumph,icon,network,app,hd,gnt,audiences,initiative,place,desh,heart,push,instagram,gloomy,baat,life,hope,live,dilli,streaming,channels,bell group,follow,hoon,ki,gupta,video,sonu sood,goodwill,stories,foster,adhya,actor,hindi,free,motto,inspiration,side,mohanty,download,twitter,company,teacher,the facebook,press,khabar,dark,information,news,part,india,so sorry,notifications,today,song
subscribe,mobile,innovation,channel,button,today,anup,aaj,tak,walks,world,tv,website,good,triumph,icon,network,app,hd,gnt,audiences,initiative,place,heart,push,instagram,gloomy,life,hope,baat,dilli,channels,bell group,follow,video,goodwill,stories,foster,inspiration,side,hindi,motto,astro,download,twitter,the facebook,press,khabar,india,dark,news,part,information,so sorry,news today,notifications
subscribe,innovation,channel,button,aaj,tak,walks,world,tv,modi,website,good,triumph,icon,network,app,temple,yatra,gnt,hd,helicopter,initiative,place,audiences,heart,push,instagram,gloomy,life,hope,dilli,pm,karen,jaye,amarnath,channels,mobile press,bell group,follow,update,ki,video,date,goodwill,stories,foster,inspiration,hindi,motto,side,astro,registration,download,twitter,route,the facebook,khabar,india,dark,news,part,information,so sorry,notifications,trai,today
wali,subscribe,news channel,innovation,channel,button,aaj,tak,walks,world,tv,website,good,triumph,icon,network,app,hd,gnt,audiences,initiative,place,heart,push,instagram,gloomy,life,hope,dilli,channels,mobile press,bell group,follow,video,breaking,goodwill,stories,foster,inspiration,smile,hindi,motto,side,astro,download,twitter,the facebook,khabar,india,launch,news,dark,part,information,so sorry,notifications,today
samachar,survey,masjid,subscribe,innovation,channel,button,aaj,tak,walks,day,tv,modi,website,good,triumph,icon,network,app,jamia,hd,gnt,the,initiative,place,facebook,audiences,heart,push,instagram,gloomy,life,hope,sc,pm,dilli,channels,mosque,committee,mobile press,bell group,follow,astro world,video,goodwill,owaisi,stories,foster,inspiration,hindi,motto,side,download,twitter,khabar,india,dark,news,part,information,so sorry,notifications,anjuman,today
samachar,subscribe,grips,innovation,channel,button,updates,aaj,tak,walks,waves,tv,heat,good,website,triumph,icon,network,app,hd,gnt,audiences,initiative,place,heatwaves,heart,push,instagram,life,hope,gloomy,dilli,channels,mobile press,bell group,follow,astro world,video,goodwill,stories,foster,inspiration,side,hindi,motto,wave,download,twitter,monsoon,heatwave,the facebook,khabar,india,dark,news,part,information,so sorry,notifications,today
wali,masjid,subscribe,innovation,channel,button,aaj,tak,walks,world,tv,website,good,triumph,icon,network,app,hd,gnt,audiences,initiative,place,heart,push,instagram,gloomy,life,hope,dilli,channels,mobile press,bell group,jama,follow,video,breaking,goodwill,stories,foster,inspiration,smile,hindi,motto,side,astro,download,twitter,the facebook,khabar,india,dark,news,part,information,so sorry,notifications,today
subscribe,innovation,rains,channel,button,updates,aaj,tak,walks,world,tv,heat,good,website,triumph,icon,network,app,hd,gnt,audiences,initiative,place,heart,push,instagram,southwest,life,hope,gloomy,dilli,channels,mobile press,bell group,follow,update,video,dates,goodwill,stories,foster,inspiration,side,hindi,motto,astro,arrival,wave,download,twitter,special,monsoon,heatwave,the facebook,khabar,marathi,india,news,dark,part,information,so sorry,notifications,today
subscribe,innovation,channel,button,frigate,aaj,tak,walks,world,time life,tv,website,rocket,lunch,triumph,icon,network,good,surat,hd,app,gnt,the,navy,initiative,place,facebook,audiences,heart,push,instagram,gloomy,hope,dilli,warship,channels,mobile press,bell group,follow,video,date,goodwill,stories,foster,inspiration,hindi,ins,motto,side,astro,download,udaygiri,twitter,caves,warships,khabar,india,launch,news,sea,dark,part,information,so sorry,notifications,today,udayagiri
history,subscribe,innovation,channel,button,aaj,tak,check,walks,world,tv,modi,website,good,delhi,pair,icon,network,triumph,hd,app,gnt,workout,importance,initiative,market,place,audiences,heart,push,instagram,gloomy,life,hope,dilli,pm,channels,mobile press,bell group,factcheck,follow,video,fact,copy,exercise,goodwill,footwear,stories,foster,hindi,motto,inspiration,side,astro,download,twitter,shoes,the facebook,khabar,india,dark,news,part,information,so sorry,notifications,today
subscribe,journeys,years,innovation,channel,button,aaj,tak,walks,world,time life,tv,website,good,lunch,delhi,icon,network,triumph,app,hd,gnt,express,initiative,place,the,facebook,audiences,heart,push,so sorry,instagram,hope,gloomy,dilli,view,channels,mumbai,mobile press,bell group,follow,video,goodwill,cr,rajdhani,stories,foster,hindi,motto,inspiration,side,astro,download,twitter,howrah,khabar,india,dark,news,train,part,information,food,notifications,today
balrampur,simala,samachar,subscribe,station,innovation,channel,button,betul,aaj,tak,walks,world,tv,ranipur,website,good,triumph,thana,icon,network,app,hd,gnt,audiences,initiative,place,police,building,heart,push,instagram,life,hope,gloomy,dilli,channels,mp,year,sp,mobile press,bell group,follow,video,example,tulsipur,goodwill,stories,foster,inspiration,side,hindi,motto,astro,download,twitter,the facebook,india museum,khabar,prasad,dark,information,news,part,india,so sorry,notifications,arms,today
double,samachar,srinivasa reddy,man,subscribe,group,innovation,victim,channel,button,aaj,tak,walks,world,tv,bike,good,website,triumph,icon,network,app,hd,gnt,audiences,initiative,place,bell,ram,travel,heart,push,instagram,gloomy,life,hope,stunts,dilli,peter,rao,kota,channels,mobile press,hain,kit,rider,follow,video,goodwill,stories,foster,inspiration,side,hindi,motto,astro,stunt,download,twitter,srinivas,the facebook,charan,khabar,india,dark,driver,news,part,information,so sorry,notifications,today
wali,subscribe,innovation,channel,button,tak,aaj,walks,world,tv,website,good,triumph,icon,network,app,hd,gnt,audiences,initiative,place,heart,push,instagram,gloomy,life,hope,dilli,channels,mobile press,bell group,follow,video,breaking,goodwill,stories,foster,inspiration,smile,hindi,motto,side,astro,download,twitter,the facebook,khabar,india,dark,news,part,information,so sorry,notifications,today
samachar,visit,subscribe,innovation,channel,button,updates,aaj,tak,walks,world,tv,modi,rally,good,website,triumph,icon,network,app,hd,gnt,audiences,initiative,place,heart,push,instagram,gloomy,life,hope,dilli,pm,tour,channels,mobile press,bell group,follow,video,goodwill,stories,foster,inspiration,side,hindi,motto,lucknow,astro,download,twitter,the facebook,khabar,india,dark,news,part,information,so sorry,notifications,today
mangala,subscribe,charana,innovation,ho,channel,button,bhajan,aaj,tak,walks,world,grahan,tv,website,good,triumph,icon,network,app,hd,gnt,audiences,initiative,place,heart,push,instagram,gloomy,life,kahani,hope,dilli,channels,mobile press,bell group,vrat,follow,ki,chandra,video,ke,goodwill,stories,foster,inspiration,side,hindi,motto,astro,download,twitter,bada,the facebook,katha,khabar,india,dark,news,part,information,so sorry,notifications,today
watch,subscribe,news channel,innovation,channel,button,aaj,tak,walks,world,online,tv,website,good,triumph,icon,network,app,hd,gnt,audiences,initiative,place,heart,push,instagram,gloomy,life,tez,hope,live,dilli,streaming,channels,mobile press,bell group,follow,video,breaking,goodwill,stories,foster,free,inspiration,hindi,motto,side,download,twitter,the facebook,khabar,india,dark,news,part,information,so sorry,notifications,today
wali,watch,subscribe,news channel,innovation,channel,button,aaj,tak,walks,world,online,tv,website,good,triumph,icon,network,app,hd,gnt,audiences,initiative,place,heart,push,instagram,gloomy,life,tez,hope,live,dilli,streaming,channels,mobile press,bell group,follow,video,breaking,goodwill,stories,foster,free,smile,hindi,motto,inspiration,side,download,twitter,the facebook,khabar,india,dark,news,part,information,so sorry,notifications,today
watch,monsoons,subscribe,innovation,channel,button,chai,places,himachal,aaj,tak,walks,world,online,tv,website,good,par,triumph,icon,network,app,hd,gnt,audiences,initiative,place,heart,push,instagram,gloomy,life,types,hope,live,dilli,streaming,rainfall,channels,mobile press,bell group,follow,video,goodwill,stories,foster,free,inspiration,hindi,motto,side,download,twitter,rain,monsoon,the facebook,khabar,india,dark,news,part,information,so sorry,notifications,pradesh,today
watch,subscribe,innovation,channel,button,mandir,tak,aaj,walks,world,online,tv,website,ancient,good,triumph,icon,network,app,temple,hd,gnt,audiences,initiative,place,heart,push,instagram,gloomy,life,hope,live,dilli,streaming,view,mosque,channels,mobile press,bell group,follow,varanasi,video,vs,baba,goodwill,stories,free,foster,complex,motto,hindi,inspiration,side,download,twitter,corridor,special,kashi,vishwanath,the facebook,khabar,dark,information,news,part,india,controversy,so sorry,notifications,today
survey,watch,masjid,subscribe,innovation,channel,button,aaj,tak,walks,world,online,tv,website,good,triumph,icon,network,app,hd,gnt,audiences,initiative,place,heart,push,instagram,gloomy,life,hope,live,dilli,streaming,channels,mosque,mobile press,bell group,follow,varanasi,video,goodwill,stories,foster,free,inspiration,hindi,motto,side,download,twitter,case,sawal,row,kashi,the facebook,khabar,dark,information,news,part,india,so sorry,notifications,today
watch,subscribe,group,innovation,channel,button,aaj,tak,check,walks,world,online,tv,website,good,triumph,icon,network,app,hd,gnt,audiences,initiative,place,bell,sri,heart,push,so sorry,life,tez,hope,live,dilli,instagram,gloomy,streaming,channels,mobile press,follow,economy,video,fact,goodwill,stories,foster,free,inspiration,hindi,motto,side,download,twitter,the facebook,lanka,khabar,dark,information,news,part,india,crisis,food,notifications,today
survey,watch,masjid,subscribe,innovation,channel,button,aaj,tak,walks,world,online,tv,website,good,triumph,icon,network,app,hd,gnt,audiences,initiative,place,heart,push,instagram,gloomy,life,hope,live,dilli,streaming,channels,mosque,mobile press,bell group,follow,video,breaking,goodwill,stories,foster,free,inspiration,hindi,motto,side,download,twitter,case,kashi,the facebook,khabar,dark,information,news,part,india,so sorry,notifications,today
subscribe,mother,walks,tv,place,gloomy,pakistan,live,goodwill,stories,free,motto,download,somy,dark,india,news,notifications,family,innovation,button,icon,hd,gnt,desh,push,life,hope,bell group,video,movies,hindi,twitter,the facebook,press,so sorry,mobile,channel,aaj,tak,triumph,network,kiss,audiences,initiative,heart,film,instagram,dilli,channels,follow,hoon,ki,foster,khabar,interview,website,side,today,watch,actress,list,world,online,good,app,tez,baat,songs,streaming,sonu sood,inspiration,somi,khan,ali,salman,information,part
watch,subscribe,singh,innovation,channel,button,sacchi,frigate,aaj,tak,walks,world,online,tv,website,good,triumph,icon,network,app,surat,hd,gnt,the,initiative,place,facebook,audiences,heart,push,instagram,gloomy,life,hope,live,dilli,warship,streaming,channels,mobile press,bell group,follow,rajnath,video,goodwill,stories,foster,free,inspiration,hindi,ins,motto,side,download,udaygiri,twitter,caves,warships,khabar,dark,launch,news,part,information,india,so sorry,notifications,today,udayagiri
watch,monsoons,subscribe,mobile,innovation,channel,button,forecast,updates,tak,aaj,walks,world,online,tv,website,good,triumph,icon,network,app,hd,gnt,audiences,initiative,place,heart,push,instagram,gloomy,life,hope,live,dilli,streaming,channels,bell group,simla,follow,video,weather,goodwill,stories,foster,free,inspiration,hindi,motto,side,climate,download,twitter,season,rain,monsoon,mangal,the facebook,press,khabar,india,dark,news,part,information,so sorry,notifications,today
survey,masjid,subscribe,innovation,channel,button,aaj,tak,walks,world,tv,website,good,triumph,icon,network,app,hd,gnt,audiences,initiative,place,heart,push,instagram,gloomy,life,hope,live,dilli,channels,mosque,mobile press,bell group,follow,video,breaking,goodwill,stories,foster,inspiration,side,hindi,motto,astro,download,twitter,kashi,the facebook,khabar,india,dark,news,part,information,so sorry,notifications,today
subscribe,innovation,channel,button,aaj,tak,walks,world,tv,website,good,triumph,icon,network,app,cave,temple,yatra,gnt,hd,helicopter,initiative,place,audiences,heart,push,instagram,gloomy,life,hope,dilli,jaye,amarnath,channels,mobile press,bell group,follow,ki,video,date,goodwill,stories,foster,inspiration,hindi,motto,side,astro,registration,download,twitter,route,the facebook,khabar,india,dark,news,part,information,so sorry,notifications,today
wali,subscribe,innovation,channel,button,aaj,tak,walks,world,tv,website,good,triumph,icon,network,app,hd,gnt,audiences,initiative,place,heart,push,instagram,gloomy,life,hope,live,dilli,channels,mobile press,bell group,follow,video,breaking,goodwill,stories,foster,inspiration,smile,hindi,motto,side,astro,download,twitter,the facebook,khabar,india,dark,news,part,information,so sorry,notifications,today
subscribe,innovation,channel,today,button,demand,aaj,tak,walks,world,tv,website,good,crises,delhi,icon,network,triumph,hd,app,gnt,audiences,initiative,place,heart,push,instagram,gloomy,life,hope,dilli,channels,mobile press,bell group,follow,video,goodwill,stories,foster,inspiration,side,hindi,motto,astro,subsidy,download,bill,twitter,special,electricity,the facebook,khabar,india,dark,news,part,information,rates,so sorry,notifications,shortage
subscribe,innovation,channel,button,aaj,tak,walks,world,tv,website,good,triumph,icon,network,app,hd,the,audiences,initiative,place,facebook,heart,push,ukraine,instagram,life,hope,gloomy,dilli,channels,mobile press,bell group,war,follow,video,vs,goodwill,stories,foster,inspiration,side,hindi,motto,astro,download,twitter,khabar,india,dark,news,russia,part,crisis,information,so sorry,notifications,today
leader,subscribe,innovation,channel,button,patel,aaj,tak,walks,world,tv,website,good,triumph,icon,network,app,hd,gnt,audiences,initiative,place,congress,resigns,heart,push,instagram,life,hope,gloomy,dilli,channels,mobile press,bell group,follow,video,breaking,goodwill,stories,foster,inspiration,side,hindi,motto,astro,download,twitter,the facebook,khabar,india,bjp,news,dark,part,hardik,information,so sorry,notifications,today
boss,subscribe,mobile,anoop,innovation,krishna,channel,button,bhajan,anup,aaj,tak,walks,world,tv,website,good,triumph,icon,lagi,network,app,bhajans,hd,gnt,audiences,initiative,place,heart,push,instagram,gloomy,life,hope,baat,songs,ghazals,dilli,channels,bell group,follow,video,ke,goodwill,stories,foster,inspiration,side,hindi,motto,aisi,astro,download,twitter,the facebook,press,khabar,india,dark,news,part,information,so sorry,notifications,today,song
horoscope,pandey,subscribe,step,group,innovation,channel,button,beginner,rashi,aaj,tak,walks,world,tv,website,good,triumph,icon,network,app,hd,gnt,audiences,initiative,place,bell,heart,push,instagram,gloomy,life,hope,dilli,learn,channels,luck,mobile press,shailendra,follow,pt,video,kannada,goodwill,stories,foster,inspiration,side,hindi,motto,astro,download,twitter,astrology,the facebook,khabar,india,dark,news,part,information,so sorry,notifications,today
subscribe,challenge,jonathan,walks,tv,place,gloomy,birds,goodwill,stories,vlog,motto,download,india,dark,news,talai,notifications,innovation,valley,bailey,button,check,icon,hd,gnt,push,life,hope,mobile press,bell group,video,gadwali,hindi,astro,twitter,so sorry,mewar,channel,aaj,tak,triumph,battle,network,the,audiences,initiative,heart,haldi,instagram,dilli,channels,war,follow,ki,ghati,foster,chorbat,rakt,haldighati,khabar,website,side,today,world,good,paris,app,facebook,hath,ka,skardu,fact,inspiration,information,part,lifestyle food,song
subscribe,kolkata,years,innovation,channel,button,aaj,tak,walks,world,tv,website,good,triumph,icon,network,app,hd,gnt,express,initiative,place,audiences,heart,push,so sorry,instagram,life,hope,gloomy,dilli,channels,mumbai,mobile press,bell group,exp,follow,video,goodwill,stories,foster,inspiration,side,hindi,motto,astro,download,twitter,howrah,the facebook,khabar,india,dark,news,part,information,food,notifications,patna rajdhani,today
wali,subscribe,innovation,channel,button,tak,aaj,walks,world,tv,website,good,triumph,icon,network,app,hd,gnt,audiences,initiative,place,heart,push,instagram,gloomy,life,hope,dilli,channels,mobile press,bell group,follow,video,breaking,goodwill,stories,foster,inspiration,smile,hindi,motto,side,astro,download,twitter,the facebook,khabar,india,launch,news,dark,part,information,so sorry,notifications,today
wali,subscribe,innovation,channel,button,tak,aaj,walks,world,tv,website,good,triumph,icon,network,app,hd,gnt,audiences,initiative,place,heart,push,instagram,gloomy,life,hope,dilli,channels,mobile press,bell group,follow,video,breaking,goodwill,stories,foster,inspiration,smile,hindi,motto,side,astro,download,twitter,the facebook,khabar,india,launch,news,dark,part,information,so sorry,notifications,today
samachar,development,subscribe,mobile,innovation,channel,button,mandir,aaj,tak,walks,world,tv,website,good,triumph,icon,network,app,temple,hd,gnt,audiences,initiative,place,ram,heart,push,instagram,gloomy,life,hope,dilli,channels,bell group,follow,update,video,model,goodwill,stories,foster,inspiration,side,hindi,construction,motto,astro,download,twitter,ayodhya,the facebook,press,khabar,verdict,india,news,dark,part,information,so sorry,notifications,today
kahaani,history,subscribe,innovation,channel,button,mandir,aaj,tak,walks,world,tv,website,good,triumph,icon,network,app,hd,gnt,audiences,initiative,place,heart,push,instagram,gauri,life,hope,gloomy,dilli,channels,mobile press,bell group,vishwanath temple,follow,ki,varanasi,video,baba,goodwill,stories,foster,inspiration,hindi,motto,astro,side,download,twitter,corridor,special,kashi,the facebook,khabar,india,dark,news,darshan,part,information,so sorry,notifications,today
samachar,subscribe,innovation,channel,button,bhajan,anup,aaj,tak,walks,world,darbar,tv,website,good,triumph,icon,network,app,hd,gnt,audiences,initiative,place,heart,push,instagram,gloomy,life,hope,songs,dilli,ka,channels,mobile press,bell group,follow,video,ke,wale,baba,goodwill,stories,foster,inspiration,hindi,motto,astro,side,notifications,download,twitter,sai,the facebook,khabar,india,dark,news,part,information,so sorry,shirdi,aarti,today,song
subscribe,actress,innovation,channel,button,the hope,aaj,tak,walks,world,time life,tv,website,lunch,good,triumph,icon,network,deepika padukone,app,hd,gnt,audiences,initiative,place,facebook,heart,push,film,instagram,gloomy,converge,dilli,members,festival,time,channels,mobile press,bell group,padukone,follow,video,lineup,jury,goodwill,stories,movies,foster,hindi,motto,inspiration,side,astro,download,twitter,khabar,india,dark,news,part,information,so sorry,notifications,cannes,today
wali,subscribe,news channel,innovation,channel,button,aaj,tak,walks,world,tv,website,good,triumph,icon,network,app,hd,gnt,audiences,initiative,place,heart,push,instagram,gloomy,life,tez,hope,dilli,channels,mobile press,bell group,follow,video,breaking,goodwill,stories,foster,inspiration,smile,hindi,motto,side,astro,download,twitter,the facebook,khabar,india,launch,news,dark,part,information,so sorry,notifications,today
subscribe,innovation,river,channel,button,mandir,vlogs,aaj,tak,walks,world,tv,campaign,good,lunch,triumph,kaveri,icon,network,app,hd,website,gnt,the,initiative,place,narmada,plan,facebook,audiences,heart,push,instagram,gloomy,life,hope,dilli,channels,tips,mobile press,bell group,follow,video,goodwill,cleaning,stories,foster,inspiration,ghats,motto,india time,hindi,side,astro,download,twitter,brass,hacks,khabar,copper,dark,information,news,part,india,action,so sorry,notifications,today
subscribe,innovation,channel,button,struggle,motivation,aaj,tak,walks,world,time life,tv,website,mali,america,jaunpur,icon,network,triumph,good,lunch,hd,gnt,the,initiative,place,facebook,audiences,heart,push,so sorry,app,kahani,hope,instagram,gloomy,dilli,sarita,channels,mumbai,mobile press,bell group,phd,follow,jalgaon,ki,student,video,goodwill,stories,foster,inspiration,side,hindi,motto,astro,story,download,twitter,khabar,india,dark,news,part,information,viral,notifications,today
subscribe,photo,innovation,facts,channel,mandir,button,aaj,tak,das,maharaj,walks,world,tv,website,good,lunch,triumph,icon,network,app,temple,hd,gnt,ji,initiative,place,the,facebook,ram,audiences,heart,push,instagram,gloomy,bhawan,life,kanaka,hope,dilli,channels,mobile press,bell group,follow,ki,video,ke,goodwill,stories,foster,inspiration,side,hindi,motto,india time,astro,download,twitter,ayodhya,kanak,bihari,khabar,dark,information,news,darshan,part,india,so sorry,notifications,aarti,today
subscribe,innovation,channel,button,aaj,tak,walks,world,trees,tv,campaign,lunch,good,triumph,icon,network,app,website,bird,hd,gnt,the,initiative,place,facebook,side,audiences,heart,push,instagram,gloomy,birds,life,hope,prey,dilli,garden,time,channels,mobile press,bell group,follow,video,fruit,goodwill,stories,foster,crop,winter,hindi,motto,india time,protector,inspiration,protection,story,download,twitter,astro,season,baby,rohtak,khabar,dark,information,news,part,india,so sorry,notifications,today
subscribe,years,innovation,channel,button,today,aaj,tak,walks,world,time life,tv,website,good,lunch,triumph,icon,network,app,hd,express,gnt,initiative,place,the,facebook,audiences,heart,push,instagram,gloomy,hope,dilli,jubilee,channels,mumbai,year,mobile press,bell group,follow,birthday,video,goodwill,stories,rajdhani,foster,tejas,hindi,motto,inspiration,side,astro,download,twitter,anniversary,khabar,india,dark,news,part,information,so sorry,news today,notifications
hindu,history,shakti,kolkata,subscribe,innovation,ho,channel,button,aaj,tak,walks,kali,world,tv,website,good,triumph,icon,network,app,temple,hd,gnt,audiences,initiative,place,maa,heart,push,instagram,life,hope,gloomy,dilli,channels,mobile press,bell group,follow,video,peeth,goodwill,stories,foster,inspiration,side,hindi,motto,astro,download,twitter,the facebook,khabar,india,dark,news,part,information,so sorry,notifications,aarti,today
wali,subscribe,innovation,channel,button,asam,aaj,tak,walks,world,tv,website,good,triumph,icon,network,app,hd,gnt,audiences,initiative,place,heart,push,flood,instagram,life,hope,gloomy,dilli,channels,mobile press,bell group,follow,video,breaking,goodwill,stories,foster,inspiration,smile,hindi,motto,side,astro,download,twitter,the facebook,khabar,india,dark,news,part,information,so sorry,notifications,today
wali,subscribe,innovation,channel,button,aaj,tak,walks,world,tv,website,good,triumph,icon,network,app,hd,gnt,audiences,initiative,place,heart,push,film,instagram,life,hope,gloomy,dilli,festival,channels,mobile press,bell group,follow,video,breaking,goodwill,stories,foster,inspiration,smile,hindi,motto,side,astro,download,twitter,the facebook,khabar,india,dark,news,part,information,so sorry,notifications,cannes,today
survey,masjid,subscribe,innovation,channel,button,aaj,tak,walks,world,tv,website,good,triumph,icon,network,app,hd,gnt,audiences,initiative,place,heart,push,instagram,gloomy,life,hope,dilli,channels,mosque,mobile press,bell group,follow,video,breaking,goodwill,owaisi,stories,foster,inspiration,hindi,motto,side,astro,download,twitter,the facebook,khabar,india,dark,news,part,information,so sorry,notifications,today
subscribe,innovation,channel,button,chai,aaj,tak,walks,world,tv,website,good,par,triumph,icon,network,app,hd,gnt,audiences,initiative,place,heart,push,film,instagram,life,hope,gloomy,live,dilli,festival,channels,mobile press,bell group,follow,video,goodwill,stories,foster,inspiration,side,films,motto,hindi,astro,download,twitter,the facebook,khabar,india,dark,news,carpet,part,information,so sorry,notifications,cannes,today
survey,masjid,subscribe,innovation,channel,button,aaj,tak,walks,world,tv,website,good,triumph,icon,network,app,hd,gnt,audiences,initiative,place,heart,push,instagram,gloomy,life,hope,dilli,channels,mosque,mobile press,bell group,follow,video,goodwill,stories,foster,inspiration,side,hindi,motto,astro,download,twitter,case,sawal,row,kashi,the facebook,khabar,india,dark,news,part,information,so sorry,notifications,today
subscribe,kashmir,innovation,channel,button,chai,aaj,tak,walks,world,tv,website,good,par,forces,icon,network,triumph,app,hd,gnt,the,initiative,army,place,facebook,audiences,heart,push,instagram,gloomy,life,hope,security,dilli,channels,mobile press,bell group,follow,video,jammu,goodwill,stories,foster,inspiration,side,hindi,motto,astro,make,download,twitter,exhibitions,exhibition,khabar,india,dark,news,part,information,so sorry,notifications,today,hc
subscribe,innovation,channel,today,button,aaj,tak,check,walks,world,tv,website,situation,good,triumph,icon,network,app,hd,gnt,audiences,initiative,place,heart,push,flood,instagram,life,hope,gloomy,dilli,channels,mobile press,bell group,follow,video,fact,goodwill,stories,foster,inspiration,side,hindi,motto,astro,notifications,download,twitter,damage,the facebook,floods,khabar,india,dark,news,part,information,so sorry,assam,flash video
subscribe,mobile,innovation,channel,today,button,aaj,tak,walks,world,tv,website,situation,good,triumph,icon,network,app,hd,gnt,audiences,initiative,place,heart,push,flood,instagram,life,hope,gloomy,dilli,channels,bell group,follow,video,goodwill,stories,foster,inspiration,side,hindi,motto,astro,notifications,download,twitter,mangal,damage,the facebook,floods,press,khabar,india,dark,news,part,information,so sorry,assam,flash video
subscribe,mobile,innovation,plastic,channel,button,aaj,tak,walks,world,tv,website,good,delhi,icon,network,triumph,app,hd,gnt,audiences,initiative,place,desh,heart,push,instagram,gloomy,hope,baat,dilli,channels,bell group,air,follow,hoon,women,fight life,ki,video,bangkok,sonu sood,goodwill,bali,stories,foster,inspiration,hindi,motto,oil,side,astro,download,twitter,pollution,the facebook,press,khabar,india,dark,news,part,information,so sorry,notifications,today
subscribe,innovation,channel,button,updates,aaj,tak,walks,world,tv,website,situation,good,triumph,icon,network,app,hd,gnt,audiences,initiative,place,heart,push,flood,instagram,life,hope,gloomy,dilli,channels,mobile press,bell group,follow,video,goodwill,stories,foster,inspiration,side,hindi,motto,astro,flash,notifications,download,twitter,rain,damage,the facebook,floods,khabar,india,dark,news,part,information,so sorry,assam,today
survey,subscribe,innovation,channel,button,aaj,tak,walks,world,tv,website,good,triumph,icon,network,app,hd,gnt,audiences,initiative,place,heart,push,instagram,gloomy,life,hope,dilli,channels,mobile press,bell group,report,follow,video,breaking,goodwill,stories,foster,inspiration,side,hindi,motto,astro,download,twitter,the facebook,khabar,india,dark,news,part,information,so sorry,notifications,today
subscribe,innovation,channel,button,aaj,tak,walks,world,tv,website,good,triumph,icon,network,app,hd,gnt,audiences,initiative,place,cm,heart,push,instagram,life,hope,gloomy,yogi,dilli,channels,mobile press,bell group,follow,update,video,breaking,goodwill,stories,adityanath,foster,inspiration,hindi,motto,side,astro,download,twitter,the facebook,khabar,india,dark,news,part,information,so sorry,notifications,today
horoscope,pandey,subscribe,step,group,innovation,channel,button,love,forecast,rashi,aaj,tak,walks,world,tv,website,good,triumph,icon,network,app,hd,gnt,audiences,initiative,place,bell,heart,push,instagram,gloomy,life,hope,dilli,learn,videos,channels,luck,mobile press,shailendra,pisces,follow,pt,video,kannada,goodwill,stories,foster,inspiration,side,hindi,motto,astro,download,twitter,astrology,the facebook,khabar,india,dark,news,part,information,so sorry,notifications,today
subscribe,innovation,channel,button,aaj,tak,walks,world,tv,website,good,triumph,icon,network,app,hd,gnt,audiences,initiative,place,heart,push,ukraine,instagram,life,hope,gloomy,live,dilli,conflict,channels,mobile press,bell group,war,follow,update,video,vs,goodwill,stories,foster,inspiration,side,hindi,motto,astro,download,twitter,the facebook,khabar,india,dark,news,russia,part,information,so sorry,notifications,today
subscribe,innovation,channel,button,aaj,tak,walks,world,tv,website,good,triumph,icon,network,app,hd,gnt,audiences,initiative,place,heart,push,instagram,gloomy,life,hope,dilli,channels,mobile press,bell group,follow,video,breaking,goodwill,owaisi,stories,foster,inspiration,hindi,motto,side,astro,download,twitter,the facebook,khabar,india,launch,news,dark,part,information,so sorry,notifications,today
boss,subscribe,mobile,anoop,innovation,krishna,channel,button,bhajan,anup,aaj,tak,walks,world,tv,website,good,triumph,icon,network,app,bhajans,hd,gnt,audiences,initiative,place,heart,push,instagram,gloomy,life,hope,baat,ghazals,songs,dilli,channels,bell group,follow,video,goodwill,stories,foster,inspiration,side,hindi,motto,astro,bigg,download,twitter,sandhya,the facebook,press,khabar,india,dark,news,part,information,so sorry,notifications,today,song
gold,subscribe,innovation,sathya,channel,button,mandir,aaj,tak,walks,world,tv,website,good,donation,triumph,icon,network,app,temple,hd,gnt,audiences,initiative,place,heart,push,instagram,gloomy,life,hope,songs,dilli,donations,channels,year,mobile press,bell group,follow,video,baba,goodwill,celebration,stories,foster,hindi,motto,inspiration,side,notifications,astro,download,twitter,special,sai,the facebook,saibaba,khabar,india,dark,news,part,information,so sorry,shirdi,today
subscribe,innovation,channel,button,aaj,tak,walks,world,tv,website,good,triumph,icon,network,app,hd,gnt,audiences,initiative,place,heart,push,instagram,gloomy,life,hope,dilli,channels,mobile press,bell group,follow,video,breaking,goodwill,stories,foster,inspiration,side,hindi,motto,astro,download,twitter,the facebook,khabar,india,launch,news,dark,part,information,so sorry,notifications,today
subscribe,singh,sidhu,innovation,channel,button,aaj,tak,walks,world,tv,website,good,triumph,icon,network,app,hd,gnt,audiences,initiative,place,heart,push,instagram,gloomy,life,hope,punjab,dilli,channels,mobile press,bell group,follow,video,breaking,goodwill,stories,foster,inspiration,side,hindi,motto,astro,download,twitter,the facebook,khabar,india,dark,news,part,information,so sorry,notifications,today
subscribe,innovation,channel,button,aaj,tak,walks,world,tv,website,good,triumph,icon,network,app,hd,gnt,audiences,initiative,place,heart,push,instagram,gloomy,life,hope,dilli,channels,mobile press,bell group,follow,video,breaking,goodwill,stories,foster,inspiration,side,hindi,motto,astro,download,twitter,the facebook,khabar,india,launch,news,dark,part,information,so sorry,notifications,today,lpg
subscribe,innovation,channel,button,the hope,aaj,tak,walks,world,tv,website,good,triumph,icon,missile,network,app,hd,gnt,audiences,initiative,place,facebook,heart,iran,push,instagram,life,gloomy,anti,dilli,channels,mobile press,bell group,follow,video,goodwill,stories,foster,inspiration,side,hindi,motto,astro,defense,missiles,ship,notifications,twitter,download,special,khabar,india,launch,news,russia,dark,part,information,so sorry,harpoon,today
subscribe,innovation,ho,channel,button,aaj,tak,walks,benefits,uses,tv,world,website,good,triumph,icon,network,app,hd,importance,gnt,initiative,place,audiences,heart,push,instagram,gloomy,life,hope,feather,dilli,vastu,channels,mobile press,bell group,follow,video,peacock,goodwill,stories,foster,inspiration,side,hindi,motto,astro,download,placement,astrology,twitter,the facebook,feathers,khabar,india,dark,news,part,information,so sorry,notifications,today
subscribe,innovation,channel,button,the hope,aaj,tak,walks,world,time life,tv,website,lunch,good,triumph,icon,network,app,hd,ttp,gnt,audiences,initiative,iq,place,facebook,heart,push,instagram,gloomy,pakistan,dilli,time,channels,mobile press,agreement,bell group,follow,video,goodwill,stories,foster,inspiration,side,hindi,motto,astro,download,twitter,ceasefire,study,khabar,india,dark,news,russia,part,information,so sorry,notifications,today
maharaj ji,krishan,subscribe,kaushal,mishra,innovation,vijay,channel,button,vallabha,kanha,aaj,tak,walks,world,tv,geet,good,website,triumph,icon,network,app,hd,gnt,audiences,initiative,place,arti,ram,sri,heart,push,so sorry,life,hope,instagram,gloomy,dilli,mithila,channels,mobile press,bell group,follow,video,goodwill,stories,foster,inspiration,side,hindi,motto,radha,astro,mandap,notifications,download,twitter,special,bihari,ratna,suman,the facebook,kunj,katha,india,khabar,news,dark,part,information,bangla,bhagwat,today,sitamarhi
subscribe,innovation,channel,button,updates,aaj,tak,check,walks,world,tv,website,good,triumph,icon,network,app,hd,gnt,audiences,initiative,place,heart,push,flood,instagram,life,hope,gloomy,dilli,channels,mobile press,bell group,follow,video,fact,goodwill,stories,foster,inspiration,side,hindi,motto,astro,flash,notifications,download,twitter,rain,visuals,damage,the facebook,floods,khabar,india,dark,news,part,information,so sorry,assam,today
samachar,subscribe,flood damage,innovation,channel,button,updates,aaj,tak,walks,world,tv,website,good,triumph,icon,network,app,hd,gnt,audiences,initiative,place,heart,push,instagram,gloomy,life,hope,dilli,channels,mobile press,bell group,follow,video,goodwill,stories,foster,inspiration,side,hindi,motto,astro,flash,notifications,download,twitter,rain,visuals,the facebook,floods,khabar,india,dark,news,part,information,so sorry,assam,cannes,today
chawla,subscribe,innovation,digital,channel,button,aaj,tak,faruqui,walks,world,tv,website,tandon,good,triumph,award,awards,icon,network,hd,app,gnt,audiences,initiative,place,heart,push,instagram,gloomy,life,raveena,hope,live,dilli,channels,mobile press,bell group,follow,video,goodwill,rautela,stories,foster,sharma,hindi,motto,inspiration,side,astro,download,twitter,teaser,season,the facebook,khabar,india,dark,news,part,information,so sorry,notifications,today
subscribe,innovation,channel,today,button,aaj,tak,walks,world,time life,tv,fm,website,good,lunch,aus,icon,network,tokyo,triumph,hd,app,gnt,the,initiative,place,facebook,audiences,heart,push,instagram,gloomy,hope,dilli,pm,channels,quad,japan,mobile press,bell group,follow,video,jaishankar,goodwill,stories,foster,inspiration,side,hindi,motto,astro,download,quad news,twitter,meeting,khabar,india,dark,news,part,information,australia,so sorry,notifications,meet
chawla,subscribe,innovation,digital,channel,button,aaj,tak,walks,world,tv,website,tandon,good,triumph,award,awards,icon,network,hd,app,gnt,audiences,initiative,place,heart,push,instagram,gloomy,life,raveena,hope,live,dilli,channels,mobile press,bell group,follow,video,goodwill,rautela,stories,foster,sharma,hindi,motto,inspiration,side,astro,download,twitter,teaser,season,the facebook,khabar,india,dark,news,part,information,so sorry,notifications,today
chawla,subscribe,innovation,digital,channel,button,aaj,tak,walks,world,tv,website,tandon,good,triumph,icon,awards,network,award,hd,app,gnt,audiences,initiative,place,heart,push,instagram,gloomy,life,raveena,hope,live,dilli,channels,mobile press,bell group,follow,video,goodwill,rautela,stories,foster,sharma,hindi,motto,inspiration,side,astro,download,twitter,season,ott,the facebook,khabar,india,dark,news,part,information,so sorry,notifications,today
chawla,subscribe,innovation,digital,channel,button,aaj,tak,walks,world,tv,website,tandon,good,triumph,award,awards,icon,network,hd,app,gnt,audiences,initiative,place,heart,push,instagram,gloomy,life,raveena,hope,live,dilli,channels,mobile press,bell group,follow,video,anurag,goodwill,rautela,stories,foster,sharma,hindi,motto,inspiration,side,astro,download,twitter,season,the facebook,khabar,india,dark,news,part,information,so sorry,notifications,today
chawla,subscribe,innovation,digital,channel,button,bhuvan,aaj,tak,faruqui,walks,world,tv,website,tandon,good,triumph,award,awards,icon,network,hd,app,gnt,audiences,initiative,place,heart,push,instagram,gloomy,life,raveena,hope,live,dilli,channels,mobile press,bell group,bhuvan bam,follow,video,goodwill,rautela,stories,foster,inspiration,hindi,motto,side,astro,bam,download,twitter,season,the facebook,khabar,india,dark,news,part,information,so sorry,notifications,today
chawla,subscribe,group,singh,innovation,digital,channel,button,aaj,tak,walks,world,tv,website,tandon,good,triumph,award,awards,icon,network,hd,app,gnt,bell,initiative,place,audiences,heart,push,instagram,gloomy,life,raveena,hope,live,dilli,channels,mobile press,follow,video,goodwill,rautela,stories,foster,inspiration,hindi,preet,motto,astro,side,download,twitter,season,the facebook,khabar,india,dark,news,part,information,so sorry,notifications,today
chawla,subscribe,sonu,singh,innovation,digital,channel,button,aaj,tak,walks,world,tv,website,tandon,good,triumph,award,awards,icon,network,hd,app,gnt,audiences,initiative,place,heart,push,instagram,gloomy,life,raveena,hope,live,dilli,channels,mobile press,bell group,follow,video,sonu sood,goodwill,rautela,stories,foster,inspiration,hindi,preet,motto,side,astro,download,twitter,season,the facebook,khabar,india,dark,news,part,information,so sorry,notifications,today
chawla,subscribe,singh,innovation,digital,channel,button,aaj,tak,walks,world,tv,website,tandon,good,triumph,award,awards,icon,network,hd,app,gnt,audiences,initiative,place,heart,push,instagram,gloomy,life,raveena,hope,live,dilli,channels,mobile press,bell group,follow,taapsee,video,goodwill,rautela,stories,foster,inspiration,hindi,preet,motto,side,astro,download,twitter,season,the facebook,khabar,india,dark,news,part,information,so sorry,notifications,today
