messenger,hour,telegram,mobile,channel,commentaries,personalities,updates,discussions,programming,politics,umran,audience,koo,facebook,quality,shows,instagram,join,pakistan,image,infotainment,channels,follow,malik,economy,kamran,premier,media,hindi,ipl,download,twitter,league,akmal,social,breaking news,india,apps,panel,google,sports
messenger,hour,telegram,mobile,channel,commentaries,personalities,updates,discussions,programming,politics,delhi,fire,audience,koo,quality,facebook,shows,instagram,join,image,mundka,infotainment,channels,follow,update,economy,media,hindi,download,twitter,kejriwal,breaking news,social,india,news,metro station,apps,panel,google,fire department,sports
messenger,hour,telegram,mobile,channel,cup,commentaries,personalities,updates,discussions,programming,politics,denmark,audience,koo,quality,facebook,cup final,shows,instagram,join,image,infotainment,channels,follow,economy,thomas,vs,breaking,media,hindi,download,hs,twitter,final,social,india,apps,news,prannoy,panel,google,sports
messenger,zaika,hour,telegram,drive,subscribe,mobile,channel,us,commentaries,personalities,updates,discussions,clip,tv,protests,programming,politics,delhi,sports,fire,audience,quality,facebook,shows,more,join,instagram,demolition,image,mundka,bagh,infotainment,channels,follow,economy,google videos,hindi,media watch,download,twitter,social,breaking news,india,news,apps,panel,shaheen
messenger,hour,telegram,mobile,channel,commentaries,personalities,updates,discussions,programming,politics,delhi,fire,audience,koo,quality,facebook,building,shows,instagram,join,image,mundka,infotainment,channels,follow,economy,media,hindi,download,twitter,social,breaking news,india,people,news,apps,panel,google,sports
messenger,hour,telegram,mobile,packing,channel,commentaries,personalities,updates,discussions,programming,politics,delhi,fire,audience,koo,quality,facebook,building,shows,instagram,join,image,mundka,infotainment,channels,follow,economy,media,hindi,download,twitter,social,breaking news,india,people,news,apps,panel,google,sports
messenger,condition,hour,telegram,paani,mobile,channel,ponmudy,commentaries,language,personalities,updates,discussions,programming,education,politics,minister,audience,koo,facebook,quality,tamil,shows,nadu,join,instagram,google,image,infotainment,debate,channels,follow,priyadarshan,economy,puri,vlog,media,hindi,download,twitter,social,breaking news,india,apps,panel,bangla,remark,sports
kings,messenger,hour,telegram,mobile,rishi,digital,channel,commentaries,personalities,updates,playoffs,discussions,challengers,programming,politics,dhawan,audience,koo,facebook,quality,shows,instagram,join,punjab,image,infotainment,channels,wins,follow,economy,vs,media,bangalore,hindi,ipl,download,twitter,teaser,social,breaking news,royal,india,apps,panel,google,sports
messenger,hour,bulletin,telegram,mobile,channel,commentaries,personalities,updates,discussions,tv,programming,politics,delhi,audience,koo,quality,facebook,top,shows,instagram,join,image,mundka,infotainment,channels,follow,economy,media,hindi,download,twitter,teaser,social,breaking news,headlines today,india,news,apps,panel,google,sports
messenger,hour,bulletin,telegram,station,mobile,singh,channel,commentaries,personalities,updates,discussions,clip,tv,modi,metro,programming,politics,delhi,fire,audience,koo,quality,facebook,shows,instagram,join,mukesh,pm,image,mundka,infotainment,channels,follow,economy,media,hindi,download,twitter,mundaka,social,breaking news,reporter,india,people,news,apps,panel,sengar,google,sports
messenger,body,hour,telegram,mobile,station,singh,channel,commentaries,personalities,updates,discussions,metro news,tv,modi,programming,politics,delhi,fire,audience,koo,quality,facebook,team,shows,instagram,join,mukesh,pm,commandant,image,mundka,infotainment,channels,follow,economy,breaking,parts,media,hindi,download,twitter,mundaka,teaser,social,reporter,operation,assistant,india,apps,news,panel,search,sengar,google,sports
messenger,hour,bulletin,telegram,mobile,singh,channel,commentaries,personalities,updates,discussions,clip,tv,modi,programming,politics,delhi,fire,audience,koo,quality,facebook,team,shows,instagram,join,mukesh,pm,image,mundka,infotainment,channels,department,follow,economy,media,hindi,download,twitter,mundaka,social,breaking news,reporter,operation,india,news,metro station,apps,panel,sengar,google,sports
messenger,hour,bulletin,telegram,station,mobile,singh,channel,commentaries,personalities,updates,discussions,tv,modi,metro,programming,politics,delhi,fire,audience,koo,quality,facebook,shows,instagram,join,mukesh,pm,image,mundka,infotainment,channels,follow,economy,media,hindi,download,twitter,teaser,mundaka,social,breaking news,reporter,india,people,news,apps,panel,sengar,google,sports
messenger,export,hour,bulletin,telegram,mobile,channel,commentaries,personalities,updates,ban,discussions,tv,programming,politics,government,audience,koo,quality,facebook,shows,instagram,join,image,infotainment,channels,anchor,follow,kaushik,economy,breaking,media,hindi,download,jaya,teaser,twitter,wheat,social,india,news,apps,panel,google,sports
messenger,survey,masjid,bulletin,telegram,mobile,hour,singh,channel,commentaries,personalities,updates,discussions,clip,tv,programming,politics,temple,audience,koo,quality,facebook,shows,gauri,join,instagram,image,infotainment,channels,pratap,follow,varanasi,economy,ajay,media,hindi,commissioner,download,twitter,social,breaking news,court,advocate,india,news,apps,panel,google,sports
messenger,hour,telegram,mobile,digital,channel,commentaries,personalities,updates,discussions,programming,politics,audience,koo,quality,facebook,celebrate,shows,join,instagram,image,infotainment,channels,mumbai,paparazzi,sunny,follow,birthday,economy,media,hindi,download,twitter,teaser,leone,breaking news,social,cake,india,apps,panel,google,sports
mumbai city,messenger,hour,telegram,mobile,digital,channel,commentaries,personalities,updates,singer,discussions,ani,politics,programming,look,audience,koo,facebook,quality,film,credit,join,shows,instagram,bollywood,google,image,infotainment,channels,follow,economy,video,badshah,media,hindi,download,twitter,teaser,social,breaking news,india,news,apps,panel,rapper,sports
messenger,hour,telegram,mobile,pak,mother,vimal,channel,commentaries,personalities,updates,discussions,clip,tv,programming,politics,audience,koo,quality,facebook,team,shows,instagram,join,pakistan,pakistani,google,image,infotainment,channels,anchor,cricket,follow,women,economy,mohan,breaking,indian,media,hindi,ipl,download,twitter,bismah maroof,social,field,india,news,apps,panel,interview,sports
messenger,arvind kejriwal,hour,telegram,mobile,digital,channel,commentaries,personalities,updates,discussions,ani,politics,government,delhi,programming,minister,audience,koo,facebook,quality,cm,credit,shows,join,instagram,image,infotainment,channels,arvind,chief,follow,economy,video,media,judiciary,hindi,download,twitter,teaser,kejriwal,breaking news,social,india,apps,panel,google,sports
messenger,hour,telegram,mobile,sanjay,channel,commentaries,personalities,updates,discussions,clip,modi,programming,politics,delhi,gandhi,fire,shukla,audience,koo,quality,facebook,shows,instagram,join,pm,factory,image,mundka,infotainment,channels,ranjan,follow,economy,vlog,media,hindi,download,twitter,mundaka,social,breaking news,corona,india,people,apps,metro station,panel,hospital,google,sports
messenger,hour,bulletin,telegram,mobile,channel,commentaries,personalities,updates,discussions,tv,programming,politics,delhi,fire,compensation,audience,koo,facebook,inquiry,quality,cm,shows,instagram,join,image,mundka,infotainment,channels,arvind,follow,economy,media,hindi,download,twitter,teaser,kejriwal,breaking news,social,india,news,apps,panel,google,sports
messenger,hour,bulletin,telegram,station,mobile,singh,channel,commentaries,personalities,updates,discussions,clip,tv,modi,metro,programming,politics,delhi,fire,audience,koo,quality,facebook,shows,instagram,join,mukesh,pm,image,mundka,infotainment,channels,follow,economy,media,hindi,download,twitter,mundaka,social,breaking news,reporter,india,news,apps,panel,sengar,google,sports
messenger,hour,telegram,mobile,digital,channel,commentaries,personalities,updates,discussions,heat,ani,politics,programming,audience,koo,quality,facebook,arrangements,credit,shows,join,instagram,image,infotainment,channels,follow,economy,video,media,hindi,download,twitter,teaser,gujarat,social,breaking news,ahmedabad,india,zoo,apps,panel,google,sports
messenger,harsha,hour,telegram,mobile,rahulgandhi,singh,rajasthan,channel,commentaries,personalities,updates,discussions,clip,tv,programming,politics,gandhi,audience,koo,quality,rahul gandhi,facebook,congress,shows,instagram,join,kumari,party,google,image,infotainment,channels,follow,economy,media,hindi,download,twitter,rahul,social,breaking news,india,apps,panel,udaipur,sports
messenger,survey,masjid,bulletin,telegram,mobile,hour,singh,channel,commentaries,personalities,updates,discussions,tv,programming,politics,audience,koo,quality,facebook,shows,instagram,join,security,image,infotainment,channels,follow,varanasi,economy,ajay,media,hindi,download,ends,twitter,teaser,social,breaking news,reporter,india,apps,panel,google,sports
messenger,hour,bulletin,telegram,mobile,channel,commentaries,personalities,updates,discussions,tv,programming,politics,congress party,udaipur,jakhar,audience,koo,quality,facebook,congress,shows,instagram,sunil,join,punjab,image,infotainment,channels,follow,economy,breaking,media,hindi,download,twitter,teaser,social,india,apps,news,panel,google,sports
messenger,hour,telegram,history,mobile,vimal,channel,cup,commentaries,personalities,updates,discussions,clip,tv,programming,politics,audience,koo,quality,facebook,team,win,shows,instagram,join,google,image,infotainment,channels,anchor,semi,follow,badminton,economy,mohan,thomas,breaking,indian,media,hindi,download,hs,twitter,final,social,world football,india,apps,news,prannoy,panel,interview,sports
messenger,hour,telegram,odisha,mobile,sensory,digital,channel,commentaries,personalities,updates,bhubaneswar,discussions,ani,politics,programming,audience,koo,quality,facebook,park,credit,shows,join,instagram,image,infotainment,channels,follow,economy,video,media,hindi,download,persons,twitter,teaser,social,breaking news,india,apps,panel,google,sports
rajiv,messenger,hour,telegram,mobile,cell,channel,price,commentaries,personalities,updates,discussions,programming,politics,design,technology,audience,koo,quality,facebook,guru,speed,shows,pro,join,instagram,image,models,infotainment,channels,performance,follow,review,economy,features,media,hindi,new,download,twitter,smartphone,social,breaking news,vivo,india,apps,panel,t1,google,sports
rajiv,messenger,hour,telegram,mobile,cell,channel,patel,price,commentaries,personalities,updates,discussions,programming,politics,design,technology,audience,koo,quality,facebook,guru,speed,shows,pro,life,join,instagram,image,models,infotainment,channels,performance,follow,review,economy,features,media,hindi,new,download,photography,smartphone,twitter,social,breaking news,vivo,india,apps,panel,bhavesh,t1,google,sports
messenger,hour,bulletin,telegram,mobile,channel,commentaries,personalities,updates,day,akhilesh,clip,tv,deb,discussions,programming,politics,amit,minister,audience,koo,facebook,quality,tripura,biplab deb,resigns,dev,sn,cm,join,shows,instagram,image,infotainment,channels,chief,follow,economy,biplab,media,sharma,hindi,download,arya,twitter,social,shah,breaking news,reporter,short,india,news,kumar,apps,panel,google,sports
rajiv,messenger,hour,telegram,mobile,qualcomm,digital,channel,patel,commentaries,personalities,updates,discussions,katrina,clip,programming,politics,technology,audience,koo,quality,facebook,kaif,shows,instagram,join,videos,image,infotainment,channels,anchor,follow,smartphones,video,economy,sponsored,pate,media,hindi,download,twitter,smartphone,season,social,breaking news,india,apps,panel,bhavesh,google,sports
messenger,hour,bulletin,telegram,mobile,channel,commentaries,personalities,updates,day,akhilesh,clip,deb,tv,discussions,programming,politics,amit,minister,audience,koo,facebook,quality,tripura,cm,dev,sn,resigns,join,shows,instagram,image,infotainment,channels,chief,follow,economy,biplab,media,sharma,hindi,download,arya,twitter,social,shah,breaking news,reporter,short,india,news,kumar,apps,panel,google,sports
messenger,harsha,hour,bulletin,telegram,mobile,channel,commentaries,personalities,updates,day,discussions,tv,programming,politics,gandhi,sunil singh,jakhar,audience,koo,quality,facebook,congress,shows,instagram,sunil,kumari,join,punjab,party,image,infotainment,channels,follow,economy,media,hindi,download,twitter,teaser,sonia,social,breaking news,reporter,rawat,india,news,apps,panel,google,sports
messenger,masjid,bulletin,telegram,mobile,hour,channel,commentaries,personalities,updates,day,discussions,tv,programming,politics,kadambini,audience,koo,quality,facebook,desh,shows,instagram,join,image,infotainment,channels,mosque,anchor,follow,varanasi,economy,media,sharma,hindi,download,twitter,uttar,social,breaking news,show,india,news,apps,panel,google,pradesh,sports
messenger,hour,bulletin,telegram,mobile,channel,commentaries,personalities,updates,day,discussions,tv,programming,politics,gandhi,kadambini,sunil singh,jakhar,audience,koo,quality,facebook,congress,shows,instagram,sunil,join,punjab,image,infotainment,channels,anchor,follow,economy,media,sharma,hindi,download,twitter,teaser,sonia,social,breaking news,rawat,india,news,apps,panel,google,sports
rao,chandrashekar,government,farmers,chief,industry,minister,telangana,show,india,news,updates,kcr,live,tv
messenger,hour,bulletin,telegram,mobile,channel,commentaries,personalities,updates,day,discussions,deb,tv,sharik,programming,politics,minister,audience,koo,facebook,quality,tripura,desh,resigns,dev,shows,instagram,baat,join,cm,image,infotainment,channels,anchor,follow,ki,economy,biplab,media,rahman,hindi,download,twitter,khan,social,breaking news,may,show,india,news,des,kumar,apps,panel,google,sports
messenger,hour,bulletin,telegram,mobile,singh,rajasthan,channel,commentaries,personalities,updates,day,discussions,tv,programming,politics,gandhi,sports,audience,koo,quality,facebook,congress,shows,instagram,join,google,image,infotainment,channels,follow,economy,breaking,media,hindi,pilot,download,twitter,teaser,sonia,social,reporter,india,sachin,news,apps,panel,udaipur,today
messenger,hour,bulletin,telegram,mobile,channel,commentaries,personalities,updates,day,akhilesh,clip,tv,deb,discussions,programming,politics,amit,minister,audience,koo,facebook,quality,tripura,manik,resigns,dev,sn,cm,join,shows,instagram,image,infotainment,channels,chief,follow,economy,biplab,media,sharma,hindi,download,arya,twitter,social,shah,breaking news,reporter,short,india,saha,news,kumar,apps,panel,google,sports
messenger,export,hour,bulletin,pandey,telegram,mobile,channel,commentaries,personalities,updates,day,discussions,tv,programming,politics,government,shukla,audience,koo,quality,facebook,shows,instagram,join,image,infotainment,channels,follow,economy,media,hindi,saurabh,download,twitter,teaser,secretary,wheat,breaking news,social,reporter,india,news,apps,panel,food,google,sports
messenger,survey,masjid,bulletin,telegram,mobile,hour,singh,channel,commentaries,personalities,updates,day,discussions,clip,tv,programming,politics,temple,audience,koo,quality,facebook,shows,gauri,join,instagram,image,infotainment,channels,mosque,pratap,follow,varanasi,economy,ajay,media,hindi,commissioner,download,twitter,uttar,social,breaking news,reporter,court,advocate,india,news,apps,panel,google,pradesh,sports
messenger,lives,hour,bulletin,telegram,mobile,singh,channel,tiwari,commentaries,city,personalities,updates,day,discussions,sengar,tv,programming,politics,delhi,fire,audience,koo,quality,facebook,centre,shows,join,mukesh,instagram,factory,image,mundka,infotainment,channels,follow,economy,media,hindi,download,twitter,incident,brothers,social,breaking news,reporter,show,india,news,apps,panel,crane,google,sports
messenger,hour,bulletin,telegram,sanjay,mobile,channel,commentaries,personalities,updates,day,north,thakur,tv,discussions,raj,programming,politics,sunil singh,maharashtra,raj thackeray,audience,koo,quality,facebook,thackeray,shows,join,instagram,image,infotainment,channels,follow,economy,media,hindi,download,twitter,teaser,ayodhya,social,breaking news,reporter,india,bjp,news,apps,panel,google,sports
messenger,hour,telegram,mobile,digital,channel,commentaries,personalities,updates,hashmi,discussions,ani,politics,programming,buzz,audience,koo,quality,facebook,credit,shows,join,instagram,bollywood,image,infotainment,channels,mumbai,paparazzi,follow,economy,video,source,media,tiger,hindi,download,twitter,teaser,social,breaking news,gym,india,news,apps,panel,google,sports
messenger,hour,telegram,mobile,digital news,channel,hoga,commentaries,personalities,updates,pink,soha,discussions,outfit,ani,politics,programming,sports,audience,daughter,koo,facebook,quality,credit,shows,kya,join,instagram,bollywood,image,infotainment,channels,mumbai,johnny,follow,economy,video,breaking,source,media,hindi,download,twitter,teaser,khan,social,ali,india,apps,news,panel,google,tera
messenger,hindu,hour,telegram,mobile,upadhyay,channel,price,commentaries,personalities,updates,bank,day,consumer,tv,discussions,programming,politics,delhi,audience,koo,quality,facebook,muqabla,shows,instagram,join,image,mundka,debate,infotainment,anchor,channels,follow,economy,inflation,index,media,hindi,reserve,download,twitter,social,breaking news,muslim,show,india,bjp,news,apps,panel,google,rate,sports
messenger,hour,telegram,mobile,channel,commentaries,personalities,updates,discussions,programming,politics,audience,koo,quality,facebook,cm,shows,instagram,join,image,infotainment,channels,follow,economy,breaking,media,hindi,nalanda,download,twitter,social,nitish,india,news,kumar,apps,panel,bihar,google,sports
bobby,messenger,hour,telegram,mobile,hero,comedy,deol,channel,commentaries,personalities,updates,discussions,tv,programming,politics,audience,koo,quality,facebook,shows,instagram,join,bollywood,google,image,infotainment,channels,follow,economy,villain,shishodia,actor,media,hindi,spotlight,download,twitter,news anchor,prashant,breaking news,social,show,india,apps,panel,interview,sports
messenger,hour,bulletin,telegram,mobile,channel,commentaries,personalities,updates,day,discussions,deb,tv,programming,politics,amit,kadambini,minister,audience,koo,facebook,quality,manik,tripura,resigns,dev,sn,cm,join,shows,instagram,image,infotainment,channels,anchor,chief,follow,economy,biplab,media,sharma,hindi,download,arya,twitter,social,shah,breaking news,show,india,bjp,news,kumar,apps,panel,saha,google,sports
messenger,lives,hour,bulletin,telegram,sanjay,mobile,singh,channel,tiwari,commentaries,personalities,updates,day,discussions,sengar,clip,tv,memorial,programming,politics,delhi,gandhi,fire,audience,koo,quality,facebook,shows,instagram,join,mukesh,image,mundka,infotainment,channels,follow,economy,breaking,media,hindi,download,twitter,incident,brothers,social,reporter,short,india,news,apps,panel,hospital,crane,google,sports
messenger,hour,bulletin,telegram,mobile,disaster,rudraprayag,uttarakhand,digital,channel,state news,commentaries,personalities,updates,day,discussions,ani,politics,programming,audience,koo,quality,facebook,rescue,shows,instagram,join,image,infotainment,channels,follow,economy,source,response,media,hindi,download,twitter,teaser,social,breaking news,gorge,india,apps,panel,google,sports,force
messenger,lives,hour,bulletin,telegram,mishra,channel,tiwari,commentaries,city,personalities,updates,day,discussions,tv,metro,programming,politics,delhi,fire,audience,koo,quality,facebook,centre,shows,join,instagram,image,mundka,infotainment,channels,anchor,follow,city express,economy,media,mobile station,hindi,download,twitter,incident,brothers,social,breaking news,show,india,news,apps,panel,crane,google,sports
messenger,symonds,hour,telegram,mobile,digital news,channel,car,cricketer,commentaries,personalities,updates,allrounder,discussions,programming,politics,audience,koo,quality,facebook,former,shows,instagram,join,image,infotainment,channels,all,cricket,follow,video,andrew,economy,australian,breaking,media,hindi,download,twitter,teaser,social,india,apps,rounder,news,panel,australia,google,sports
messenger,survey,masjid,bulletin,telegram,mobile,hour,channel,commentaries,personalities,updates,discussions,clip,tv,programming,politics,temple,audience,koo,quality,facebook,shows,gauri,join,instagram,rajput,image,infotainment,channels,anchor,work,follow,varanasi,economy,media,hindi,download,twitter,social,breaking news,court,india,apps,panel,aditi,google,pradesh,sports
messenger,hour,telegram,mobile,masjid,channel,commentaries,personalities,updates,discussions,programming,politics,audience,koo,quality,facebook,top,shows,instagram,join,image,infotainment,channels,follow,economy,media,hindi,download,twitter,social,breaking news,videography,headlines today,india,news,apps,panel,google,sports
article,messenger,hour,telegram,mobile,kashmir,digital,channel,commentaries,personalities,updates,omar,discussions,ani,politics,programming,sports,minister,audience,koo,facebook,quality,former,credit,shows,join,instagram,image,infotainment,channels,chief,follow,economy,jammu,video,abdullah,media,hindi,download,twitter,teaser,social,breaking news,abrogation,india,apps,panel,google,omar abdullah
messenger,hour,telegram,mobile,digital,plastic,channel,commentaries,personalities,updates,discussions,ani,politics,delhi,sports,programming,fire,audience,koo,quality,facebook,credit,shows,join,instagram,factory,image,infotainment,channels,follow,economy,video,media,hindi,narela,download,twitter,services,teaser,social,breaking news,india,apps,panel,google,area
messenger,masjid,telegram,mobile,hour,digital,channel,commentaries,personalities,updates,discussions,ani,politics,programming,hijab,audience,koo,quality,facebook,congress,credit,shows,join,instagram,image,infotainment,channels,chief,follow,varanasi,economy,video,owaisi,media,hindi,download,twitter,teaser,row,breaking news,social,india,apps,panel,google,sports
messenger,hour,bulletin,telegram,mobile,uddhav thackeray,mishra,kashmiri,channel,commentaries,personalities,updates,discussions,tv,rally,programming,politics,maharashtra,audience,koo,quality,facebook,cm,thackeray,shows,join,instagram,uddhav,infotainment,channels,image,mumbai,follow,economy,rss,media,hindi,download,twitter,teaser,pandits,breaking news,social,reporter,india,bjp,news,apps,panel,attacks,google,sports
messenger,masjid,bulletin,telegram,mobile,hour,channel,commentaries,personalities,updates,discussions,tv,programming,politics,temple,audience,koo,quality,facebook,shows,gauri,join,instagram,rajput,image,infotainment,channels,anchor,follow,varanasi,economy,media,hindi,download,twitter,teaser,social,breaking news,court,india,news,apps,panel,aditi,google,sports
messenger,hour,bulletin,telegram,mobile,rahulgandhi,singh,rajasthan,channel,commentaries,personalities,updates,discussions,clip,tv,programming,politics,gandhi,audience,koo,quality,rahul gandhi,facebook,congress,shows,instagram,join,google,image,infotainment,channels,follow,economy,breaking,media,hindi,download,twitter,rahul,sonia,social,reporter,india,news,apps,panel,udaipur,sports
messenger,export,hour,bulletin,telegram,mobile,channel,commentaries,personalities,updates,ban,discussions,clip,tv,programming,politics,government,shukla,audience,koo,quality,facebook,shows,instagram,join,image,infotainment,channels,follow,economy,media,hindi,saurabh,download,twitter,wheat,social,breaking news,reporter,india,news,apps,panel,google,sports
messenger,water,hour,telegram,mobile,district,digital,channel,commentaries,personalities,updates,imd,discussions,ani,situation,politics,heavy,programming,audience,koo,quality,facebook,flood,credit,join,shows,instagram,image,infotainment,channels,follow,economy,video,media,hindi,download,twitter,teaser,rain,dima,social,breaking news,india,apps,panel,assam,google,sports
messenger,hour,bulletin,telegram,mobile,rajasthan,channel,commentaries,personalities,updates,discussions,tv,heat,programming,politics,delhi,alert,audience,koo,quality,facebook,severe,states,shows,instagram,join,image,infotainment,channels,follow,economy,media,hindi,wave,download,twitter,teaser,madhya,heatwave,social,breaking news,india,news,apps,panel,google,pradesh,sports
messenger,hour,bulletin,telegram,mobile,singh,rajasthan,channel,commentaries,personalities,updates,discussions,clip,joshi,tv,programming,politics,delhi,minister,audience,koo,facebook,quality,police,shows,instagram,join,mukesh,son,image,infotainment,channels,rape,follow,economy,breaking,media,hindi,download,twitter,social,reporter,india,mahesh,news,search,apps,panel,sengar,google,jaipur,sports
classes,messenger,hour,bulletin,telegram,mobile,district,channel,system,commentaries,personalities,updates,discussions,blackboard,tv,sharik,programming,education,government,politics,katihar,audience,koo,quality,facebook,shows,instagram,join,image,infotainment,channels,anchor,follow,economy,breaking,media,hindi,download,twitter,teaser,khan,social,school,india,bihar,apps,news,panel,google,sports
messenger,hour,telegram,history,upadhyay,mobile,vice,veg news,sedition,channel,commentaries,personalities,chancellor,updates,non,discussions,clip,tv,programming,politics,audience,koo,quality,facebook,shows,instagram,join,google,image,infotainment,pandit,channels,anchor,follow,women,economy,media,hindi,download,twitter,social,breaking news,veg,first,india,apps,panel,controversy,interview,sports
messenger,harsha,hour,telegram,mobile,singh,rajasthan,channel,commentaries,personalities,updates,discussions,joshi,programming,politics,delhi,minister,audience,koo,facebook,quality,police,shows,instagram,join,kumari,son,image,infotainment,channels,notice,rape,follow,economy,breaking,media,hindi,download,twitter,rohit,social,reporter,india,news,mahesh,search,apps,panel,google,jaipur,sports
messenger,hour,leader,telegram,mobile,digital,channel,commentaries,personalities,national,updates,discussions,ani,politics,programming,jakhar,audience,koo,quality,facebook,congress,shows,instagram,sunil,join,punjab,party,google,image,infotainment,channels,chief,harish,follow,economy,media,hindi,download,twitter,teaser,social,breaking news,rawat,india,apps,panel,udaipur,sports
messenger,hour,telegram,mobile,digital,channel,commentaries,personalities,updates,coronavirus,discussions,cases,covid,ani,politics,programming,audience,koo,quality,facebook,covid19,shows,instagram,join,image,infotainment,channels,follow,economy,omicron,media,hindi,recovery,new,download,twitter,teaser,social,breaking news,india,apps,panel,google,rate,sports
classes,messenger,hour,bulletin,telegram,mobile,district,channel,system,commentaries,personalities,updates,discussions,blackboard,tv,sharik,programming,education,politics,katihar,audience,koo,quality,facebook,shows,instagram,join,image,infotainment,channels,anchor,follow,economy,breaking,media,hindi,download,twitter,teaser,khan,social,india,bihar,news,apps,panel,google,sports
messenger,hour,telegram,mobile,rahulgandhi,rajasthan,channel,vadra,commentaries,personalities,updates,discussions,programming,politics,gandhi,audience,koo,quality,rahul gandhi,facebook,congress,shows,instagram,join,google,image,infotainment,channels,follow,economy,breaking,media,hindi,download,twitter,rahul,sonia,priyanka,social,india,news,apps,panel,udaipur,sports,election committee
messenger,hour,telegram,mobile,indonesia,digital,channel,cup,commentaries,personalities,updates,discussions,programming,politics,beat,audience,koo,quality,facebook,shows,instagram,join,image,infotainment,channels,follow,badminton,economy,thomas,breaking,media,hindi,download,gold cup,twitter,teaser,social,india,apps,news,panel,google,sports
messenger,hour,telegram,mobile,rahulgandhi,rajasthan,channel,vadra,commentaries,personalities,updates,discussions,clip,tv,programming,politics,government,gandhi,audience,koo,quality,rahul gandhi,facebook,congress,shows,instagram,join,google,image,infotainment,channels,follow,economy,breaking,media,hindi,download,twitter,rahul,sonia,priyanka,social,short,india,bjp,news,apps,panel,udaipur,sports,election committee
messenger,hour,bulletin,telegram,mobile,kashmir,rajasthan,channel,vadra,sonia gandhi,commentaries,personalities,updates,day,sankalp,clip,tv,discussions,programming,election,politics,gandhi,kanyakumari,leaders,yatra,audience,koo,quality,facebook,congress,shows,instagram,bharat,join,speech,google,infotainment,channels,committee,nav,image,follow,economy,breaking,media,hindi,download,twitter,rahul,sonia,meeting,priyanka,social,jodo,short,india,news,apps,panel,udaipur,sports
messenger,hour,bulletin,telegram,mobile,indonesia,vimal,channel,cup,commentaries,personalities,updates,day,discussions,clip,tv,programming,politics,beat,audience,koo,quality,srikanth,facebook,shows,instagram,join,image,time,infotainment,channels,title,anchor,follow,badminton,economy,mohan,thomas,kidambi,breaking,bangkok,media,hindi,download,twitter,social,short,india,news,apps,panel,google,sports
messenger,hour,bulletin,telegram,mobile,kashmir,rajasthan,channel,vadra,sonia gandhi,commentaries,personalities,updates,day,sankalp,clip,tv,discussions,programming,election,politics,gandhi,leaders,yatra,audience,koo,quality,facebook,congress,shows,instagram,bharat,join,speech,google,infotainment,channels,committee,nav,image,follow,economy,breaking,media,hindi,download,twitter,rahul,sonia,meeting,priyanka,social,jodo,short,india,news,apps,panel,udaipur,sports
messenger,lives,hour,bulletin,telegram,mobile,singh,channel,tiwari,commentaries,personalities,updates,day,discussions,sengar,clip,tv,programming,politics,delhi,fire,audience,koo,quality,facebook,shows,instagram,join,mukesh,image,mundka,infotainment,channels,follow,economy,fire police,media,hindi,download,twitter,incident,brothers,social,breaking news,reporter,short,india,news,apps,panel,crane,google,sports
messenger,hour,bulletin,telegram,mobile,indonesia,vimal,channel,cup,commentaries,personalities,updates,day,discussions,clip,tv,programming,politics,beat,audience,koo,quality,srikanth,facebook,team,shows,instagram,join,image,time,infotainment,channels,title,anchor,follow,badminton,economy,anurag,mohan,thomas,kidambi,breaking,media,hindi,download,twitter,social,short,india,news,apps,panel,google,sports
messenger,hour,bulletin,telegram,mobile,rahulgandhi,kashmir,singh,rajasthan,channel,vadra,commentaries,personalities,updates,day,discussions,clip,tv,programming,election,politics,gandhi,leaders,yatra,audience,koo,quality,rahul gandhi,facebook,congress,shows,instagram,bharat,join,speech,google,infotainment,channels,committee,image,follow,economy,breaking,media,english,hindi,download,twitter,rahul,sonia,meeting,priyanka,social,reporter,jodo,short,india,bjp,news,apps,panel,udaipur,sports
messenger,hour,bulletin,telegram,mobile,sushil,rahulgandhi,kashmir,rajasthan,channel,bahuguna,vadra,sonia gandhi,commentaries,personalities,updates,day,sankalp,discussions,tv,programming,election,politics,gandhi,leaders,yatra,audience,koo,quality,facebook,congress,shows,instagram,bharat,baat,join,speech,google,infotainment,channels,committee,nav,anchor,image,follow,ki,economy,breaking,media,hindi,download,twitter,rahul,sonia,meeting,priyanka,social,jodo,may,show,india,bjp,news,des,apps,panel,udaipur,sports
messenger,symonds,hour,telegram,mobile,digital news,channel,cricketer,commentaries,personalities,updates,allrounder,discussions,programming,politics,audience,koo,quality,facebook,shane,former,shows,world cup,join,instagram,image,infotainment,channels,cricket,follow,video,andrew,economy,australian,media,hindi,download,twitter,teaser,social,breaking news,warne,india,apps,panel,google,sports
messenger,hour,telegram,mobile,channel,commentaries,personalities,updates,office,discussions,programming,politics,maharashtra,audience,koo,quality,facebook,shows,instagram,join,image,infotainment,channels,follow,economy,media,hindi,download,twitter,social,breaking news,entertainment news,india,bjp,apps,panel,google,sports
messenger,lives,hour,bulletin,telegram,mobile,singh,channel,tiwari,commentaries,personalities,updates,day,discussions,sengar,clip,tv,fire building,programming,politics,delhi,fire,audience,koo,quality,facebook,shows,instagram,join,mukesh,image,mundka,infotainment,channels,follow,economy,fire police,media,lakra,hindi,download,twitter,incident,brothers,social,breaking news,reporter,short,india,news,apps,panel,crane,google,sports
messenger,naghma,hour,bulletin,telegram,mobile,rahulgandhi,kashmir,channel,vadra,commentaries,personalities,updates,sankalp,day,sahar,tv,discussions,programming,election,politics,gandhi,leaders,yatra,audience,koo,quality,facebook,congress,shows,instagram,bharat,join,speech,image,infotainment,channels,committee,nav,anchor,follow,economy,media,hindi,download,twitter,rahul,sonia,meeting,priyanka,social,breaking news,jodo,show,india,news,apps,panel,google,sports
messenger,hour,bulletin,telegram,mobile,rahulgandhi,kashmir,singh,rajasthan,channel,vadra,commentaries,personalities,updates,day,discussions,clip,tv,programming,election,politics,gandhi,leaders,yatra,audience,koo,quality,facebook,congress,shows,instagram,bharat,join,speech,google,infotainment,channels,committee,image,follow,economy,breaking,media,english,hindi,download,twitter,rahul,sonia,meeting,priyanka,social,reporter,jodo,short,india,news,apps,panel,udaipur,sports
messenger,lives,hour,bulletin,telegram,mobile,channel,tiwari,commentaries,personalities,updates,day,discussions,tv,programming,politics,delhi,fire,shukla,audience,koo,quality,facebook,shows,instagram,join,image,mundka,infotainment,channels,anchor,report,follow,economy,media,hindi,saurabh,download,twitter,incident,ground,brothers,social,breaking news,show,india,news,apps,panel,crane,google,sports
messenger,hour,telegram,mobile,channel,commentaries,personalities,updates,discussions,programming,politics,delhi,fire,audience,koo,quality,facebook,shows,instagram,join,image,mundka,infotainment,channels,follow,economy,media,hindi,download,twitter,social,breaking news,entertainment news,india,apps,panel,google,sports
messenger,lives,hour,bulletin,telegram,mobile,channel,tiwari,commentaries,personalities,updates,day,discussions,tv,programming,politics,delhi,fire,shukla,audience,koo,quality,facebook,shows,instagram,join,image,mundka,infotainment,channels,anchor,follow,economy,media,hindi,saurabh,download,twitter,incident,brothers,social,breaking news,show,india,news,apps,panel,crane,google,sports
messenger,lives,hour,bulletin,telegram,mobile,channel,tiwari,commentaries,personalities,updates,day,discussions,clip,tv,programming,politics,delhi,fire,shukla,audience,koo,quality,facebook,shows,instagram,join,image,mundka,infotainment,channels,anchor,follow,economy,media,hindi,saurabh,download,twitter,incident,brothers,social,breaking news,short,india,driver,news,apps,panel,crane,google,sports
messenger,lives,hour,bulletin,telegram,mobile,mishra,channel,tiwari,commentaries,city,personalities,updates,day,discussions,tv,express news,programming,politics,delhi,fire,audience,koo,quality,facebook,shows,instagram,join,image,mundka,infotainment,channels,anchor,follow,city express,economy,fire police,media,hindi,download,twitter,incident,brothers,social,breaking news,show,india,apps,panel,crane,google,sports
messenger,survey,masjid,bulletin,history,telegram,mobile,hour,singh,channel,commentaries,personalities,updates,photos,day,discussions,clip,tv,programming,politics,temple,audience,koo,quality,facebook,shows,gauri,join,instagram,image,infotainment,channels,mosque,follow,update,varanasi,video,economy,ajay,media,hindi,download,twitter,social,breaking news,reporter,gyanvapi mosque,court,india,news,apps,panel,google,sports
kings,messenger,hour,telegram,mobile,titans,channel,commentaries,gt,personalities,updates,discussions,programming,politics,audience,koo,quality,facebook,chennai,match,shows,instagram,join,player,infotainment,channels,image,follow,economy,breaking,super news,media,hindi,ipl,download,twitter,gujarat,social,india,saha,apps,panel,google,sports
messenger,hour,telegram,mobile,super,rajasthan,channel,commentaries,personalities,updates,discussions,royals,programming,brabourne,politics,audience,koo,quality,facebook,shows,instagram,join,image,infotainment,channels,follow,points,economy,vs,breaking,media,hindi,lucknow,ipl,download,twitter,giants,stadium,social,rr,india,apps,news,panel,google,sports
messenger,hour,telegram,mobile,channel,commentaries,personalities,updates,discussions,programming,politics,audience,koo,quality,facebook,top,shows,instagram,join,image,infotainment,channels,follow,economy,media,hindi,download,twitter,social,breaking news,headlines today,india,news,apps,panel,google,sports
messenger,hour,odisha,telegram,mobile,dharmendra,jawahar,digital,channel,commentaries,personalities,updates,discussions,programming,education,government,politics,ani,audience,koo,minister,facebook,quality,credit,shows,join,instagram,union,image,infotainment,channels,follow,economy,pradhan,video,media,hindi,download,twitter,teaser,social,breaking news,navodaya,school,india,apps,panel,google,sports
messenger,hour,telegram,mobile,rajasthan,channel,commentaries,personalities,updates,discussions,programming,politics,ani,sports,fire,audience,koo,quality,facebook,credit,shows,join,instagram,bikaner,image,infotainment,channels,follow,economy,video,media,forest,hindi,download,twitter,social,breaking news,india,apps,panel,google,area
messenger,hour,bulletin,visit,telegram,buddha,mobile,channel,lumbini,commentaries,personalities,updates,discussions,tv,modi,programming,politics,audience,koo,relations,facebook,quality,shows,instagram,join,pm,image,infotainment,channels,follow,economy,media,hindi,download,twitter,teaser,social,buddha day,breaking news,nepal,india,news,apps,purnima,panel,narendra,google,sports
messenger,hour,telegram,mobile,government minister,digital,channel,commentaries,personalities,updates,discussions,polls,programming,politics,ani,audience,koo,quality,facebook,tripura,manik,cm,credit,shows,join,instagram,image,infotainment,channels,chief,assembly,follow,economy,video,media,hindi,new,download,twitter,teaser,social,breaking news,india,bjp,saha,apps,panel,google,sports
messenger,hour,telegram,history,mobile,indonesia,vimal,channel,cup,commentaries,personalities,updates,discussions,programming,politics,audience,koo,quality,srikanth,facebook,speaks,shows,join,instagram,google,image,infotainment,channels,create,follow,badminton,economy,thomas,mohan,kidambi,vs,breaking,media,won,hindi,download,twitter,news anchor,social,india,apps,news,panel,interview,sports
messenger,hour,telegram,mobile,digital,channel,cup,commentaries,personalities,updates,discussions,father,programming,politics,ani,winner,audience,koo,srikanth,facebook,quality,credit,shows,join,instagram,google,player,infotainment,channels,image,follow,kidambi srikanth,badminton,economy,video,thomas,breaking,kidambi,media,hindi,download,twitter,teaser,social,india,news,apps,panel,interview,sports
messenger,survey,masjid,telegram,mobile,hour,channel,commentaries,personalities,updates,discussions,programming,politics,sports,shukla,audience,koo,quality,facebook,shows,instagram,join,security,image,infotainment,channels,report,follow,varanasi,economy,media,hindi,saurabh,download,twitter,social,breaking news,court,india,apps,panel,google,today
messenger,hour,telegram,history,mobile,indonesia,vimal,channel,cup,commentaries,personalities,updates,discussions,programming,politics,audience,koo,team,srikanth,facebook,quality,speaks,shows,join,instagram,google,image,infotainment,channels,create,follow,badminton,economy,mohan,vs,kidambi,thomas,breaking,media,won,hindi,download,hs,twitter,social,india,news,apps,prannoy,panel,interview,sports
messenger,class,hour,bulletin,telegram,mobile,channel,commentaries,personalities,updates,day,bajrang,discussions,programming,politics,karnataka,audience,koo,quality,facebook,congress,shows,instagram,join,bravery,image,infotainment,channels,follow,economy,breaking,media,hindi,download,twitter,weapons,workers,social,training,dal,india,news,apps,panel,google,sports
messenger,hour,bulletin,telegram,mobile,login,headlines,channel,commentaries,personalities,updates,day,discussions,tv,programming,politics,audience,koo,quality,facebook,opinion,poll,shows,instagram,join,image,infotainment,channels,follow,economy,media,hindi,download,twitter,teaser,social,breaking news,india,news,apps,panel,google,sports
messenger,hour,telegram,history,mobile,indonesia,vimal,channel,cup,commentaries,personalities,updates,discussions,programming,politics,audience,koo,quality,srikanth,facebook,speaks,shows,join,instagram,google,image,infotainment,channels,create,follow,economy,mohan,thomas,kidambi,vs,breaking,media,won,hindi,download,twitter,social,india,news,apps,panel,interview,sports
messenger,hour,telegram,history,mobile,indonesia,channel,cup,commentaries,personalities,updates,discussions,programming,politics,audience,koo,team,srikanth,facebook,quality,speaks,shows,join,instagram,google,image,infotainment,channels,create,follow,badminton,economy,thomas,vs,kidambi,breaking,media,won,hindi,download,hs,bonding,twitter,social,india,news,apps,prannoy,panel,interview,sports
messenger,zaika,hour,bulletin,visit,telegram,buddha,subscribe,mobile,channel,lumbini,us,commentaries,personalities,updates,discussions,clip,tv,modi,programming,politics,audience,quality,facebook,shows,more,join,instagram,live,pm,image,infotainment,channels,follow,economy,google videos,hindi,media watch,download,twitter,social,breaking news,nepal,india,narendra,news,purnima,apps,panel,sports
messenger,hour,telegram,visit,mobile,buddha,channel,lumbini,commentaries,personalities,updates,discussions,modi,programming,politics,audience,koo,relations,facebook,quality,shows,instagram,join,live,pm,image,infotainment,channels,follow,economy,media,hindi,download,twitter,social,breaking news,nepal,india,narendra,news,purnima,apps,panel,google,sports
messenger,survey,hour,telegram,mobile,channel,commentaries,personalities,updates,discussions,programming,politics,audience,koo,quality,facebook,supreme,shows,instagram,join,image,infotainment,channels,mosque,report,follow,varanasi,economy,morning,media,hindi,download,twitter,case,social,breaking news,court,india,apps,panel,google,sports
messenger,hour,telegram,mobile,deol,digital,channel,commentaries,personalities,updates,discussions,tandon,google apps,politics,buzz,awards,sports,programming,audience,koo,quality,facebook,shows,nikki,raveena,join,instagram,image,infotainment,esha,channels,raveena tandon,follow,economy,sonu sood,rautela,media,hindi,dino,download,twitter,tamboli,social,breaking news,show,india,panel,urvashi,morea
messenger,hour,bulletin,telegram,mobile,channel,commentaries,personalities,updates,day,discussions,programming,politics,sports,maharashtra,loudspeaker,audience,koo,quality,facebook,cm,thackeray,shows,join,instagram,uddhav,infotainment,channels,image,follow,economy,breaking,media,hindi,download,twitter,social,devendra,hindutva,fadnavis,india,news,apps,panel,google,hanuman
messenger,hour,bulletin,telegram,mobile,channel,commentaries,personalities,updates,day,discussions,programming,politics,stall,audience,koo,quality,facebook,shows,instagram,join,tea,image,infotainment,channels,follow,economy,vlog,media,hindi,patna,download,twitter,social,breaking news,mba,india,news,kumar,apps,panel,bihar,google,sports
messenger,hindu,masjid,telegram,mobile,hour,channel,commentaries,personalities,updates,discussions,programming,politics,audience,koo,quality,facebook,shows,instagram,join,image,infotainment,channels,mosque,follow,petitioner,varanasi,economy,media,hindi,download,twitter,case,filming,social,seal,breaking news,court,india,verdict,news,apps,panel,google,sports
rica,messenger,hour,telegram,mobile,years,channel,cup,commentaries,personalities,updates,discussions,clip,tv,victory sports,programming,politics,winner,audience,team,srikanth,koo,facebook,quality,shows,instagram,join,google,player,infotainment,channels,image,anchor,follow,shetty,chirag,badminton,economy,stars,thomas,kidambi,breaking,media,hindi,download,twitter,social,india,news,apps,panel,interview,roy,sports
messenger,zaika,hour,bulletin,visit,telegram,buddha,subscribe,mobile,channel,lumbini,us,commentaries,personalities,updates,discussions,clip,tv,modi,programming,politics,audience,quality,facebook,shows,more,join,instagram,live,pm,image,infotainment,channels,follow,economy,google videos,hindi,media watch,download,twitter,social,breaking news,nepal,india,narendra,news,purnima,apps,panel,sports
messenger,punishment,masjid,telegram,mobile,hour,muslims,channel,commentaries,personalities,updates,discussions,programming,politics,audience,koo,quality,facebook,shows,instagram,join,image,infotainment,channels,mosque,follow,varanasi,economy,owaisi,media,hindi,download,twitter,filming,case,social,breaking news,court,verdict,india,news,apps,panel,google,sports
messenger,hour,telegram,visit,mobile,buddha,channel,lumbini,commentaries,personalities,updates,discussions,modi,programming,politics,audience,koo,quality,facebook,shows,instagram,join,live,pm,speech,image,infotainment,channels,follow,economy,media,hindi,download,twitter,social,breaking news,nepal,india,narendra,news,purnima,apps,panel,google,sports
messenger,survey,masjid,telegram,history,mobile,hour,channel,commentaries,personalities,updates,photos,discussions,programming,politics,audience,koo,quality,facebook,shows,instagram,join,image,infotainment,channels,mosque,anchor,follow,update,varanasi,video,economy,manoranjan,owaisi,media,hindi,download,twitter,social,breaking news,gyanvapi mosque,india,apps,panel,google,sports,bharti
messenger,punishment,hour,telegram,mobile,muslims,channel,commentaries,personalities,updates,discussions,programming,politics,samajwadi,audience,koo,quality,facebook,shows,instagram,join,party,image,infotainment,channels,follow,varanasi,economy,owaisi,media,hindi,download,twitter,case,social,breaking news,court,india,apps,panel,google,sports
messenger,hour,telegram,mobile,kashmir,kashmiri,channel,commentaries,personalities,updates,discussions,programming,politics,delhi,audience,koo,quality,facebook,cm,shows,instagram,join,google,image,infotainment,pandit,channels,arvind,follow,economy,media,hindi,download,twitter,rahul,kejriwal,pandits,breaking news,social,india,apps,panel,bhatt,sports
messenger,sena,hour,bulletin,telegram,mobile,channel,commentaries,personalities,updates,shiv,day,discussions,tv,elections,programming,politics,audience,koo,abhishek,facebook,quality,shows,instagram,join,image,infotainment,ka,channels,mumbai,anchor,follow,economy,media,sharma,hindi,download,twitter,sawaal,voters,social,breaking news,show,india,bjp,news,apps,panel,shivsena,google,sports
messenger,naghma,hour,bulletin,tikait,telegram,mobile,channel,commentaries,personalities,updates,day,discussions,sahar,clip,tv,programming,politics,audience,bharatiya,koo,facebook,quality,shows,instagram,join,union,image,infotainment,channels,anchor,follow,kisan,bhartiya,economy,media,hindi,rakesh,download,twitter,social,breaking news,short,india,news,apps,panel,google,sports
messenger,hour,bulletin,visit,telegram,mobile,channel,lumbini,commentaries,personalities,updates,discussions,tv,modi,programming,politics,audience,koo,quality,facebook,deuba,shows,instagram,join,pm,image,infotainment,channels,follow,economy,birthplace,gautam,media,hindi,download,twitter,teaser,social,buddha day,breaking news,bahadur,nepal,india,news,apps,purnima,sher,panel,google,sports
messenger,naghma,survey,masjid,bulletin,history,telegram,mobile,hour,channel,commentaries,personalities,updates,photos,day,discussions,sahar,tv,programming,politics,feature,audience,koo,quality,facebook,shows,gauri,baat,join,instagram,image,infotainment,channels,mosque,anchor,follow,update,ki,video,economy,breaking,media,hindi,download,twitter,social,may,show,india,news,des,apps,panel,google,sports
messenger,survey,masjid,bulletin,history,telegram,mobile,hour,channel,commentaries,personalities,updates,photos,day,akhilesh,clip,tv,discussions,programming,politics,audience,koo,quality,facebook,shows,instagram,join,image,infotainment,channels,anchor,follow,update,varanasi,video,economy,media,sharma,hindi,download,twitter,social,breaking news,gyanvapi mosque,muslim,india,news,apps,panel,google,sports
messenger,hindu,survey,masjid,bulletin,history,telegram,mobile,hour,channel,commentaries,personalities,updates,photos,day,akhilesh,discussions,tv,programming,politics,audience,koo,quality,facebook,shows,instagram,baat,join,image,infotainment,channels,mosque,anchor,follow,update,ki,video,economy,media,sharma,hindi,download,twitter,social,breaking news,show,india,news,apps,panel,google,sports
messenger,hour,bulletin,telegram,mobile,channel,commentaries,personalities,updates,day,discussions,clip,tv,programming,politics,delhi,audience,koo,quality,facebook,cm,shows,instagram,join,image,infotainment,channels,arvind,follow,jail,economy,media,sharma,hindi,download,twitter,sharad,kejriwal,breaking news,social,reporter,short,india,news,bulldozer,apps,action,panel,google,sports
messenger,hour,bulletin,telegram,mobile,mishra,singh,channel,encounter,madhyapradesh,commentaries,personalities,updates,guna,day,discussions,clip,tv,programming,politics,audience,koo,quality,facebook,police,blackbuck,chauhan,shivraj,join,shows,instagram,image,infotainment,channels,hunting,follow,economy,anurag,breaking,media,hindi,download,twitter,madhya,social,reporter,short,india,news,apps,panel,google,pradesh,sports
messenger,naghma,hour,bulletin,rakesh tikait,tikait,telegram,mobile,channel,commentaries,personalities,updates,day,discussions,sahar,clip,tv,programming,politics,audience,koo,quality,facebook,shows,instagram,join,union,image,infotainment,channels,anchor,follow,kisan,bhartiya,economy,media,hindi,download,twitter,social,breaking news,short,india,news,apps,panel,google,sports
messenger,survey,masjid,bulletin,history,telegram,mobile,hour,channel,commentaries,personalities,updates,photos,day,discussions,tv,programming,politics,shukla,audience,koo,quality,facebook,desh,shows,instagram,join,image,infotainment,channels,mosque,anchor,follow,update,varanasi,video,economy,media,hindi,saurabh,download,twitter,social,seal,breaking news,court,show,india,news,apps,panel,google,pradesh,sports
messenger,hindu,survey,masjid,bulletin,history,telegram,mobile,hour,channel,commentaries,personalities,updates,photos,discussions,tv,programming,politics,shukla,audience,koo,quality,facebook,shows,instagram,join,image,infotainment,channels,mosque,follow,update,video,economy,media,hindi,saurabh,download,twitter,teaser,social,breaking news,reporter,gyanvapi mosque,india,news,apps,panel,google,sports
messenger,kidwai,hour,bulletin,telegram,mobile,sakleshpur,trishul,camp,channel,commentaries,personalities,updates,bajrang,discussions,act,tv,programming,politics,karnataka,audience,koo,quality,facebook,viral video,congress,shows,instagram,gun,join,raghu,image,infotainment,channels,air,follow,economy,breaking,nehal,media,hindi,download,twitter,teaser,deeksha,social,training,dal,reporter,india,news,apps,panel,google,arms,sports
messenger,hour,bulletin,telegram,mobile,channel,commentaries,personalities,updates,discussions,tv,programming,politics,delhi,sports,maximum,audience,koo,quality,facebook,temperature,shows,instagram,join,image,infotainment,channels,follow,update,economy,weather,media,hindi,download,twitter,teaser,heatwave,social,breaking news,celsius,india,news,ncr,apps,panel,google,today
messenger,topic,survey,masjid,bulletin,history,telegram,mobile,hour,channel,commentaries,personalities,updates,photos,discussions,tv,programming,politics,hot topic,audience,koo,facebook,quality,shows,instagram,join,image,infotainment,channels,anchor,follow,update,video,economy,manoranjan,owaisi,media,hottopic,hindi,download,twitter,social,breaking news,court,show,india,news,apps,panel,google,sports,bharti
messenger,post media,hour,bulletin,telegram,mobile,pawar,channel,commentaries,personalities,updates,discussions,akhilesh,tv,programming,politics,audience,koo,quality,facebook,police,shows,instagram,join,image,infotainment,channels,anchor,follow,ki,economy,media,sharma,hindi,download,twitter,case,sharad,social,breaking news,ketki,show,khabar,india,news,apps,panel,google,sports
messenger,naghma,hour,bulletin,telegram,mobile,rahulgandhi,channel,commentaries,personalities,updates,discussions,sahar,tv,programming,politics,gandhi,feature,audience,koo,quality,facebook,congress,shows,instagram,join,image,time,infotainment,channels,prime,anchor,follow,economy,media,hindi,india time,download,twitter,rahul,primetime,social,breaking news,may,show,india,news,apps,panel,google,sports
messenger,hour,bulletin,actress,telegram,mobile,pawar,channel,post,commentaries,personalities,updates,discussions,akhilesh,clip,tv,cases,politics,programming,ketaki,maharashtra,audience,koo,quality,facebook,police,shows,instagram,join,image,infotainment,channels,mumbai,anchor,follow,economy,media,sharma,hindi,download,twitter,sharad,social,breaking news,akola,short,marathi,india,news,apps,panel,google,sports
messenger,hindu,survey,masjid,bulletin,history,telegram,mobile,hour,badi,channel,commentaries,personalities,updates,photos,discussions,akhilesh,tv,programming,politics,audience,koo,quality,facebook,shows,instagram,join,image,infotainment,channels,mosque,anchor,follow,update,video,economy,media,sharma,hindi,download,twitter,social,breaking news,show,khabar,india,news,apps,panel,google,sports
messenger,naghma,survey,masjid,bulletin,history,telegram,mobile,hour,channel,commentaries,personalities,updates,photos,discussions,sahar,clip,tv,programming,politics,audience,koo,quality,facebook,shows,instagram,join,image,infotainment,channels,anchor,follow,update,varanasi,video,economy,graphics,media,hindi,download,twitter,case,social,breaking news,gyanvapi mosque,short,india,news,apps,panel,google,sports
messenger,hour,bulletin,telegram,mobile,power,channel,commentaries,personalities,updates,discussions,clip,tv,programming,politics,siddharth nagar,audience,koo,quality,facebook,cut,shows,instagram,join,chembur,image,time,infotainment,channels,mumbai,colony,follow,economy,media,hindi,download,bill,twitter,siddharth,primetime,social,breaking news,electricity,short,india,news,apps,panel,google,sports
messenger,hour,bulletin,telegram,mobile,kashmiri,channel,commentaries,nazir,personalities,updates,protest,discussions,clip,tv,programming,politics,government,audience,koo,quality,facebook,shows,instagram,join,image,infotainment,channels,follow,economy,media,hindi,download,twitter,masoodi,employees,pandits,breaking news,social,reporter,short,india,news,apps,panel,google,sports
messenger,survey,masjid,bulletin,history,telegram,mobile,hour,channel,commentaries,personalities,updates,photos,discussions,tv,programming,politics,shukla,audience,koo,aap,facebook,quality,shows,instagram,kya,join,image,infotainment,channels,anchor,hain,update,follow,video,economy,breaking,media,hindi,saurabh,download,twitter,social,show,india,news,apps,panel,google,sports
messenger,hour,bulletin,actress,telegram,mobile,pawar,channel,post,commentaries,city,personalities,updates,discussions,tv,programming,politics,ketaki,audience,koo,quality,facebook,centre,shows,join,instagram,image,infotainment,channels,anchor,puja,follow,economy,media,hindi,download,twitter,sharad,social,breaking news,ketki,show,city centre,india,marathi,news,apps,panel,bhardwaj,google,sports
kings,messenger,hour,telegram,mobile,capitals,channel,commentaries,personalities,updates,discussions,programming,politics,delhi,audience,koo,quality,facebook,shows,instagram,join,punjab,image,infotainment,channels,cricket,follow,economy,vs,breaking,media,hindi,ipl,download,twitter,social,dc,india,apps,news,panel,google,sports
messenger,hour,telegram,mobile,headlines,channel,commentaries,personalities,updates,discussions,programming,politics,sports,audience,koo,quality,facebook,shows,instagram,join,image,infotainment,channels,follow,economy,media,hindi,download,twitter,social,breaking news,india,apps,panel,top news,google,today
messenger,hour,bulletin,govt,telegram,mobile,singh,vimal,channel,chouhan,commentaries,personalities,updates,guna,day,murder,discussions,tv,programming,politics,audience,koo,quality,facebook,desh,congress,cm,shows,shivraj,join,instagram,google,image,infotainment,madhya pradesh,mp,channels,follow,economy,mohan,media,hindi,download,policemen,twitter,madhya,social,breaking news,india,bjp,news,apps,panel,politics show,pradesh,sports
messenger,masjid,telegram,mobile,list,hour,kashmir,mehbooba,channel,commentaries,personalities,updates,discussions,programming,politics,audience,koo,quality,facebook,shows,instagram,join,mehbooba mufti,image,infotainment,channels,mosque,vishwanath temple,follow,varanasi,economy,jammu,mufti,media,hindi,download,twitter,case,social,breaking news,kashi,court,verdict,india,bjp,apps,panel,google,sports
messenger,raid,hour,leader,bulletin,raids,telegram,mobile,channel,commentaries,personalities,updates,day,karti,discussions,programming,politics,chidambaram,audience,koo,quality,facebook,congress,shows,instagram,join,image,infotainment,channels,follow,economy,media,hindi,visa,download,twitter,case,social,breaking news,bribe,india,news,apps,panel,google,sports
messenger,survey,masjid,bulletin,history,telegram,mobile,hour,channel,news report,commentaries,personalities,updates,photos,discussions,programming,politics,audience,koo,quality,facebook,shows,instagram,join,image,infotainment,channels,mosque,report,follow,update,video,economy,media,hindi,download,twitter,social,breaking news,court,india,apps,panel,google,sports
messenger,hour,bulletin,telegram,mobile,channel,commentaries,personalities,updates,day,discussions,landslide,programming,politics,audience,koo,quality,facebook,flood,shows,join,instagram,image,infotainment,channels,follow,economy,media,hindi,download,twitter,social,breaking news,floods,india,people,news,apps,panel,assam,google,sports
messenger,hour,bulletin,telegram,mobile,digital,channel,commentaries,jamaica,personalities,updates,day,ram kovind,discussions,shrine,garvey,programming,politics,ani,nath,audience,koo,quality,facebook,ram,credit,shows,join,instagram,image,infotainment,channels,follow,economy,video,president,marcus garvey,media,hindi,download,twitter,teaser,social,breaking news,india,news,apps,panel,google,marcus,sports
messenger,hour,bulletin,telegram,mobile,login,headlines,channel,commentaries,personalities,updates,day,discussions,tv,programming,politics,audience,koo,quality,facebook,opinion,poll,shows,instagram,join,image,infotainment,channels,follow,economy,media,hindi,download,twitter,teaser,social,breaking news,entertainment news,india,apps,panel,google,sports
messenger,hour,bulletin,telegram,mobile,channel,bus,commentaries,personalities,updates,day,discussions,bomb,news probe,programming,politics,fire,audience,koo,quality,facebook,shows,instagram,join,image,infotainment,channels,attack,katra,follow,economy,media,hindi,accident,download,twitter,social,breaking news,nia,india,apps,panel,google,sports
messenger,export,hour,bulletin,petrol,telegram,mobile,channel,us,commentaries,personalities,updates,ban,day,discussions,programming,politics,audience,koo,quality,facebook,sri,shows,instagram,join,image,infotainment,channels,follow,economy,media,hindi,stock,download,twitter,wheat,social,breaking news,lanka,nato,india,news,apps,panel,crisis,google,sports
messenger,hour,bulletin,telegram,mobile,terrorist,kashmir,kashmiri,mehbooba,channel,commentaries,personalities,updates,day,discussions,protests,programming,politics,ani,bhat,audience,koo,quality,facebook,credit,shows,join,instagram,image,infotainment,channels,follow,economy,jammu,video,mufti,media,hindi,download,twitter,rahul,pandits,breaking news,social,files,india,news,apps,panel,google,sports
messenger,survey,masjid,bulletin,history,telegram,mobile,hour,channel,commentaries,personalities,updates,photos,discussions,programming,politics,audience,koo,quality,facebook,shows,instagram,join,image,infotainment,channels,mosque,anchor,report,follow,update,kaushik,varanasi,video,economy,morning,media,hindi,download,jaya,twitter,row,breaking news,social,court,india,news,apps,panel,google,sports
pooja,messenger,hour,telegram,mobile,digital,channel,hedge,commentaries,personalities,updates,discussions,programming,politics,fans,audience,koo,appearance,facebook,quality,film,shows,join,instagram,debut,festival,image,infotainment,channels,follow,economy,media,hegde,hindi,download,twitter,teaser,social,breaking news,india,apps,panel,google,cannes,sports,cannes airport
messenger,survey,masjid,bulletin,history,telegram,mobile,hour,channel,commentaries,personalities,updates,photos,discussions,clip,tv,programming,politics,shukla,audience,koo,quality,facebook,shows,instagram,join,image,infotainment,channels,report,follow,update,video,economy,media,hindi,saurabh,download,twitter,social,breaking news,short,india,news,apps,panel,google,sports
messenger,survey,masjid,telegram,history,mobile,hour,channel,news report,commentaries,personalities,updates,photos,discussions,petition,politics,programming,audience,koo,quality,facebook,shows,instagram,join,image,infotainment,channels,mosque,follow,update,video,economy,media,hindi,download,twitter,row,breaking news,social,court,entertainment,india,apps,panel,google,sports
messenger,raid,hour,bulletin,leader,raids,telegram,mobile,channel,commentaries,personalities,updates,karti,day,discussions,tv,sharik,programming,politics,chidambaram,audience,koo,quality,facebook,desh,congress,shows,instagram,join,image,infotainment,channels,anchor,follow,economy,media,hindi,visa,download,rehman,twitter,karti chidambaram,case,khan,social,breaking news,show,bribe,india,news,apps,panel,google,pradesh,sports
messenger,hour,bulletin,telegram,mobile,channel,cup,commentaries,personalities,updates,sen,day,discussions,programming,politics,ani,winner,audience,koo,facebook,quality,credit,shows,join,instagram,google,player,infotainment,channels,image,follow,badminton,economy,video,thomas,breaking,media,english,hindi,download,twitter,lakshya sen,lakshya,social,india,news,apps,panel,interview,sports
messenger,hour,telegram,mobile,trailer,channel,commentaries,personalities,updates,discussions,programming,politics,audience,koo,quality,shirley,facebook,shilpa,film,join,shows,instagram,bollywood,image,infotainment,channels,nikamma,setia,follow,shetty,economy,breaking,media,hindi,download,twitter,social,shilpashetty,india,launch,apps,news,panel,google,sports
messenger,raid,hour,bulletin,leader,crime,raids,telegram,mobile,channel,commentaries,personalities,updates,day,karti,discussions,tv,sharik,programming,politics,chidambaram,audience,koo,quality,facebook,desh,congress,shows,instagram,join,image,infotainment,channels,anchor,report,follow,economy,media,hindi,visa,download,rehman,twitter,karti chidambaram,case,khan,social,breaking news,show,india,bribe,news,apps,panel,google,pradesh,sports
messenger,hour,tajmahal,bulletin,telegram,mobile,channel,pics,commentaries,personalities,updates,photos,day,discussions,taj,programming,politics,audience,koo,quality,facebook,mahal,shows,instagram,join,image,infotainment,channels,secrets,follow,economy,media,hindi,download,twitter,asi,social,breaking news,india,news,rooms,apps,panel,google,sports
messenger,hour,telegram,mobile,channel,commentaries,personalities,updates,discussions,programming,politics,audience,koo,quality,facebook,shows,instagram,bharat,join,image,infotainment,channels,follow,economy,media,icons,hindi,download,twitter,social,breaking news,promo,india,apps,panel,google,sports
messenger,survey,masjid,telegram,history,mobile,hour,channel,commentaries,personalities,updates,photos,discussions,cases,politics,programming,audience,koo,quality,facebook,shows,instagram,join,image,infotainment,channels,mosque,report,follow,update,varanasi,video,economy,media,hindi,download,twitter,case,filming,row,breaking news,social,india,news,apps,panel,google,sports
messenger,survey,masjid,telegram,history,mobile,hour,channel,news report,commentaries,personalities,updates,photos,discussions,cases,politics,programming,audience,koo,quality,facebook,shows,instagram,join,image,infotainment,channels,mosque,follow,update,varanasi,economy,media,hindi,download,twitter,case,filming,row,breaking news,social,entertainment,india,apps,panel,google,sports
messenger,hour,telegram,mobile,sector,channel,car,commentaries,personalities,updates,discussions,programming,politics,audience,koo,quality,facebook,police,shows,instagram,join,image,infotainment,channels,follow,economy,noida,media,hindi,theft,download,twitter,social,breaking news,india,apps,panel,crime news,google,sports
messenger,hour,telegram,mobile,digital,channel,commentaries,personalities,updates,discussions,programming,politics,audience,koo,quality,facebook,shows,instagram,join,sri sri,image,infotainment,channels,follow,economy,media,hindi,download,twitter,teaser,social,breaking news,lanka,india,news,apps,panel,crisis,google,sports
messenger,survey,masjid,bulletin,telegram,mobile,hour,mishra,channel,commentaries,personalities,updates,discussions,clip,tv,programming,politics,shukla,audience,koo,quality,facebook,shows,instagram,join,image,infotainment,channels,mosque,chief,report,follow,varanasi,economy,ajay,media,hindi,commissioner,saurabh,download,twitter,case,filming,social,breaking news,court,reporter,advocate,short,verdict,india,news,apps,panel,google,sports
messenger,export,hour,bulletin,telegram,mobile,yadav,channel,commentaries,personalities,updates,discussions,clip,tv,programming,politics,audience,koo,quality,facebook,shows,instagram,join,image,infotainment,channels,yogendra,anchor,follow,economy,breaking,purchase,manoranjan,media,hindi,download,twitter,wheat,farmers,social,india,news,apps,panel,google,sports,bharti
messenger,export,hour,bulletin,telegram,mobile,yadav,channel,commentaries,personalities,updates,discussions,clip,tv,programming,politics,audience,koo,quality,facebook,shows,instagram,join,image,infotainment,channels,yogendra,anchor,follow,economy,breaking,purchase,manoranjan,media,hindi,download,twitter,wheat,farmers,social,short,india,news,apps,panel,google,sports,bharti
messenger,hour,bulletin,tikait,telegram,mobile,yadav,channel,commentaries,personalities,updates,discussions,clip,tv,programming,politics,audience,koo,quality,facebook,shows,instagram,join,union,image,infotainment,channels,yogendra,anchor,follow,kisan,bhartiya,economy,manoranjan,media,hindi,download,twitter,social,breaking news,short,india,news,apps,panel,google,sports,bharti
messenger,survey,masjid,bulletin,telegram,upadhyay,mobile,hour,channel,commentaries,personalities,updates,discussions,tv,programming,politics,audience,koo,quality,facebook,shows,instagram,join,image,infotainment,ka,mosque,anchor,channels,follow,varanasi,economy,media,hindi,commissioner,download,twitter,ayodhya,sawaal,case,filming,social,breaking news,court,advocate,show,india,verdict,news,apps,panel,google,sports
messenger,naghma,survey,masjid,bulletin,telegram,mobile,hour,mishra,channel,commentaries,personalities,updates,discussions,sahar,tv,programming,politics,delhi,audience,koo,quality,facebook,shows,instagram,baat,join,image,infotainment,channels,mosque,anchor,follow,ki,varanasi,economy,ajay,media,hindi,commissioner,download,twitter,case,filming,social,breaking news,kashi,court,advocate,show,verdict,india,news,apps,panel,google,sports
messenger,hour,telegram,series,mobile,africa,channel,commentaries,personalities,updates,discussions,programming,squad,politics,ind,audience,koo,team,facebook,quality,shows,instagram,join,image,infotainment,channels,sa,cricket,follow,economy,vs,south,media,hindi,ipl,download,twitter,social,breaking news,t20,india,apps,panel,google,sports
messenger,survey,masjid,bulletin,telegram,mobile,hour,mishra,singh,channel,commentaries,personalities,updates,vishal,discussions,clip,tv,ajay singh,programming,politics,shukla,audience,koo,quality,facebook,shows,instagram,join,image,infotainment,channels,follow,varanasi,economy,ajay,media,hindi,commissioner,saurabh,download,twitter,case,social,breaking news,reporter,court,advocate,short,india,news,apps,panel,google,sports
messenger,survey,masjid,telegram,mobile,hour,channel,commentaries,personalities,updates,photos,discussions,tv,programming,politics,feature,audience,koo,quality,facebook,supreme,shows,instagram,baat,join,image,infotainment,channels,mosque,anchor,shivling,follow,ki,varanasi,video,economy,media,hindi,download,twitter,case,nidhi,filming,social,breaking news,court,may,show,verdict,india,news,des,apps,panel,google,sports
messenger,survey,masjid,bulletin,history,telegram,mobile,hour,singh,channel,commentaries,personalities,updates,photos,discussions,tv,programming,politics,audience,koo,quality,facebook,shows,instagram,join,image,infotainment,channels,follow,update,varanasi,video,economy,ajay,media,hindi,download,twitter,teaser,case,social,breaking news,reporter,muslim,india,news,apps,panel,google,sports
messenger,survey,masjid,bulletin,telegram,mobile,hour,mishra,channel,commentaries,personalities,updates,discussions,tv,programming,politics,shukla,audience,koo,quality,facebook,saurabh bhardwaj,desh,shows,instagram,join,image,infotainment,channels,anchor,puja,follow,varanasi,economy,media,sharma,hindi,commissioner,download,twitter,case,sharad,social,breaking news,court,advocate,show,india,news,apps,panel,google,pradesh,sports
bhagat,messenger,kidwai,hour,bulletin,society,telegram,mobile,singh,channel,commentaries,personalities,updates,discussions,tv,programming,politics,karnataka,audience,koo,hedgewar,facebook,quality,shows,instagram,join,image,infotainment,channels,follow,economy,nehal,media,freedom,hindi,aisec,book,download,twitter,teaser,social,breaking news,reporter,text,fighter,india,news,apps,panel,google,sports
messenger,hindu,survey,masjid,telegram,mobile,hour,channel,commentaries,personalities,updates,photos,discussions,programming,politics,audience,koo,quality,facebook,supreme,shows,instagram,join,image,infotainment,channels,mosque,shivling,notice,follow,varanasi,video,economy,media,hindi,download,twitter,case,social,breaking news,court,india,news,apps,panel,google,sports
messenger,sena,hour,bulletin,telegram,mobile,mishra,channel,commentaries,personalities,updates,shiv,discussions,tv,programming,politics,maharashtra,audience,koo,quality,facebook,congress,shows,instagram,join,image,infotainment,channels,follow,economy,media,hindi,download,twitter,teaser,social,breaking news,reporter,india,news,apps,panel,google,sports
messenger,hour,bulletin,telegram,mobile,ghazali,channel,commentaries,mohammed,personalities,updates,protest,bhagwant,discussions,tv,farmer,programming,politics,audience,koo,quality,facebook,shows,sanyukt,join,instagram,punjab,image,infotainment,channels,follow,kisan,economy,media,hindi,chandigarh,download,mann,teaser,twitter,social,breaking news,reporter,morcha,india,news,apps,mohali,panel,google,sports
messenger,survey,masjid,telegram,history,mobile,hour,mishra,channel,commentaries,personalities,updates,photos,discussions,tv,programming,politics,feature,audience,koo,quality,facebook,shows,instagram,join,image,time,infotainment,mosque,anchor,prime,channels,follow,update,varanasi,video,economy,ajay,media,hindi,download,twitter,case,nidhi,primetime,social,breaking news,court,may,show,verdict,india,news,apps,panel,google,sports
messenger,survey,masjid,telegram,mobile,hour,mishra,badi,channel,commentaries,personalities,updates,discussions,programming,politics,audience,koo,quality,facebook,shows,instagram,join,image,infotainment,channels,report,follow,varanasi,economy,ajay,media,hindi,commissioner,download,twitter,case,social,breaking news,court,khabar,india,news,apps,panel,google,sports
messenger,topic,survey,masjid,telegram,mobile,hour,mishra,channel,commentaries,personalities,updates,discussions,programming,politics,audience,koo,quality,facebook,shows,instagram,join,image,infotainment,channels,follow,varanasi,economy,ajay,media,hottopic,hindi,commissioner,download,twitter,case,social,breaking news,court,advocate,india,news,apps,panel,google,sports
messenger,kidwai,hour,bulletin,telegram,mobile,photo,sakleshpur,camp,trishul,channel,commentaries,personalities,updates,bajrang,discussions,act,tv,programming,politics,karnataka,audience,koo,quality,facebook,viral video,congress,shows,instagram,gun,join,raghu,image,infotainment,channels,air,follow,video,economy,breaking,nehal,media,hindi,download,twitter,teaser,deeksha,social,training,dal,reporter,india,news,apps,panel,google,arms,sports
messenger,survey,masjid,telegram,mobile,hour,mishra,channel,commentaries,personalities,updates,discussions,programming,politics,audience,koo,quality,facebook,shows,instagram,join,image,infotainment,channels,follow,ki,varanasi,economy,ajay,media,hindi,commissioner,download,twitter,case,social,breaking news,court,advocate,khabar,india,news,apps,panel,google,sports
messenger,survey,masjid,telegram,mobile,hour,mishra,channel,commentaries,personalities,updates,discussions,programming,politics,audience,koo,quality,facebook,shows,instagram,join,image,infotainment,channels,follow,varanasi,economy,ajay,media,hindi,commissioner,download,twitter,case,social,breaking news,court,advocate,india,news,apps,panel,google,sports
messenger,water,hour,telegram,mobile,channel,commentaries,personalities,updates,discussions,wells,chandrapur,politics,programming,maharashtra,audience,koo,quality,facebook,village,pits,days,join,shows,instagram,image,infotainment,channels,follow,economy,media,hindi,download,twitter,rainy,social,breaking news,india,news,apps,wardha,panel,drains,google,sports
messenger,hour,tribals,telegram,mobile,camps,channel,commentaries,personalities,updates,discussions,programming,politics,government,audience,koo,quality,facebook,movement,shows,instagram,join,bijapur,security,image,time,infotainment,channels,follow,economy,media,hindi,chhattisgarh,download,twitter,social,breaking news,episode,india,news,apps,panel,sukma,google,sports,force
messenger,hour,telegram,mobile,channel,indians,commentaries,personalities,updates,discussions,programming,politics,umran,audience,koo,facebook,quality,shows,speed,join,instagram,image,infotainment,channels,mumbai,follow,malik,economy,media,sharma,hindi,ipl,download,twitter,rohit,social,breaking news,india,apps,panel,google,sports
messenger,survey,masjid,telegram,mobile,hour,channel,commentaries,personalities,updates,photos,discussions,programming,politics,audience,koo,aap,facebook,quality,supreme,shows,instagram,kya,join,image,infotainment,channels,mosque,shivling,hain,follow,varanasi,video,economy,breaking,media,hindi,download,twitter,case,social,court,india,news,apps,panel,google,sports
messenger,survey,masjid,telegram,mobile,hour,channel,places,commentaries,personalities,updates,discussions,act,programming,politics,audience,koo,quality,facebook,justice,shows,instagram,join,image,infotainment,channels,worship,follow,varanasi,economy,media,hindi,download,twitter,social,breaking news,chandrachud,court,india,news,apps,panel,google,sports
messenger,survey,masjid,telegram,mobile,hour,mishra,channel,commentaries,city,personalities,updates,photos,discussions,programming,politics,audience,koo,quality,facebook,supreme,centre,shows,join,instagram,image,infotainment,channels,mosque,shivling,follow,varanasi,video,economy,ajay,media,hindi,download,twitter,case,social,breaking news,court,india,news,apps,panel,google,sports
messenger,hour,bulletin,telegram,mobile,digital,indians,channel,commentaries,personalities,updates,playoffs,discussions,programming,politics,audience,koo,quality,mi,facebook,shows,instagram,join,image,infotainment,channels,mumbai,wins,follow,economy,sunrisers,vs,media,hindi,ipl,download,twitter,teaser,hyderabad,social,breaking news,india,news,apps,panel,google,sports
messenger,girls,hour,bulletin,telegram,mobile,vimal,channel,commentaries,personalities,updates,discussions,clip,tv,fight,programming,politics,audience,koo,quality,facebook,police,shows,instagram,join,image,infotainment,channels,anchor,outside,follow,economy,mohan,media,bangalore,hindi,download,twitter,social,breaking news,school,short,india,news,apps,panel,bengaluru,google,sports
messenger,hour,bulletin,telegram,mobile,channel,commentaries,personalities,updates,discussions,tv,programming,politics,audience,koo,quality,facebook,top,shows,instagram,join,image,infotainment,channels,follow,economy,media,hindi,download,twitter,teaser,social,breaking news,headlines today,india,news,apps,panel,google,sports
messenger,hour,telegram,mobile,digital,channel,commentaries,personalities,updates,day,discussions,ani,deepika padukone,politics,programming,audience,koo,saree,facebook,quality,film,credit,join,shows,instagram,festival,image,infotainment,channels,follow,economy,video,source,media,hindi,download,twitter,teaser,social,breaking news,red,sabyasachi,india,news,carpet,apps,panel,google,cannes,sports
messenger,hour,telegram,mobile,kej,france,digital,channel,commentaries,personalities,updates,discussions,thakur,joshi,programming,politics,ani,audience,koo,quality,facebook,film,credit,join,ricky,shows,instagram,festival,image,infotainment,channels,film festival,padukone,follow,economy,anurag,video,media,hindi,download,twitter,teaser,social,breaking news,siddiqui,rmadhavan,red,madhavan,india,news,carpet,apps,panel,google,cannes,sports
messenger,kidwai,hour,bulletin,telegram,mobile,rains,uttarakhand,channel,himachal,commentaries,personalities,updates,discussions,clip,tv,programming,politics,alert,audience,koo,quality,facebook,shows,instagram,pools,join,image,infotainment,channels,follow,economy,nehal,media,hindi,download,twitter,rain,social,breaking news,india,news,apps,bengaluru,panel,google,sports
messenger,export,hour,telegram,mobile,ports,channel,commentaries,personalities,updates,ban,akhilesh,trucks,discussions,programming,politics,audience,koo,quality,facebook,shows,instagram,join,image,infotainment,channels,follow,economy,breaking,port,media,sharma,hindi,queue,download,twitter,kandla,wheat,social,india,news,apps,panel,google,sports
messenger,hour,bulletin,telegram,mobile,login,headlines,channel,commentaries,personalities,updates,day,discussions,tv,programming,politics,audience,koo,quality,facebook,opinion,poll,shows,instagram,join,image,infotainment,channels,follow,economy,media,hindi,download,twitter,teaser,social,breaking news,entertainment news,india,apps,panel,google,sports
messenger,hour,telegram,mobile,station,channel,commentaries,personalities,choudhary,updates,discussions,landslide,programming,politics,audience,koo,quality,facebook,rescue,rail,flood,shows,join,instagram,image,infotainment,channels,follow,economy,media,hindi,download,twitter,social,breaking news,reporter,floods,india,people,news,apps,panel,assam,google,sports
messenger,hour,telegram,mobile,france,digital,channel,commentaries,personalities,updates,discussions,programming,politics,ani,look,audience,koo,facebook,quality,film,credit,join,shows,instagram,festival,image,infotainment,bhatia,channels,tamannaah,follow,video,economy,breaking,media,hindi,download,twitter,teaser,social,india,news,carpet,apps,panel,google,cannes,sports
messenger,survey,masjid,bulletin,telegram,mobile,hour,channel,commentaries,personalities,updates,discussions,clip,tv,programming,politics,sports,shukla,audience,koo,quality,facebook,shows,instagram,join,image,infotainment,channels,mosque,report,follow,economy,media,hindi,saurabh,download,twitter,case,social,breaking news,court,reporter,india,news,apps,panel,google,today
messenger,hour,bulletin,telegram,mobile,rains,channel,commentaries,personalities,updates,discussions,tv,programming,politics,alert,audience,koo,quality,facebook,shows,instagram,pools,join,image,infotainment,channels,anchor,follow,kaushik,economy,morning,media,hindi,download,jaya,twitter,rain,social,breaking news,show,india,news,apps,bengaluru,panel,google,sports
messenger,hour,leader,bulletin,telegram,mobile,channel,patel,commentaries,personalities,updates,discussions,clip,tv,elections,programming,politics,congress party,from,audience,resign,koo,facebook,quality,congress,shows,instagram,join,party,image,infotainment,channels,assembly,follow,economy,manoranjan,media,hindi,download,twitter,gujarat,social,breaking news,india,news,apps,panel,hardik,google,sports,bharti
rajiv,ag,messenger,hour,bulletin,telegram,mobile,channel,commentaries,personalities,updates,murder,discussions,clip,tv,hearing,bhargava,politics,gandhi,nalini,programming,releases,audience,koo,quality,facebook,supreme,shows,instagram,join,ashish,assassination,perarivalan,infotainment,channels,image,follow,economy,media,hindi,download,twitter,case,social,breaking news,court,reporter,india,apps,panel,google,sports
messenger,hour,telegram,mobile,honour,digital,channel,commentaries,personalities,updates,day,discussions,programming,deepika padukone,politics,ani,audience,koo,quality,facebook,film,credit,join,shows,instagram,festival,country,infotainment,channels,image,follow,economy,video,deepika,media,hindi,download,twitter,teaser,social,breaking news,india,news,carpet,apps,panel,google,cannes,sports
messenger,hour,bulletin,telegram,mobile,channel,commentaries,personalities,updates,bail,murder,discussions,clip,tv,programming,politics,audience,sheena,koo,mukerjea,facebook,quality,supreme,shows,instagram,join,sc,indrani,rajput,image,infotainment,channels,anchor,follow,economy,bora,media,grants,hindi,download,twitter,case,social,breaking news,court,short,india,news,apps,panel,aditi,google,sports
messenger,hour,bulletin,telegram,mobile,channel,patel,commentaries,personalities,updates,discussions,akhilesh,clip,tv,elections,programming,politics,gandhi,audience,koo,quality,facebook,congress,resigns,shows,instagram,join,party,rajput,image,infotainment,channels,anchor,follow,economy,media,sharma,hindi,download,twitter,rahul,sonia,gujarat,social,breaking news,reporter,quits,india,bjp,news,apps,panel,hardik,aditi,google,sports
messenger,survey,masjid,bulletin,telegram,mobile,hour,channel,commentaries,personalities,updates,discussions,clip,tv,programming,politics,shukla,audience,koo,quality,facebook,shows,instagram,join,image,infotainment,channels,mosque,report,follow,economy,media,hindi,saurabh,download,twitter,case,social,breaking news,court,reporter,india,news,apps,panel,google,sports
messenger,hour,bulletin,govt,telegram,mobile,channel,commentaries,personalities,updates,discussions,tv,elections,programming,politics,government,reservation,audience,koo,facebook,quality,supreme,shows,instagram,join,image,infotainment,channels,follow,economy,anurag,media,hindi,download,twitter,teaser,panchayat,madhya,social,breaking news,court,reporter,india,news,apps,panel,google,pradesh,sports
messenger,hour,bulletin,telegram,mobile,tests,singh,channel,commentaries,personalities,updates,discussions,clip,tv,victims,programming,politics,delhi,fire,audience,koo,quality,facebook,shows,instagram,join,mukesh,image,mundka,infotainment,channels,follow,economy,media,dna,hindi,download,twitter,social,breaking news,reporter,india,news,apps,panel,sample,sengar,google,sports
messenger,masjid,telegram,pandey,mobile,hour,channel,price,commentaries,personalities,updates,discussions,modi,alok,programming,politics,temple,audience,koo,quality,facebook,village,shows,adopted,join,instagram,pm,image,infotainment,channels,mosque,follow,varanasi,economy,inflation,vlog,media,hindi,download,twitter,social,breaking news,court,india,apps,panel,controversy,google,rise,sports
messenger,hour,bulletin,telegram,mobile,channel,commentaries,personalities,updates,discussions,clip,tv,programming,politics,delhi,audience,koo,aap,facebook,quality,shows,instagram,join,image,infotainment,channels,mcd,follow,economy,breaking,media,sharma,hindi,construction,download,twitter,dda,sharad,social,reporter,india,news,bulldozer,apps,panel,google,sports
messenger,hour,bulletin,telegram,mobile,channel,commentaries,personalities,choudhary,updates,discussions,clip,landslide,tv,programming,politics,audience,koo,quality,facebook,flood,shows,join,instagram,image,infotainment,channels,follow,economy,media,hindi,download,twitter,social,breaking news,reporter,floods,india,people,news,apps,panel,assam,google,sports
rajiv,messenger,hour,buses,bulletin,crime,telegram,mobile,panwar,channel,bus,commentaries,personalities,updates,murder,discussions,headon,tv,programming,politics,gandhi,audience,koo,quality,facebook,tamil,shows,nadu,join,instagram,image,infotainment,channels,report,follow,economy,salem,media,hindi,accident,download,twitter,case,sharad,social,breaking news,show,india,news,apps,panel,google,sports
messenger,survey,masjid,telegram,mobile,hour,singh,channel,commentaries,personalities,updates,photos,discussions,programming,politics,audience,koo,quality,facebook,supreme,shows,instagram,join,image,infotainment,channels,mosque,shivling,follow,varanasi,video,economy,ajay,vlog,media,hindi,download,twitter,case,social,breaking news,court,india,apps,panel,google,sports
messenger,survey,masjid,telegram,mobile,hour,singh,channel,commentaries,personalities,updates,photos,discussions,programming,politics,audience,koo,quality,facebook,supreme,shows,instagram,join,image,infotainment,channels,shivling,follow,varanasi,video,economy,ajay,vlog,media,hindi,download,twitter,case,social,breaking news,court,gyanvapi mosque,india,apps,panel,google,sports
messenger,survey,masjid,telegram,mobile,hour,channel,commentaries,personalities,updates,photos,discussions,kanoon,bhargava,politics,programming,audience,koo,quality,facebook,supreme,shows,instagram,baat,join,ashish,image,infotainment,channels,mosque,shivling,follow,ki,varanasi,video,economy,vlog,media,hindi,download,twitter,case,social,breaking news,court,india,apps,panel,google,sports
messenger,survey,masjid,telegram,mobile,hour,channel,commentaries,personalities,updates,photos,discussions,akhilesh,programming,politics,audience,koo,quality,facebook,supreme,shows,instagram,baat,join,image,infotainment,channels,mosque,shivling,follow,ki,varanasi,video,economy,pate,vlog,sharma,hindi,media,download,twitter,case,social,breaking news,court,india,bjp,apps,panel,google,sports
messenger,hour,telegram,mobile,channel,cricketer,commentaries,personalities,updates,discussions,programming,politics,umran,audience,team,prediction,koo,facebook,quality,shows,instagram,join,image,infotainment,channels,cricket,follow,malik,economy,vlog,media,hindi,ipl,download,twitter,hyderabad,social,breaking news,india,news,apps,panel,google,sports
messenger,naghma,survey,masjid,telegram,history,mobile,hour,channel,commentaries,personalities,updates,photos,discussions,sahar,clip,tv,taj,programming,politics,audience,koo,quality,facebook,mahal,shows,instagram,join,image,infotainment,channels,mosque,anchor,follow,update,varanasi,video,economy,owaisi,media,hindi,commissioner,download,twitter,case,social,breaking news,verdict,india,news,apps,panel,google,sports
messenger,naghma,survey,masjid,telegram,history,mobile,hour,channel,commentaries,personalities,updates,photos,discussions,sahar,clip,tv,programming,politics,audience,koo,quality,facebook,shows,instagram,join,image,infotainment,channels,mosque,anchor,follow,update,varanasi,video,economy,owaisi,media,hindi,download,twitter,case,social,breaking news,short,verdict,bjp,news,india,apps,panel,google,sports
messenger,naghma,survey,masjid,telegram,history,mobile,hour,channel,commentaries,personalities,updates,photos,discussions,sahar,clip,tv,programming,politics,audience,koo,quality,facebook,shows,instagram,join,image,infotainment,channels,mosque,anchor,follow,update,varanasi,video,economy,owaisi,media,hindi,download,twitter,case,social,breaking news,short,verdict,bjp,news,india,apps,panel,google,sports
messenger,hour,telegram,mobile,rajasthan,digital,channel,commentaries,personalities,updates,discussions,clip,programming,politics,gandhi,gehlot,audience,koo,quality,pcc,facebook,congress,shows,instagram,join,google,image,infotainment,channels,follow,economy,breaking,baba,manoranjan,vlog,media,hindi,download,twitter,rahul,sonia,social,ashok,india,news,apps,panel,udaipur,jaipur,sports,bharti
messenger,survey,masjid,bulletin,telegram,upadhyay,mobile,hour,mishra,channel,commentaries,personalities,updates,discussions,tv,programming,politics,audience,koo,quality,facebook,shows,instagram,join,image,infotainment,ka,mosque,anchor,channels,follow,varanasi,economy,ajay,media,discussion,hindi,download,twitter,ayodhya,sawaal,case,filming,social,breaking news,court,show,india,verdict,news,apps,panel,google,sports
messenger,naghma,hour,bulletin,telegram,mobile,channel,patel,commentaries,personalities,updates,discussions,sahar,tv,elections,programming,politics,audience,koo,quality,facebook,congress,shows,instagram,baat,join,image,infotainment,channels,anchor,follow,ki,economy,media,hindi,download,twitter,gujarat,social,breaking news,show,india,bjp,news,apps,panel,hardik,google,sports
messenger,honor,hour,telegram,mobile,digital,channel,commentaries,personalities,updates,day,thakur,discussions,programming,deepika padukone,politics,audience,koo,quality,facebook,film,shows,join,instagram,festival,google,image,infotainment,channels,country,follow,economy,anurag,media,hindi,download,twitter,teaser,social,breaking news,india,news,carpet,apps,panel,pavilion,cannes,sports
messenger,hour,telegram,mobile,channel,commentaries,personalities,updates,discussions,programming,politics,audience,koo,team,facebook,quality,shows,instagram,join,image,infotainment,channels,follow,economy,media,hindi,laxman,download,twitter,coach,social,breaking news,india,apps,panel,google,sports
rica,messenger,hour,telegram,mobile,channel,cup,commentaries,personalities,updates,discussions,programming,politics,audience,koo,team,facebook,quality,shows,instagram,join,image,infotainment,channels,anchor,follow,badminton,economy,thomas,breaking,media,hindi,download,twitter,social,india,news,apps,panel,google,roy,sports
messenger,survey,hour,bulletin,telegram,mobile,channel,commentaries,personalities,updates,discussions,tv,programming,politics,audience,koo,quality,facebook,shows,instagram,join,image,infotainment,channels,mosque,mayawati,anchor,follow,varanasi,economy,media,hindi,download,twitter,teaser,case,sentiments,nidhi,social,breaking news,india,bjp,news,apps,panel,google,sports
messenger,hour,bulletin,telegram,mobile,channel,commentaries,personalities,updates,discussions,tv,programming,politics,delhi,audience,koo,quality,facebook,anil baijal,resigns,shows,instagram,join,image,infotainment,channels,follow,lieutenant,economy,media,sharma,hindi,download,twitter,teaser,sharad,social,breaking news,anil,reporter,governor,india,news,apps,panel,google,sports
messenger,hour,bulletin,pandey,telegram,mobile,channel,commentaries,personalities,updates,discussions,clip,tv,alok,programming,politics,audience,koo,quality,facebook,shows,instagram,join,pm,image,infotainment,channels,news record,follow,economy,inflation,media,hindi,download,twitter,reaches,social,breaking news,april,reporter,short,high,india,apps,panel,google,sports
messenger,hour,bulletin,telegram,mobile,channel,commentaries,personalities,updates,discussions,tv,programming,politics,delhi,nath,feature,audience,koo,quality,facebook,anil baijal,ram,resigns,shows,instagram,baat,join,image,infotainment,channels,anchor,follow,ki,lieutenant,economy,president,media,hindi,download,twitter,nidhi,social,breaking news,anil,may,show,governor,india,news,des,apps,panel,google,sports
messenger,survey,masjid,bulletin,telegram,mobile,hour,mishra,channel,commentaries,personalities,updates,discussions,tv,programming,politics,audience,koo,quality,facebook,desh,shows,instagram,join,image,infotainment,channels,anchor,puja,follow,varanasi,economy,ajay,media,hindi,download,twitter,case,social,breaking news,court,show,india,news,apps,commission,panel,bhardwaj,google,pradesh,sports
messenger,survey,masjid,bulletin,telegram,mobile,hour,mishra,channel,commentaries,personalities,updates,discussions,tv,programming,politics,shukla,audience,koo,quality,facebook,shows,instagram,join,image,infotainment,channels,follow,varanasi,economy,ajay,media,hindi,saurabh,download,twitter,teaser,case,social,breaking news,court,india,news,apps,commission,panel,google,sports
messenger,hour,bulletin,telegram,mobile,channel,commentaries,personalities,updates,murder,discussions,tv,bhargava,politics,programming,audience,sheena,koo,mukerjea,facebook,quality,supreme,shows,instagram,join,indrani,ashish,image,infotainment,channels,follow,economy,bora,media,hindi,download,twitter,teaser,case,social,breaking news,court,reporter,india,news,apps,panel,google,sports
messenger,hour,bulletin,telegram,mobile,channel,commentaries,personalities,updates,discussions,clip,tv,programming,politics,delhi,audience,koo,quality,facebook,aap,shows,instagram,join,demolition,image,infotainment,channels,mcd,arvind,report,follow,economy,media,sharma,hindi,download,twitter,sharad,kejriwal,row,breaking news,reporter,social,short,india,bjp,news,bulldozer,apps,panel,google,sports
messenger,ishan,hour,telegram,mobile,channel,indians,commentaries,personalities,updates,discussions,programming,politics,audience,koo,team,facebook,quality,shows,instagram,join,image,infotainment,channels,mumbai,follow,economy,media,hindi,ipl,planning,download,twitter,social,breaking news,kishan,india,apps,panel,google,sports
ag,rajiv,messenger,rajiv gandhi,hour,bulletin,telegram,mobile,channel,commentaries,personalities,updates,murder,discussions,tv,programming,politics,gandhi,audience,koo,quality,facebook,shows,instagram,join,assassination,image,perarivalan,infotainment,channels,follow,jail,economy,breaking,media,hindi,download,twitter,teaser,case,social,court,india,news,apps,panel,google,sports
pooja,messenger,hour,telegram,mobile,digital,channel,mame,commentaries,personalities,updates,day,discussions,programming,deepika padukone,politics,ani,song festival,audience,koo,quality,facebook,credit,shows,join,instagram,image,infotainment,channels,tamannaah,follow,economy,video,rautela,media,hegde,hindi,download,twitter,teaser,khan,social,breaking news,india,news,carpet,apps,dance film,panel,google,urvashi,cannes,sports
messenger,survey,masjid,telegram,mobile,hour,mishra,channel,commentaries,personalities,updates,discussions,programming,politics,audience,koo,quality,facebook,shows,instagram,join,image,infotainment,channels,report,follow,varanasi,economy,ajay,media,hindi,download,twitter,case,social,breaking news,court,khabar,india,news,apps,panel,google,sports
messenger,hour,bulletin,telegram,mobile,channel,commentaries,personalities,updates,discussions,tv,programming,politics,audience,koo,quality,facebook,shows,instagram,join,high feature,time,infotainment,channels,anchor,prime,image,follow,unemployement,economy,inflation,media,hindi,india time,download,twitter,reaches,nidhi,primetime,social,breaking news,april,may,show,india,news,apps,panel,record,google,sports
messenger,hour,telegram,mobile,channel,quinton,commentaries,personalities,updates,discussions,programming,politics,kock,audience,koo,quality,facebook,kl,shows,instagram,join,image,records,infotainment,channels,follow,economy,breaking,media,hindi,ipl,download,twitter,rahul,social,india,apps,news,panel,google,sports
messenger,topic,hour,bulletin,telegram,kolkata,mobile,channel,commentaries,personalities,updates,protest,discussions,akhilesh,tv,banerjee,programming,politics,hot topic,audience,koo,facebook,quality,shows,instagram,join,image,infotainment,channels,anchor,follow,economy,bengal,media,hottopic,sharma,hindi,download,twitter,social,breaking news,mamata,show,india,news,apps,panel,google,sports
messenger,hour,bulletin,telegram,kolkata,mobile,channel,commentaries,personalities,updates,protest,discussions,tv,banerjee,programming,politics,audience,koo,quality,facebook,police,shows,instagram,join,image,infotainment,channels,follow,economy,bengal,media,hindi,download,twitter,teaser,social,breaking news,mamata,india,news,apps,panel,google,sports
messenger,hour,bulletin,telegram,mobile,channel,patel,commentaries,personalities,updates,discussions,akhilesh,tv,elections,programming,politics,audience,koo,quality,facebook,congress,shows,instagram,join,image,infotainment,channels,anchor,follow,economy,media,sharma,hindi,download,twitter,teaser,gujarat,social,breaking news,india,bjp,news,apps,panel,hardik,google,sports
messenger,kidwai,hour,bulletin,telegram,mobile,channel,commentaries,personalities,updates,discussions,tv,programming,politics,alert,audience,koo,quality,facebook,shows,instagram,join,image,infotainment,channels,meteorological,department,follow,update,economy,weather,nehal,media,hindi,download,twitter,teaser,monsoon,social,breaking news,reporter,india,news,apps,bengaluru,panel,google,sports
messenger,naghma,survey,masjid,bulletin,telegram,mobile,hour,mishra,badi,channel,commentaries,personalities,updates,discussions,sahar,tv,programming,politics,audience,koo,quality,facebook,shows,instagram,join,image,infotainment,channels,anchor,follow,varanasi,economy,ajay,media,hindi,download,twitter,case,social,breaking news,court,show,khabar,india,news,apps,panel,google,sports
