letter,medical,visit,channel,handles,min,tv,pg,association,minister,intervention,facebook,newsx,to,more,click,instagram,union,live,videos,exam,neet,follow,update,health,dates,indian,media watch,twitter,social,youtube,mansukh,may,link,entertainment,information,news
watch,drive,visit,district,channel,handles,magistrate,haridwar,tv,hits,media city,live entertainment,facebook,newsx,more,click,instagram,videos,demolition,follow,update,administration,twitter,social,youtube,link,information,news,kumar,encroachment,today
pooja,ias,crore,jharkhand,visit,channel,officer,handles,day,scam,tv,directorate,singhal,facebook,newsx,ed,more,click,instagram,live,videos,enforcement,follow,update,khand,media watch,twitter,rupees,mgnrega,case,social,remand,youtube,link,entertainment,information,news,today
visit,channel,handles,discussions,tv,government,monetary,facebook,newsx,sri,more,click,instagram,live,instability,videos,imf,independence,follow,update,fund,international,media watch,twitter,social,youtube,link,lanka,entertainment,information,news,sl,crisis
hindu,masjid,visit,channel,handles,tv,hearing,petition,live entertainment,facebook,newsx,permission,more,click,instagram,videos,mosque,follow,update,varanasi,devotees,media watch,twitter,wall,idols,row,social,court,youtube,link,verdict,information,news,outer,today
visit,channel,handles,tv,shop,situation,live entertainment,facebook,newsx,village,more,click,instagram,videos,violence,vehicles,follow,update,motorcycles,control,clash,keredi,media watch,groups,twitter,madhya,social,youtube,link,people,news,information,hospital,ablaze,pradesh
hindu,leader,visit,tension,district,rajasthan,channel,handles,protest,tv,vishva,live entertainment,facebook,newsx,more,click,instagram,slogans,wednesday,videos,follow,update,streets,functionaries,media watch,twitter,hanumangarh,roads,social,youtube,raising,link,information,news
visit,raga,talks,channel,post,reports,demand,handles,tv,elections,gandhi,live entertainment,facebook,newsx,congress,more,click,instagram,party,videos,strategy,follow,update,president,media watch,twitter,rahul,sonia,brass,leadership,social,youtube,link,bjp,news,information,udaipur
visit,channel,handles,tv,eyes,live entertainment,facebook,newsx,more,click,instagram,videos,mosque,follow,update,media watch,twitter,case,social,youtube,link,verdict,information,news
general,visit,gen,chaos,channel,handles,tv,crises,live entertainment,facebook,newsx,sri,more,click,instagram,videos,follow,update,activities,commissioner,media watch,twitter,services,social,commissioners,youtube,link,supplies,lanka,information,news,crisis
threat,affairs,visit,intrusion,channel,handles,ministry,tv,situation,alert,facebook,tn,newsx,tamil,sri,more,nadu,click,instagram,live,videos,issue,follow,update,media watch,agencies,twitter,social,home intelligence,youtube,link,lanka,entertainment,touch,information,news,nationals,state,districts
plane,watch,visit,thursday,channel,china,airline,passengers,handles,tv,media city,fire,live entertainment,facebook,newsx,more,click,instagram,members,videos,country,follow,update,crew,twitter,catches,passenger,social,youtube,link,tibet,airlines,people,news,information
bombings,visit,investigating,terrorist,ibrahim,channel,handles,national,role,bombay,tv,crackdown,head,facebook,newsx,states,more,click,instagram,live,videos,united,follow,update,dawood,connection,media watch,twitter,case,reward,social,youtube,hawala,link,entertainment,india,people,news,information,agency
visit,crime,channel,handles,updates,tv,delhi,facebook,newsx,police,more,click,instagram,live,videos,violence,follow,update,connection,probe,media watch,twitter,case,social,youtube,link,entertainment,people,news,information
visit,tension,steps,channel,handles,tv,rajapaksa,facebook,live entertainment,constitution,newsx,amid,sri,more,click,instagram,videos,country,follow,update,president,media watch,contents,twitter,social,youtube,amendment,link,information,news,parliament,crisis
curfew,colombo,hrs,visit,channel,handles,tv,live entertainment,facebook,newsx,more,click,instagram,pm,videos,tomorrow,division,follow,update,president,morning,friday,media watch,twitter,social,youtube,may,link,effect,information,news,today,force
republican,visit,basu,channel,us,rights,handles,tv,senate,live entertainment,facebook,newsx,states,more,click,instagram,countries,wednesday,videos,united,follow,update,women,choice,abortion,media watch,opposition,bill,twitter,social,youtube,legislation,link,india,information,news
visit,kashmir,pak,demographics,channel,nations,handles,tv,fm,foreign,claimed,exercises,minister,bhutto,facebook,newsx,more,click,instagram,pakistan,live,videos,bilawal,united,report,follow,update,zardari,jammu,exercise,media watch,illegal,delimitation,twitter,attempt,social,youtube,link,entertainment,india,information,news,commission
visit,channel,handles,crowd,tv,delhi,alais,evidence,live entertainment,facebook,newsx,police,more,click,instagram,videos,violence,image,follow,update,video,pic,morning,probe,media watch,twitter,social,youtube,link,raja,information,news,abdul
visit,district,saffron,channel,handles,tv,karnataka,facebook,place,newsx,belagavi,more,click,instagram,live,taka,wednesday,videos,mosque,worship,follow,update,flag,km,media watch,persons,twitter,case,social,youtube,link,entertainment,information,news,bengaluru
leader,visit,rajasthan,channel,post,handles,tv,facebook,newsx,post live,more,click,instagram,videos,follow,update,clash,media watch,twitter,hanumangarh,social,youtube,link,internet,attacked,entertainment,information,news
visit,channel,handles,tv,key,live entertainment,facebook,newsx,cm,more,click,instagram,punjab,videos,all,follow,update,dcs,media watch,twitter,social,youtube,link,information,news,chair,meet
watch,visit,channel,handles,plea,bail,tv,live entertainment,mla,newsx,facebook,more,click,instagram,videos,sp,follow,update,media,azam,twitter,khan,reaches,social,court,youtube,link,information,news
visit,channel,handles,residence,tv,live entertainment,facebook,newsx,more,click,instagram,videos,navneet,rana,follow,update,kirit,media watch,twitter,social,youtube,link,bjp,somaiya,news,information,meet
visit,channel,handles,soren,scam,tv,facebook,newsx,cm,more,click,instagram,live,videos,follow,update,khand,media watch,administration,results,twitter,mgnrega,case,social,youtube,link,entertainment,bjp,news,information
watch,govt,visit,channel,handles,min,office,tv,facebook,newsx,cm,more,click,instagram,live,yogi,should,maha,videos,mumbai,slams,follow,update,over,media,twitter,focus,social,youtube,link,entertainment,information,news
visit,channel,post,handles,tv,forces,alert,facebook,newsx,post live,more,click,instagram,videos,chief,follow,update,clash,media watch,twitter,hanumangarh,social,youtube,link,internet,attacked,entertainment,information,news
visit,channel,handles,updates,tv,taj,hearing,underway,live entertainment,facebook,newsx,mahal,more,click,instagram,videos,follow,update,allahabad,media watch,twitter,row,social,youtube,link,information,news,hc
drive,visit,channel,handles,updates,locations,tv,delhi,underway,live entertainment,facebook,newsx,more,click,instagram,videos,demolition,follow,update,media watch,twitter,social,youtube,link,information,news
visit,channel,ensure,handles,goal,tv,modi,live entertainment,address,newsx,facebook,more,click,instagram,pm,videos,all,follow,update,media watch,twitter,reaches,utkarsh,social,youtube,link,information,news
visit,channel,handles,briefs,tv,live entertainment,facebook,newsx,bommai,cm,push,more,click,instagram,taka,anti,videos,follow,update,media,media watch,bill,twitter,conversion,social,youtube,link,information,news
drive,visit,channel,handles,tv,protests,underway,live entertainment,facebook,newsx,more,click,instagram,videos,demolition,follow,update,against,media watch,madanpur,twitter,social,erupt,youtube,link,information,news,khader
watch,visit,big media,channel,handles,tv,facebook,newsx,post live,more,click,instagram,pm,videos,follow,update,delayed,twitter,social,youtube,link,entertainment,verdict,information,news
masjid,visit,sanjay,channel,handles,benefits,tv,live entertainment,facebook,newsx,up,more,click,instagram,videos,follow,update,raut,media watch,twitter,row,social,youtube,link,information,news
visit,channel,handles,tv,eyes,live entertainment,facebook,newsx,more,click,instagram,videos,follow,update,begins,media watch,twitter,row,social,court,youtube,link,verdict,information,proceedings,news
drive,visit,ground report,channel,handles,tv,delhi,underway,live entertainment,facebook,newsx,more,click,instagram,videos,demolition,follow,update,kalkaji,media watch,twitter,social,youtube,link,information,news
drive,visit,channel,handles,tv,live entertainment,mla,newsx,facebook,more,click,instagram,videos,demolition,follow,update,media watch,twitter,khan,attempt,social,youtube,link,information,news
survey,orders,visit,channel,handles,tv,live entertainment,facebook,newsx,more,click,instagram,videos,follow,update,media watch,twitter,social,court,youtube,link,verdict,information,news
drive,visit,chaos,channel,handles,tv,aap,live entertainment,mla,newsx,amid,facebook,more,click,instagram,anti,videos,follow,update,media watch,twitter,okhla,khan,social,youtube,link,information,news,encroachment
visit,channel,handles,tv,order,live entertainment,facebook,newsx,more,click,instagram,videos,follow,update,varanasi,copy,media watch,twitter,social,court,youtube,link,verdict,information,news
survey,watch,visit,big media,channel,handles,tv,site,live entertainment,facebook,newsx,allows,more,click,instagram,videos,follow,out,update,twitter,social,court,youtube,link,verdict,information,news
watch,masjid,development,visit,higher,big media,channel,handles,move,tv,live entertainment,facebook,newsx,more,click,instagram,videos,follow,update,twitter,social,court,youtube,link,information,news,side
watch,norwich,development,visit,group,channel,acts,us,connecticut,handles,tv,senate,khalistan,media city,separatist,platforms,live entertainment,biden,newsx,facebook,council,more,click,instagram,anti,white,videos,time,issue,follow,provokes,lobby,update,peace,silence,megha,sharma,elements,groups,support,house,twitter,social,youtube,link,holyoke,india,information,news,reason,politicians
hindu,govt,visit,channel,reportage,handles,tv,government,facebook,newsx,states,more,click,instagram,live,videos,country,united,year,report,follow,update,international,concern,megha,freedom,sharma,media watch,aim,groups,twitter,policies,social,youtube,link,entertainment,india,information,news,panel,religious,commission,state
govt,visit,channel,passes,handles,tv,live entertainment,facebook,newsx,more,click,instagram,taka,anti,videos,follow,update,media watch,session,bill,twitter,conversion,social,ordinance,youtube,link,information,news
visit,kashmiri,victim,channel,handles,tv,live entertainment,facebook,newsx,more,click,instagram,videos,pandit,follow,update,media watch,twitter,rahul,social,youtube,link,information,news,bhatt
watch,visit,kashmiri,channel,handles,tv,bhat,live entertainment,facebook,newsx,more,click,instagram,videos,pandit,injuries,follow,update,media,twitter,rahul,social,youtube,succumbs,link,attacked,information,news
drive,visit,vote,social right,channel,us,rights,handles,republicans,tv,senate,campaign,election,human,live entertainment,facebook,newsx,law,states,land,more,click,instagram,videos,country,debate,issue,united,follow,update,megha,sharma,abortion,media watch,bill,twitter,hypocrisy,deeply,youtube,link,india,information,news
survey,masjid,visit,time team,channel,mandir,handles,temple,team,live entertainment,facebook,newsx,more,click,instagram,videos,debates,time,mosque,issue,report,follow,update,varanasi,megha,sharma,media watch,twitter,social,kashi,youtube,approach,may,link,court,vishwanath,india,information,news,india tv
visit,ranil,channel,handles,tv,live entertainment,facebook,newsx,as,sri,more,click,instagram,pm,videos,follow,update,media watch,new,twitter,social,sworn,youtube,link,lanka,wickremesinghe,information,gets,news
visit,power,chaos,channel,handles,tv,offer,rajapaksa,government,live entertainment,facebook,newsx,changes,sri,stakeholders,more,click,instagram,videos,island nation,follow,update,president,megha,sharma,amidst,media watch,opposition,twitter,broadcast,social,youtube,link,lanka,information,news,crisis,powers
letter,visit,kashmir,pak,channel,nations,shambles,handles,officials,tv,minister,bhutto,facebook,newsx,more,click,instagram,pakistan,live,videos,bilawal,time,debates,issue,united,war,follow,update,zardari,economy,jammu,exercise,megha,sharma,media watch,delimitation,twitter,social,youtube,link,entertainment,information,news,un,fumes
visit,channel,handles,tv,podium,karnataka,live entertainment,facebook,newsx,bommai,cm,more,click,instagram,videos,follow,update,media watch,twitter,social,episode,youtube,link,information,news
watch,referendums,visit,group,channel,passes,sikh,handles,eye,ban,tv,media city,sikhs,biden,facebook,newsx,council,justice,more,click,instagram,live,videos,agendas,declaration,independence,follow,update,mayor,insurgents,resolution,administration,twitter,sovereignty,social,yous,khalistani,youtube,link,holyoke,blind,entertainment,india,information,news
visit,channel,handles,reformed,tv,modi,covid,global,live entertainment,facebook,newsx,more,click,instagram,pm,videos,follow,update,summit,media watch,twitter,be,social,youtube,link,information,news
onwards,visit,handles,tv,trillion,social policy,politics,live entertainment,facebook,newsx,more,instagram,videos,policy,follow,billion,update,cross,media watch,twitter,episode,exports,show,india,information,tarun,news
visit,kashmir,kashmiri,channel,brutal,handles,tv,underway,live entertainment,place,newsx,facebook,rites,more,click,instagram,videos,pandit,follow,update,jammu,budgam,media watch,twitter,rahul,social,youtube,link,information,news,bhatt
visit,pulwama,kashmir,channel,handles,residence,tv,live entertainment,facebook,newsx,terrorists,more,click,instagram,videos,cop,follow,cops,update,policeman,media watch,twitter,social,shot,youtube,link,information,news
visit,kashmiri,channel,handles,father,tv,live entertainment,facebook,newsx,more,click,instagram,videos,pandit,follow,update,media watch,slain,everyone,twitter,rahul,yesterday,social,youtube,link,killing,news,information,bhatt
srivastava,visit,thursday,channel,handles,pilots,kills,panda,tv,captain,airport,helicopter,live entertainment,newsx,facebook,more,raipur,click,instagram,videos,follow,update,malfunction,accident,media watch,twitter,social,youtube,link,findings,evening news,crash,information,state
jharkhand,visit,channel,pilferage,handles,tv,chargesheet,facebook,newsx,charge,terrorists,more,click,instagram,live,videos,follow,update,supply,media watch,sheet,persons,twitter,organisations,case,social,youtube,link,ammunition,nia,entertainment,files,information,news,arms
visit,pulwama,channel,handles,tv,spo,live entertainment,newsx,facebook,more,click,instagram,videos,follow,update,ahmed,media watch,twitter,thokar,social,shot,youtube,link,information,riyaz,news,hospital
visit,channel,handles,tv,crackdown,facebook,newsx,more,shakeel,click,instagram,live,videos,chhota,follow,update,dawood,suspects,abubakar,media watch,twitter,case,company,social,shaikh,youtube,arif,link,nia,entertainment,information,news
visit,channel,buildings,handles,lucky,tv,live entertainment,facebook,newsx,more,click,instagram,videos,saddar,follow,karachi,update,others,blast,media watch,cars,twitter,social,youtube,link,information,news,star,area
survey,visit,district,mishra,singh,channel,handles,magistrate,vishal,discussions,tv,live entertainment,arrangements,newsx,facebook,more,adv,click,instagram,videos,mosque,follow,update,varanasi,ajay,kind,commissioner,media watch,twitter,night,social,youtube,link,advocate,information,news
messaging,visit,owner,channel,handles,executives,tv,live entertainment,facebook,newsx,takeover,more,click,platform,instagram,videos,follow,ceo,update,musk,media watch,twitter,social,youtube,turmoil,link,stands,elon,information,news
visit,ranil,channel,handles,tv,rages,minister,facebook,unrest,newsx,sri,returns,more,click,instagram,live,pm,videos,island nation,follow,update,economy,media watch,twitter,social,youtube,link,lanka,wickremesinghe,entertainment,information,news,crisis,times
visit,terrorist,road,bhatt,kashmiri,victim,channel,relatives,handles,protest,tv,kin,live entertainment,facebook,newsx,more,click,instagram,videos,pandit,follow,update,budgam,media watch,twitter,rahul,yesterday,social,cremation,youtube,link,information,news,friends
visit,ranil,channel,handles,tv,minister,facebook,unrest,newsx,sri,returns,more,click,instagram,live,pm,videos,island nation,follow,update,economy,media watch,twitter,social,youtube,link,wickremesinghe,entertainment,information,news,sl,times
visit,years,channel,handles,tv,live entertainment,facebook,newsx,narmada,more,click,instagram,videos,adani,foundation,follow,update,sangini,media watch,twitter,child,social,youtube,link,information,news,project,outreach,marriages
visit,kashmir,kashmiri,channel,handles,protest,tv,situation,live entertainment,facebook,newsx,protestors,more,click,instagram,videos,pandit,follow,cops,update,jammu,streets,budgam,media watch,ruckus,twitter,rahul,social,youtube,link,killing,news,information,bhatt
visit,step,overhaul,repair,channel,handles,tv,delhi,gandhi,airport,live entertainment,facebook,newsx,more,click,instagram,mro,videos,country,hangars,terminal,follow,update,igi,international,media watch,maintenance,twitter,indira,social,youtube,link,aviation,goals,information,news,state
survey,visit,channel,handles,plea,tv,live entertainment,facebook,newsx,more,click,instagram,sc,videos,mosque,follow,appeal,update,media watch,twitter,row,social,youtube,link,information,news
visit,channel,handles,tv,live entertainment,facebook,newsx,more,click,instagram,videos,mosque,follow,update,owaisi,media watch,twitter,row,social,youtube,link,information,news
visit,channel,handles,protest,tv,association,jamia,live entertainment,mla,newsx,facebook,market,more,click,instagram,announcement,videos,bagh,follow,update,media watch,twitter,okhla,khan,arrest,social,youtube,link,information,news,today
bulldozers,drive,visit,road,channel,handles,tv,live entertainment,facebook,newsx,more,click,instagram,demolition,videos,mcd,follow,update,sham,media watch,twitter,social,youtube,link,information,news,encroachment,area,nagar
demands,government office,visit,family,kashmiri,valley,victim,channel,handles,tv,protests,facebook,live entertainment,place,newsx,terrorists,rites,justice,more,click,instagram,videos,attack,follow,update,morning,budgam,media watch,twitter,rahul,pandits,social,youtube,link,information,news,bhatt,today
government office,visit,kashmiri,valley,channel,handles,tv,protests,facebook,live entertainment,place,newsx,terrorists,rites,justice,more,click,instagram,videos,attack,follow,update,morning,budgam,media watch,twitter,rahul,pandits,social,youtube,link,safety,information,news,chorus,bhatt,today
lives,letter,visit,kashmiri,channel,handles,office,tv,package,bhat,facebook,newsx,village,more,click,instagram,live,solution,pm,videos,pandit,tehsildar,follow,update,chadoora,media watch,option,twitter,rahul,employees,social,youtube,link,entertainment,information,news,reads,resignation
visit,channel,blooded,handles,murder,tv,echoes,live entertainment,facebook,newsx,justice,more,click,instagram,videos,who,cold justice,follow,update,media watch,twitter,rahul,cold,social,youtube,link,information,news
deal,visit,channel,handles,tv,tweets,live entertainment,facebook,newsx,accounts,more,click,instagram,videos,follow,update,friday,musk,users,media watch,hold,support,twitter,calculation,inc,social,youtube,link,elon,spam,news,details,information
help,rishabh,visit,ranil,srilanka,channel,handles,tv,protests,minister,live entertainment,facebook,newsx,sri,more,click,instagram,nation,pm,videos,debate,prime,island nation,follow,update,thanks,savior,aid,media watch,twitter,social,appointment,youtube,link,lanka,wickremesinghe,india,information,news,sl,crisis,gulati
rishabh,boeing,visit,sector,channel,china,handles,superpower,tv,shop,covid,lockdown,tech,live entertainment,facebook,newsx,more,dream,click,instagram,technical,videos,debate,rupture,being,follow,update,companies,setup,apple,media watch,blow,twitter,company,giants,employees,social,youtube,link,dragon,india,information,news,crisis,gulati,china crisis
watch,rishabh,subscribe,visit,years,channel,places,handles,tv,temple,facebook,place,newsx,pre,disagreements,more,click,instagram,live,videos,debate,mosque,worship,follow,update,mathura,media,twitter,ayodhya,focus,social,kashi,youtube,link,entertainment,information,news,gulati,past
visit,dr,facts,channel,mani,handles,tv,br,temple,live entertainment,facebook,newsx,former,more,adg,location,click,instagram,videos,follow,update,media watch,research,twitter,asi,social,youtube,matter,link,information,news
rishabh,visit,channel,handles,tv,modi,terms,live entertainment,facebook,newsx,more,click,instagram,pm,videos,debate,follow,update,speculations,media watch,twitter,face,social,youtube,statement,link,bjp,news,information,gulati
survey,visit,singh,channel,handles,tv,assi,member,team,live entertainment,arrangements,newsx,facebook,more,adv,location,click,instagram,security,videos,pratap,follow,update,morning,commissioner,media watch,ajai,twitter,social,youtube,matter,link,advocate,assistant,proper,information,news,part
visit,kashmiri,channel,handles,tv,underway,live entertainment,facebook,newsx,police,sainik,more,click,instagram,videos,colony,follow,update,budgam,media watch,twitter,meeting,pandits,social,youtube,link,information,news
watch,visit,channel,bus,handles,tv,injured,live entertainment,facebook,newsx,more,click,instagram,videos,katra,update,follow,media,accident,twitter,social,youtube,link,information,news
article,murders,home,rishabh,visit,kashmir,kashmiri,valley,channel,handles,tv,campaign,live entertainment,facebook,newsx,more,click,instagram,videos,kp,debate,religion,follow,update,media watch,twitter,rahul,pandits,social,youtube,will,link,abrogation,information,news,basis,gulati
hunt,rishabh,govt,visit,kashmiri,channel,insider,handles,tv,bhat,live entertainment,facebook,newsx,more,click,instagram,videos,time,pandit,debate,follow,update,jihadis,media watch,job,twitter,rahul,employees,murder police,yesterday,cold,social,youtube,link,information,news,investigation,links,gulati,terror
sahgal,visit,channel,handles,tv,live entertainment,facebook,newsx,sri,more,click,instagram,videos,chief,follow,update,media watch,story,twitter,ipkf,social,youtube,link,lanka,information,news,crisis
visit,dr,ja,channel,handles,plea,tv,pg,postponement,association,live entertainment,facebook,newsx,supreme,more,click,instagram,sc,videos,neet,follow,medial,update,media watch,exams,twitter,social,court,youtube,link,information,news
judges,visit,mechanism,channel,handles,tv,education,facebook,newsx,more,click,instagram,live,legal,videos,follow,update,media watch,resolution,twitter,social,youtube,link,entertainment,dispute,part,news,tarun,information,speaking
visit,family,channel,handles,tv,kin,victims,delhi,fire,member,live entertainment,facebook,newsx,building,more,click,instagram,videos,victim support,mundka,follow,update,media watch,support,twitter,anyone,social,youtube,link,information,news
visit,station,channel,handles,metro news,tv,victims,fire building,delhi,fire,live entertainment,facebook,newsx,tragedy,police,justice,more,click,instagram,videos,mundka,time,follow,update,afternoon,friday,media watch,story,twitter,social,youtube,link,people,information
visit,station,channel,handles,death,metro,tv,fire building,delhi,fire,live entertainment,facebook,newsx,count,tragedy,police,more,click,instagram,videos,mundka,follow,update,afternoon,friday,media watch,twitter,social,youtube,link,people,news,information,rise
visit,channel,officer,handles,tv,bharadwaj,fire,live entertainment,facebook,newsx,more,click,instagram,videos,mundka,follow,update,media watch,satpal,twitter,social,youtube,link,people,news,information
visit,channel,officer,handles,tv,fire,live entertainment,facebook,newsx,chaudhary,speaks,more,sunil,click,instagram,pm,videos,mundka,call,follow,update,media watch,twitter,social,youtube,link,information,news
visit,channel,handles,tv,fire,live entertainment,facebook,newsx,fir,more,click,instagram,videos,mundka,follow,update,sameer,owners,sharma,media watch,twitter,company,floor,social,youtube,matter,link,information,news
visit,channel,handles,tv,delhi,fire,facebook,newsx,speaks,more,click,instagram,live,videos,mundka,follow,update,jain,media watch,twitter,focus,social,youtube,link,entertainment,information,news
help,visit,sanjay,station,channel,handles,metro news,tv,gandhi,delhi,desk,fire,facebook,newsx,police,building,more,click,instagram,live,videos,mundka,follow,update,afternoon,aftermath entertainment,friday,media watch,twitter,social,youtube,link,people,information,hospital
watch,visit,channel,handles,tv,delhi,fire,site,minister,live entertainment,facebook,newsx,cm,more,click,instagram,videos,mundka,arvind,chief,follow,update,morning,media,twitter,incident,kejriwal,social,youtube,link,information,news
th,visit,raids,kashmir,channel,youth,handles,locations,north,tv,live entertainment,facebook,newsx,more,click,instagram,videos,follow,update,south,media watch,twitter,social,youtube,link,nia,information,news,area
visit,district,terrorist,channel,handles,baramulla,tv,forces,live entertainment,facebook,newsx,rafiabad,more,click,instagram,security,videos,follow,update,media watch,twitter,social,youtube,link,information,news,arms,area
visit,channel,handles,residence,tv,connaught,delhi,facebook,place,newsx,more,click,instagram,live,videos,showdown,navneet,rana,follow,update,new place,media watch,ravi rana,twitter,hanuman temple,ravi,social,youtube,link,entertainment,information,news
barbell,visit,channel,handles,ceremony,sanyal,tv,guest,live entertainment,facebook,newsx,more,click,instagram,videos,strategy,message,speech,lessons,follow,update,friday,media watch,iim,twitter,sanjeev,social,youtube,link,convocation,kashipur,students,india,information,news
survey,visit,channel,sessions,deadline,deployment,handles,tv,submission,facebook,newsx,more,days,click,instagram,live,security,videos,mosque,report,follow,update,varanasi,media watch,twitter,structure,social,youtube,videography,may,link,court,entertainment,set,news,information,today
visit,channel,handles,residence,tv,connaught,delhi,loudspeaker,facebook,newsx,more,click,instagram,live,videos,showdown,navneet,rana,follow,update,new place,media watch,twitter,hanuman temple,cp,ravi,row,social,youtube,link,entertainment,information,news,couple
visit,channel,handles,tv,delhi,fire,live entertainment,facebook,newsx,rescue,more,click,instagram,videos,mundka,follow,update,media watch,twitter,social,youtube,link,information,news,mission
visit,channel,handles,tv,goyal,images,delhi,cctv,fire,warehouse,live entertainment,facebook,newsx,more,click,instagram,videos,mundka,follow,update,owners,varun,media watch,twitter,brothers,social,youtube,link,information,news
survey,visit,channel,handles,tv,underway,live entertainment,facebook,newsx,more,click,instagram,videos,mosque,work,follow,room,update,media watch,twitter,social,youtube,videography,link,information,news
watch,visit,exchange,channel,streaming media,personalities,handles,tv,kher,tandon,awards,live entertainment,facebook,newsx,more,click,raveena,instagram,anupam,presents,videos,mumbai,follow,update,multitude,anurag,media,summit,twitter,social,youtube,event,link,information,news,batra
leader,visit,channel,need,handles,tv,government,chidambaram,facebook,address,newsx,congress,more,click,instagram,live,videos,slams,follow,update,burden,media watch,twitter,policies,social,youtube,link,entertainment,information,news
govt,visit,channel,cid,handles,tv,rajapaksa,minister,unity,facebook,newsx,sri,more,click,instagram,live,pm,videos,mahinda,prime,department,follow,update,media watch,criminal,persons,twitter,lawyer,direction,social,youtube,court,link,lanka,entertainment,information,news,investigation
visit,number,channel,handles,tv,delhi,fire,live entertainment,facebook,newsx,more,click,instagram,videos,mundka,follow,update,media watch,persons,twitter,social,youtube,link,information,news,rise
visit,channel,price,handles,bid,move,live entertainment,facebook,newsx,surge,more,click,instagram,videos,follow,update,media watch,twitter,prices,wheat,social,youtube,link,exports,effect,information,news,india,india tv
manish,watch,visit,channel,handles,tv,delhi,fire,site,live entertainment,facebook,newsx,tragedy,cm,more,click,instagram,videos,mundka,follow,update,media,twitter,sisodia,kejriwal,social,youtube,link,dy,information,news
survey,masjid,visit,channel,handles,day,tv,live entertainment,facebook,newsx,more tomorrow,instagram,click,rest,videos,mosque,sides,follow,update,peace,media watch,ends,twitter,social,youtube,link,information,news
visit,remains,channel,handles,death,officials,tv,fire,live entertainment,facebook,newsx,tragedy,more,click,instagram,death toll,videos,mundka,follow,update,media watch,twitter,social,youtube,link,toll,information,news
visit,corporator,kashmir,channel,handles,speak,tv,decision,courts,loudspeaker,live entertainment,facebook,newsx,supreme,more,click,instagram,videos,follow,update,jammu,mayor,media watch,twitter,row,social,youtube,link,responsibility,information,news
visit,channel,handles,tv,fire building,facebook,newsx,tenders,more,click,instagram,live,videos,follow,update,kishtwar,media watch,twitter,storey,social,youtube,link,entertainment,information,news,rush
visit,channel,handles,demand,protest,tv,echoes,live entertainment,facebook,newsx,justice,more,click,instagram,videos,follow,update,media watch,stages,twitter,rahul,social,youtube,link,bjp,news,information
suit,visit,channel,handles,national,tv,live entertainment,facebook,newsx,anthem,more,click,instagram,videos,debate,mp,follow,update,media watch,twitter,social,youtube,link,haryana,information,news,mandatory
visit,noc,have,channel,tiwari,handles,tv,fire,facebook,live entertainment,newsx,building,more,click,instagram,videos,mundka,mp,follow,update,manoj,media watch,twitter,social,youtube,link,bjp,news,did,information
visit,channel,handles,updates,tv,delhi,fire,underway,live entertainment,facebook,newsx,tragedy,more,click,instagram,videos,mundka,follow,update,probe,media watch,twitter,ground,social,youtube,link,information,news
visit,gen,channel,handles,tv,fire,team,live entertainment,facebook,newsx,more,click,instagram,videos,mundka,follow,update,probe,media watch,spl,twitter,kc,social,youtube,link,information,news
leader,visit,statesman,al,channel,sheikh,khalifa,handles,death,zayed,day,nahyan,modi,minister,relations,live entertainment,facebook,newsx,more,click,instagram,solidarity,videos,prime,ties,follow,update,president,uae,demise,media watch,twitter,social,mark,youtube,link,respect,chopra,devika,india,information,news,narendra,state,india tv
visit,imposing,channel,language,handles,tv,live entertainment,tn,newsx,facebook,centre,more,click,instagram,videos,follow,update,media watch,twitter,ravi,row,social,youtube,link,rn,governor,information,news
urge,govt,visit,kashmiri,channel,us,handles,tv,live entertainment,facebook,newsx,more,click,instagram,videos,pandit,follow,update,appeal,media watch,twitter,employees,social,youtube,link,information,news
sahgal,visit,channel,handles,tv,shyam,live entertainment,facebook,newsx,more,click,instagram,videos,follow,update,conversation,media watch,story,twitter,social,youtube,saran,link,information,news
visit,channel,steps,handles,ban,move,tv,government,narratives,live entertainment,facebook,newsx,governments,permission,more,click,instagram,countries,security,videos,debates,time,protectionism,needs,follow,update,request,criticism,media watch,bloc,twitter,prices,hypocrisy,wheat,spike,social,youtube,link,chopra,exports,devika,effect,information,news,part,india,basis,food
visit,channel,handles,tv,relaxation,procurement,live entertainment,facebook,newsx,cm,more,click,instagram,thank,punjab,pm,videos,follow,update,media watch,twitter,grains,mann,social,youtube,link,information,news
bailout,visit,ranil,channel,handles,tv,minister,initiative,live entertainment,newsx,amid,facebook,sri,stakeholders,more,click,instagram,videos,country,urea,prime,island nation,follow,update,aid,media watch,support,tons,twitter,assistance,social,youtube,link,lanka,chopra,devika,india,wickremesinghe,news,information,crisis
crore,survey,visit,channel,krishna,gesture,contributions,handles,tv,campaign,janmabhoomi,site,live entertainment,facebook,newsx,building,more,click,instagram,videos,country,time,follow,update,fund,resumes,fact,masjids,media watch,sites,twitter,significance,social,youtube,link,chopra,devika,information,news,ones,islamic,hindus
visit,channel,handles,tv,live entertainment,facebook,newsx,tripura,manik,takeover,cm,more,click,instagram,videos,follow,update,media watch,new,twitter,social,youtube,link,set,news,saha,information
visit,road,channel,handles,sanyal,tv,live entertainment,facebook,newsx,more,click,instagram,pm,videos,eac,follow,update,recovery,media watch,twitter,sanjeev,social,youtube,link,convocation,information,news
visit,channel,handles,upreti,tv,live entertainment,facebook,newsx,more,click,instagram,nurses,videos,follow,update,media watch,twitter,social,youtube,link,heroes,meenakshi,information,news,unsung
visit,channel,handles,upreti,tv,live entertainment,facebook,newsx,more,click,instagram,videos,cancer,follow,update,breast,breakthrough,media watch,twitter,social,youtube,link,meenakshi,information,news
visit,channel,handles,tv,next,live entertainment,facebook,newsx,tripura,cm,more,click,instagram,party,videos,follow,update,begins,decide,media watch,twitter,social,youtube,link,bjp,news,information,legislative,meet
visit,buddha,buddhist,channel,lumbini,handles,diplomacy,tv,modi,occasion,live entertainment,facebook,newsx,buddhism,nation news,dialogue,more,click,instagram,pm,videos,journey,knowledge,follow,update,birthplace,gautam,media watch,twitter,social,youtube,link,nepal,chopra,devika,india,information,part,purnima
jishnu,visit,channel,post,handles,tv,facebook,newsx,tripura,manik,cm,dev,post live,more,click,instagram,videos,frontrunners,mp,follow,out,update,media watch,twitter,social,rs,varma,youtube,dy,link,entertainment,saha,news,information
visit,channel,handles,move,tv,live entertainment,facebook,newsx,tripura,signifies,cm,dev,more,click,instagram,videos,issue,follow,update,media watch,twitter,social,youtube,link,sushmita,information,governance,news,resignation
gangsterism,punjabi,ethos,visit,music,channel,handles,bhagwant,culture,tv,revamp,liquor,fire,minister,live entertainment,facebook,newsx,cm,more,click,instagram,songs,punjab,videos,violence,time,debates,follow,warning,update,media watch,glorification,mann,twitter,singers,social,industry,youtube,drugs,link,chopra,devika,information,news,action
visit,cleanup,kashmir,kashmiri,valley,channel,handles,tv,order,government,bhat,live entertainment,facebook,newsx,community,more,days,click,instagram,way,videos,time,pandit,follow,update,appeal,media watch,twitter,rahul,employees,pandits,social,haven,youtube,link,evacuation,chopra,devika,information,news,terror
visit,channel,handles,deb,tv,live entertainment,facebook,newsx,tripura,resigns,cm,more,click,instagram,videos,follow,update,biplab,media watch,new,twitter,social,youtube,link,information,news,today
judges,visit,mechanism,channel,handles,tv,education,facebook,newsx,more,click,instagram,live,legal,videos,follow,update,media watch,resolution,twitter,social,youtube,link,entertainment,dispute,part,news,information
survey,masjid,visit,channel,handles,day,tv,live entertainment,arrangements,newsx,facebook,more,click,instagram,security,videos,mosque,committee,follow,update,varanasi,complex,media watch,twitter,row,social,youtube,videography,link,court,information,news
visit,channel,handles,updates,tv,fire building,delhi,live entertainment,facebook,newsx,more,click,instagram,videos,mundka,department,follow,update,owners,media watch,custody,twitter,certificate,social,youtube,link,objection,blaze,people,news,information
development,visit,kashmir,channel,handles,min,tv,minister,live entertainment,facebook,newsx,infrastructure,law,justice,more,click,instagram,union,videos,colonial,follow,update,jammu,ladakh,media watch,twitter,meeting,social,youtube,link,information,news,territories,kiren
visit,channel,handles,tv,delhi,fire,live entertainment,facebook,newsx,more,click,instagram,videos,follow,update,media watch,narela,casualties,twitter,social,youtube,link,information,news
meat,visit,buddha,channel,handles,ban,tv,karnataka,live entertainment,facebook,newsx,more,click,instagram,videos,view,follow,update,media watch,twitter,social,youtube,may,link,information,news,purnima
visit,channel,worst,handles,tv,facebook,newsx,hojai,more,click,instagram,live,videos,follow,update,media watch,inundated,villages,twitter,hit,social,youtube,link,floods,entertainment,information,news,assam
survey,visit,channel,handles,updates,day,tv,live entertainment,facebook,newsx,more,click,instagram,videos,follow,update,begins,media watch,twitter,ground,social,youtube,link,information,news
visit,channel,handles,tv,live entertainment,facebook,newsx,more,click,instagram,videos,follow,nod,update,media watch,twitter,social,recommendations,youtube,link,cong,information,news,cwc,today
visit,channel,handles,updates,tv,delhi,fire,live entertainment,facebook,newsx,more,click,instagram,videos,mundka,follow,update,media watch,twitter,social,youtube,link,operation,information,news,search
visit,crime,channel,handles,shooting,kills,tv,injured,shocker,facebook,newsx,hate,more,click,instagram,live,videos,follow,update,media watch,twitter,social,youtube,link,entertainment,mass,news,information,ny
manish,watch,visit,owner,channel,arrested,handles,updates,tv,fire building,delhi,live entertainment,facebook,newsx,more,click,instagram,videos,mundka,follow,update,media,lakra,twitter,social,youtube,link,information,news
survey,visit,channel,handles,updates,tv,sources,live entertainment,facebook,newsx,more,click,instagram,videos,work,follow,update,media watch,twitter,social,youtube,link,information,news
visit,induction,channel,handles,tv,facebook,live entertainment,newsx,tripura,manik,takeover,cm,more,click,instagram,videos,follow,update,media watch,new,twitter,cabinet,social,youtube,link,saha,news,information,likely
takes,visit,channel,handles,tv,live entertainment,facebook,newsx,tripura,manik,cm,more,click,instagram,videos,change,follow,update,guard,media watch,oath,twitter,social,youtube,link,saha,news,information
watch,meat,visit,buddha,ahead,channel,handles,ban,tv,facebook,newsx,more,slaughter,click,instagram,live,videos,follow,update,media,twitter,social,youtube,link,entertainment,information,news,sale,purnima
survey,visit,channel,handles,updates,day,tv,live entertainment,facebook,newsx,more,click,instagram,videos,follow,update,media watch,twitter,social,youtube,link,information,news
visit,channel,handles,tv,submit,underway,facebook,newsx,more,click,instagram,live,videos,committee,report,follow,update,convenors,media watch,twitter,social,youtube,link,entertainment,information,news,cwc,meet
visit,channel,handles,murder,tv,bhat,facebook,newsx,more,click,instagram,sinha,live,videos,follow,update,probe,manoj,media watch,twitter,rahul,case,social,youtube,link,entertainment,lg,news,information,sit
export,g7,visit,channel,handles,ban,move,live entertainment,facebook,newsx,more,click,instagram,videos,irks,follow,update,media watch,twitter,wheat,social,youtube,link,india,information,news,india tv
visit,channel,handles,richa,tv,candid,live entertainment,facebook,newsx,film,more,click,instagram,chadha,videos,follow,update,south,actor,media watch,podcast,twitter,social,industry,youtube,link,information,gets,news
visit,channel,handles,tv,association,facebook,newsx,more,click,instagram,jewellery,live,videos,rao,that,follow,update,actor,zoya,media watch,story,twitter,hydari,social,youtube,link,entertainment,information,news,aditi
visit,ahead,channel,handles,tv,modi,live entertainment,facebook,newsx,more,click,instagram,pm,videos,follow,update,media watch,twitter,forward,social,statement,youtube,link,nepal,information,news
survey,visit,channel,deployment,handles,day,tv,heavy,live entertainment,place,newsx,amid,facebook,more,click,instagram,videos,follow,update,media watch,twitter,social,youtube,link,information,news
visit,camp,kashmiri,channel,demand,sheikhpura,handles,tv,live entertainment,amid,newsx,facebook,more,click,instagram,security,videos,locked,follow,update,inside,killings,media watch,twitter,pandits,social,youtube,link,information,news
attackers,visit,channel,handles,tv,forces,live entertainment,facebook,newsx,more,cordon,click,instagram,nab,videos,follow,update,media watch,twitter,social,shot,youtube,link,information,news,area
visit,channel,handles,protest,tv,natives,facebook,newsx,stage,more,london,click,pakistan,instagram,live,videos,follow,update,against,media watch,twitter,atrocities,pok,social,youtube,link,entertainment,information,news
survey,visit,channel,handles,day,tv,live entertainment,facebook,newsx,more,click,instagram,videos,follow,update,media watch,twitter,social,youtube,link,information,news
survey,visit,channel,deployment,handles,tv,heavy,live entertainment,place,newsx,facebook,more tomorrow,instagram,click,security,videos,tomorrow,follow,update,media watch,twitter,social,youtube,link,information,news
visit,pak,peshawar,channel,sikh,handles,tv,live entertainment,facebook,newsx,more,click,instagram,videos,follow,update,dead,media watch,twitter,atrocities,social,minority,shot,youtube,link,information,news,rise
visit,channel,handles,tv,gandhi,live entertainment,facebook,newsx,congress,more,click,instagram,videos,report,follow,update,media watch,twitter,sonia,social,youtube,link,information,news,questions
visit,owner,channel,handles,briefs,tv,delhi,fire,live entertainment,facebook,newsx,more,click,instagram,videos,mundka,follow,update,media,media watch,twitter,company,social,youtube,link,information,news
visit,channel,prep,handles,tv,mental,facebook,amid,newsx,more,click,instagram,live,videos,exam,neet,follow,update,health,anxiety,media watch,suggestion,expert,twitter,social,youtube,link,entertainment,information,news
hindu,rishabh,visit,nizamuddin,channel,handles,tv,taj,tomb,mou,ajmer,live entertainment,facebook,newsx,islam,more,click,instagram,way,videos,country,time,dargah,humayun,follow,update,amidst,media watch,sites,twitter,saints,social,youtube,approach,sharif,link,muslim,information,news,controversy,islamic,gulati,memorandum
g7,rishabh,visit,channel,nations,handles,ban,tv,decision,punishing,live entertainment,facebook,newsx,more,west,click,instagram,security,stops,videos,country,time,follow,update,media watch,twitter,focus,objects,hypocrisy,wheat,heatwave,social,youtube,statement,link,exports,objection,india,information,news,food,gulati
history,visit,ever,channel,cup,handles,live entertainment,facebook,newsx,instagram,click,thomas more,videos,wins,follow,update,badminton,media watch,twitter,social,youtube,link,first,india,information,news,india tv
rishabh,visit,facts,channel,china,handles,modi,yatra,live entertainment,facebook,newsx,more,click,instagram,pm,xinjiang,videos,time,follow,update,bizzare,claims,media watch,twitter,caves,keepers,legacy,buddha day,social,youtube,chinese,link,claim,nepal,information,news,purnima,gulati,india tv
watch,expression media,visit,views,channel,handles,tv,politics,gandhi,rahul gandhi,address,newsx,live entertainment,facebook,does,more,click,instagram,videos,follow,update,twitter,rahul,social,youtube,link,cong,information,news,entail,expression
visit,reforms,channel,handles,tv,gandhi,live entertainment,address,newsx,facebook,up,more,click,instagram,videos,follow,update,media watch,force,twitter,sonia,task,social,youtube,link,cong,set,news,information,internal
rishabh,visit,incidents,pak,peshawar,channel,sikh,months,abuse,us,handles,rights,tv,canada,minorities,sikhs,facebook,newsx,more,click,instagram,pakistan,live,videos,attack,follow,update,daylight,peshwar,media watch,twitter,social,youtube,link,entertainment,india,information,news,humans,gulati,traders
military,rishabh,visit,cleanup,years,kashmir,kashmiri,pak,channel,handles,existence,tv,live entertainment,facebook,newsx,terrorists,justice,community,more,click,instagram,videos,time,attack,follow,update,sense,media watch,gas,twitter,frustration,pandits,social,youtube,link,information,news,gulati,terror
rishabh,york,visit,massacre,channel,subway,us,handles,shooting,rights,tv,violation,victims,human,live entertainment,facebook,newsx,murderer,more,click,instagram,hate,videos,time,follow,update,media watch,new,twitter,errors,social,youtube,link,india,mass,people,killing,investigation,news,information,gulati,questions
visit,channel,cup,proud,handles,whole,tv,modi,champions,live entertainment,facebook,newsx,speaks,click,thomas more,instagram,pm,videos,follow,update,media watch,twitter,social,youtube,link,india,information,news
visit,pak,channel,today,handles,rats,organisation,delegation,tv,delhi,member,facebook,newsx,more,click,instagram,pakistan,live,anti,shanghai,videos,sco,time,follow,update,regional,media watch,cooperation,twitter,meeting,structure,social,youtube,link,entertainment,india,information,part,news,terror,meet
survey,masjid,visit,channel,till,handles,day,tv,minutes,live entertainment,facebook,newsx,more,click,instagram,security,videos,percent,follow,update,resumes,complex,media watch,twitter,yesterday,social,youtube,videography,link,information,news,today
visit,channel,effort,cup,championship,handles,tv,champions,team,facebook,live entertainment,newsx,win,bags,instagram,click,thomas more,videos,time,heroic,title,follow,update,badminton,bangkok,media watch,thailand,twitter,social,youtube,link,sunday,news,information,men
visit,buddha,channel,lumbini,gautama,handles,tv,modi,minister,airport,occasion,live entertainment,facebook,newsx,more,click,instagram,pm,videos,kushinagar,follow,update,international,birthplace,media watch,twitter,social,youtube,link,nepal,information,narendra,purnima,prime news,today
survey,masjid,visit,channel,till,handles,updates,day,tv,underway,live entertainment,facebook,newsx,more,click,instagram,videos,percent,work,report,update,follow,varanasi,media watch,twitter,ground,yesterday,social,youtube,link,information,news,today
survey,hour,visit,channel,reports,handles,tv,team,live entertainment,facebook,newsx,more,click,instagram,videos,percent,work,follow,update,media watch,twitter,social,youtube,link,information,news
threat,letter,visit,kashmir,channel,handles,tv,territory,live entertainment,facebook,newsx,islam,community,more,click,instagram,union,videos,organization,notice,follow,update,jammu,killings,media watch,twitter,pandits,social,youtube,link,target,information,news,issues,rise,lashkar
hindu,survey,visit,sanatan,channel,reports,handles,updates,day,tv,underway,live entertainment,facebook,newsx,more,click,instagram,videos,symbols,follow,update,media watch,twitter,social,youtube,videography,link,information,news,side
civil,body,drive,visit,channel,aadmi,today,civic,handles,residence,tv,delhi,minister,aam,aap,live entertainment,place,newsx,facebook,cm,more,click,instagram,party,videos,arvind,chief,lines,follow,update,media watch,twitter,capital,meeting,kejriwal,supremo,social,youtube,link,information,news,bulldozer,meet
visit,channel,handles,modi,key,eyes,live entertainment,facebook,newsx,more,click,instagram,pm,videos,follow,update,india tv,media watch,twitter,social,youtube,link,nepal,india,information,news,ink
survey,masjid,saturday,visit,paperwork,channel,handles,tv,live entertainment,facebook,newsx,paper,more,days,click,instagram,videos,work,follow,update,morning,media watch,twitter,social,youtube,link,information,news,today
visit,buddha,channel,handles,tv,modi,live entertainment,facebook,newsx,more,click,instagram,pm,videos,time,historic,follow,update,reclaim,media watch,twitter,legacy,social,youtube,link,nepal,information,news
limits,visit,string,years,defeats,kashmir,channel,handles,day,tv,kanyakumari,term,yatra,live entertainment,facebook,newsx,congress,decisions,more,click,bharat,instagram,videos,dissent,follow,update,october,media watch,twitter,social,gathering,youtube,jodo,link,nationwide,sunday,news,information,udaipur
survey,visit,channel,handles,tv,live entertainment,facebook,newsx,more,days,click,instagram,videos,mosque,tomorrow,report,follow,update,media watch,twitter,social,youtube,link,tomo,information,news,today
visit,ever,channel,cup,handles,team,live entertainment,facebook,newsx,instagram,click,thomas more,videos,wins,follow,update,badminton,shines,media watch,thailand,twitter,social,youtube,link,first,india,information,news,india tv
visit,channel,handles,briefs,actions,tv,delhi,minister,live entertainment,facebook,newsx,cm,more,click,instagram,videos,mcd,arvind,follow,update,media,media watch,illegal,twitter,kejriwal,social,youtube,link,information,news,bulldozer,today
visit,channel,lumbini,handles,tv,modi,live entertainment,facebook,newsx,more,click,instagram,pm,videos,follow,update,media watch,twitter,bhoomi,social,youtube,link,nepal,information,news
topic,visit,kashmiri,channel,handles,scenario,tv,delhi,yatra,facebook,newsx,more,click,instagram,sinha,live,level,security,videos,amarnath,tomorrow,follow,update,manoj,media watch,twitter,meeting,pandits,social,youtube,link,tomo,entertainment,lg,news,information,meet
madras,visit,higher,university news,channel,handles,min,tv,education,cuet,minister,facebook,tn,newsx,ponmudi,more,click,instagram,live,admission,videos,neet,follow,update,marks,media watch,twitter,social,youtube,link,convocation,students,entertainment,information,today
visit,channel,lumbini,handles,tv,modi,diaspora,live entertainment,facebook,newsx,more,click,instagram,pm,videos,historic,follow,update,indian,media watch,twitter,social,youtube,link,nepal,information,news
visit,channel,handles,tv,live entertainment,facebook,newsx,more,click,instagram,sc,videos,listed,follow,appeal,update,media watch,twitter,social,youtube,link,tomo,information,news
survey,visit,channel,handles,updates,tv,order,live entertainment,facebook,newsx,more,click,instagram,videos,mosque,shivling,follow,update,copy,media watch,twitter,social,youtube,link,information,news
cement,visit,group,channel,handles,acquisition,tv,live entertainment,facebook,newsx,more,click,instagram,videos,follow,update,maker,media watch,twitter,social,youtube,link,information,gets,news,adani
demands,hindu,visit,channel,handles,tv,site,live entertainment,facebook,newsx,more,click,instagram,security,videos,follow,update,recovery,media watch,twitter,lawyer,social,youtube,link,information,news,side
survey,hrs,visit,channel,handles,updates,tv,live entertainment,facebook,newsx,more,click,instagram,videos,mosque,follow,update,done,media watch,twitter,social,youtube,videography,link,information,news
survey,masjid,subscribe,visit,channel,handles,tv,outcome,temple,facebook,newsx,more,click,instagram,live,videos,mosque,follow,update,varanasi,media watch,twitter,case,row,social,commissioners,youtube,kashi,link,vishwanath,entertainment,information,news
visit,talks,channel,handles,def,min,tv,holds,live entertainment,facebook,newsx,more,click,instagram,sinha,security,videos,follow,update,rajnath,manoj,media watch,twitter,social,youtube,link,lg,news,information,meet,internal
affairs,visit,channel,handles,min,foreign,facebook,rooted,newsx,deep,more,click,instagram,live,videos,ties,follow,update,media watch,twitter,social,youtube,link,nepal,entertainment,india,information,news,share,india tv
subscribe,visit,effort,channel,cup,handles,tv,team,srikanth,live entertainment,newsx,win,facebook,instagram,click,thomas more,videos,player,follow,shetty,update,badminton,was,chirag,kidambi,media watch,twitter,social,thomas bridge,youtube,link,information,news,sports
visit,talks,vineet,channel,lumbini,handles,tv,modi,mou,relations,live entertainment,facebook,newsx,more,click,instagram,pm,videos,follow,update,projects,media watch,twitter,social,malhotra,youtube,link,nepal,india,launch,narendra,news,information
murders,miscreants,visit,peshawar,vineet,channel,sikh,us,stand,handles,bhagwant,tv,minorities,sikhs,facebook,newsx,mps,terrorists,instagram,click,pakistan,live,videos,country,attack,follow,update,daylight,peshwar,media watch,protection,mann,twitter,unidentified,yesterday,social,islamic community,minority,malhotra,youtube,link,target,safety,entertainment,information,news,men,questions
watch,visit,birth,kashmir,channel,handles,tv,facebook,newsx,film,more,click,instagram,live,videos,follow,update,abdullah,media,farooq,twitter,social,youtube,link,gave,files,entertainment,news,information
visit,monday,kashmiri,channel,stand,handles,tv,politics,delhi,minister,live entertainment,facebook,newsx,cm,more,click,instagram,centre,videos,time,arvind,follow,update,killings,media watch,twitter,pandits,kejriwal,social,youtube,link,safety,information,news,today
warns,visit,problems,vineet,channel,us,handles,bid,world,tv,decision,finland,live entertainment,facebook,newsx,more,click,instagram,europe,countries,videos,time,follow,update,devastation,media watch,twitter,social,malhotra,youtube,link,wars,putin,nato,news,russia,information,sweden
survey,visit,monday,channel,places,handles,day,tv,order,government,minutes,team,live entertainment,facebook,newsx,more,click,instagram,videos,mosque,shivling,follow,update,varanasi,commissioner,media watch,twitter,uttar,social,youtube,videography,link,court,spots,information,news,pradesh
visit,channel,lumbini,handles,tv,modi,humanity,live entertainment,facebook,newsx,more,click,instagram,addresses,pm,videos,ties,follow,update,indo,media watch,twitter,benefit,social,youtube,event,will,link,nepal,information,news
hindu,survey,watch,history,visit,years,vineet,channel,civilization,handles,pilgrimage,tv,media city,center,live entertainment,facebook,newsx,land,more,click,instagram,way,videos,time,mosque,shivling,follow,update,varanasi,aurangzeb,twitter,legacy,social,kashi,malhotra,youtube,link,findings,information,news,questions,spot,hindus
orders,visit,channel,handles,tv,heads,live entertainment,facebook,newsx,more,click,instagram,videos,follow,update,allahabad,varanasi,media watch,twitter,social,court,youtube,link,muslim,information,news,side,hc
watch,telecast,visit,buddha,buddhist,vineet,channel,handles,parivar,buddhists,move,tv,modi,world,devi,monks,temple,live entertainment,facebook,newsx,states,more,click,instagram,countries,pm,videos,time,message,maya,follow,update,bodh,media,teaching,twitter,broadcast,peace news,teachings,social,malhotra,youtube,link,nepal,information,purnima,prayers
subscribe,visit,channel,handles,tv,modi,heads,janata party,bharatiya,live entertainment,facebook,newsx,nation news,more,countries,click,instagram,addresses,nation,videos,follow,update,jp,president,discussion,media watch,twitter,social,youtube,link,bjp,narendra,information
watch,visit,kashmir,kashmiri,vineet,channel,handles,fear,death,actions,tv,politics,delhi,bhat,live entertainment,facebook,newsx,former,police,cm,justice,more,click,life,instagram,union,hate,videos,time,pandit,arvind,follow,update,abdullah,media,farooq,twitter,rahul,pandits,kejriwal,social,malhotra,youtube,link,safety,files,information,news
visit,ministers,yadav,vineet,channel,youth,handles,residence,akhilesh,move,tv,modi,polls,elections,government,pitstop,live entertainment,facebook,newsx,up,cm,more,click,instagram,pm,roadmap,videos,way,follow,update,concern,lucknow,media watch,twitter,social,malhotra,youtube,link,engagements,interaction,bjp,news,information
visit,choupal,telangana,channel,handles,buddhists,tv,live entertainment,facebook,newsx,more,click,instagram,sagar,husain,videos,statue,follow,update,media watch,lake,twitter,social,youtube,link,stands,information,news
visit,buddha,channel,handles,tv,modi,yatra,live entertainment,facebook,newsx,oneness,more,click,instagram,videos,message,kushinagar,follow,update,media watch,twitter,social,youtube,link,information,news,today,monk
visit,talks,channel,handles,buddhists,culture,tv,delhi,live entertainment,facebook,newsx,buddhism,more,click,instagram,videos,emerging,follow,update,media watch,twitter,social,youtube,link,information,news
court order,survey,masjid,visit,personal,channel,handles,tv,order,facebook,injustice,newsx,law,more,click,instagram,live,board,videos,follow,update,varanasi,media watch,twitter,social,youtube,statement,link,court,muslim,entertainment,india,information,news
visit,channel,handles,sopore,tv,live entertainment,facebook,newsx,terrorists,more,click,instagram,videos,let,follow,update,possession,media watch,twitter,social,youtube,link,ammunition,information,news,arms
survey,masjid,visit,channel,handles,plea,tv,live entertainment,facebook,newsx,supreme,more,gauri,click,instagram,sc,videos,mosque,follow,update,varanasi,complex,media watch,twitter,management,uttar,row,social,youtube,court,link,information,news,pradesh,today
visit,channel,handles,tv,live entertainment,facebook,newsx,more,click,instagram,videos,follow,update,media watch,havoc,twitter,social,youtube,link,floods,people,news,information,assam,districts
stopover,visit,ministers,channel,lumbini,handles,tv,modi,government,minister,live entertainment,facebook,newsx,more,click,instagram,pm,videos,strategy,prime,follow,update,conversation,lucknow,media watch,yogi adityanath,twitter,wheeling,uttar,social,youtube,link,nepal,information,news,narendra,pradesh,meet
visit,channel,handles,tv,modi,telecom,minister,live entertainment,facebook,newsx,programme,more,click,instagram,pm,videos,jubilee,prime,celebrations,follow,update,stamp,media watch,regulatory,twitter,social,youtube,link,authority,india,information,news,narendra,trai,today,silver
watch,orders,visit,lord,channel,hanuman,handles,tv,neemuch,section,live entertainment,facebook,newsx,more,click,instagram,parties,videos,dargah,mp,mosque,idol,sp,follow,update,clash,media,groups,twitter,kachari,social,youtube,link,dispute,people,news,information,area
survey,visit,channel,handles,plea,tv,live entertainment,facebook,newsx,more,click,instagram,sc,videos,mosque,report,follow,update,media watch,twitter,social,youtube,link,gears,information,news,today
bureau,leader,visit,raids,searches,channel,handles,residence,locations,office,tv,chidambaram,remittances,facebook,newsx,congress,more,click,instagram,live,videos,follow,update,connection,media watch,twitter,case,social,central,youtube,link,entertainment,information,news,investigation
bureau,leader,visit,searches,channel,handles,updates,residence,locations,office,tv,chidambaram,remittances,facebook,newsx,congress,more,click,instagram,live,videos,follow,update,connection,media watch,twitter,ground,case,social,central,youtube,link,radar,entertainment,information,news,investigation
visit,gen,channel,handles,tv,modi,telecom,minister,tech,live entertainment,facebook,newsx,programme,more,click,instagram,way,videos,jubilee,prime,celebrations,follow,update,media watch,regulatory,twitter,social,youtube,link,authority,india,information,news,narendra,trai,today,silver
visit,channel,handles,modi,minister,live entertainment,facebook,newsx,more,click,instagram,pm,videos,jubilee,prime,celebrations,follow,update,india tv,media watch,villages,silver jubilee,twitter,social,youtube,link,india,information,news,narendra,trai,silver
hindu,visit,channel,handles,tv,sources,live entertainment,facebook,newsx,opening,more,click,instagram,sc,videos,mosque,follow,room,update,claims,media watch,twitter,roads,row,social,youtube,link,information,news,side
visit,road,muslims,channel,handles,tv,sources,live entertainment,facebook,newsx,more,click,instagram,videos,follow,update,side,media watch,twitter,row,social,youtube,court,link,muslim,information,news,today
home,visit,years,channel,handles,tv,preparations,hm,amit,yatra,minister,live entertainment,facebook,newsx,more,tuesday,click,instagram,level,security,union,videos,amarnath,follow,update,preparedness,media watch,twitter,meeting,social,shah,gap,youtube,link,information,news,june,meet
visit,raids,channel,handles,residence,tv,chidambaram,live entertainment,facebook,newsx,more,click,instagram,videos,follow,update,media watch,twitter,social,youtube,link,reach,cong,information,news
hindu,masjid,visit,swami,channel,mahasabha,handles,maharaj,tv,live entertainment,facebook,newsx,more,click,instagram,videos,jama,update,follow,claims,media watch,twitter,capital,idols,row,social,youtube,link,information,news
leader,visit,raids,sabha,searches,channel,handles,karti,tv,chidambaram,team,facebook,newsx,congress,more,tuesday,click,instagram,live,videos,son,mp,follow,update,nothing,connection,media watch,twitter,case,social,youtube,link,entertainment,information,news,search,premises
hindu,sena,visit,dismissal,channel,handles,plea,tv,petition,seeks,live entertainment,facebook,newsx,supreme,more,click,instagram,videos,follow,update,media watch,twitter,social,youtube,court,link,matter,files,information,news,side
survey,visit,channel,handles,tv,hearing,submission,live entertainment,place,newsx,facebook,more,days,click,instagram,pm,videos,report,follow,update,varanasi,media watch,twitter,social,youtube,court,link,information,news,commission
visit,status,channel,places,handles,tv,live entertainment,facebook,newsx,more,click,instagram,videos,mallikarjun,kharge,update,follow,media watch,twitter,row,social,youtube,link,information,news
reject,visit,pak,channel,handles,tv,facebook,newsx,mea,more,click,instagram,pakistan,live,videos,slams,assembly,follow,update,exercise,media watch,resolution,twitter,delimitation,social,youtube,statement,link,entertainment,information,news
bhagat,visit,singh,channel,youth,handles,bhagwant,tv,someone,lesson,live entertainment,facebook,newsx,more,click,instagram,videos,slams,follow,update,inspiration,media watch,twitter,bhagat singh,mann,row,social,youtube,link,bjp,news,information
hindu,visit,petitioners,channel,handles,tv,facebook,newsx,nandi,more,click,instagram,live,videos,follow,update,media watch,twitter,wall,case,social,youtube,court,link,entertainment,verdict,information,news,front,today
export,visit,channel,clearance,custom,handles,ban,tv,live entertainment,facebook,newsx,more,click,instagram,videos,follow,update,media watch,twitter,wheat,social,youtube,link,india,information,news
visit,kashmir,kashmiri,channel,handles,tv,live entertainment,facebook,newsx,more,click,instagram,security,videos,follow,update,budgam,media watch,twitter,pandits,social,youtube,link,safety,information,news,today
visit,gen,kashmir,channel,handles,ban,tv,loudspeaker,live entertainment,facebook,newsx,more,click,instagram,videos,follow,update,jammu,media watch,resolution,house,twitter,row,social,youtube,link,information,news
visit,petitioners,channel,handles,tv,petition,removal,facebook,newsx,more,click,instagram,live,videos,follow,update,media watch,twitter,case,wall,social,youtube,link,entertainment,information,news
visit,france,channel,handles,min,thakur,delegation,tv,live entertainment,facebook,newsx,more,click,instagram,union,videos,follow,update,anurag,media watch,twitter,social,youtube,link,information,news,cannes
visit,channel,racket,handles,tv,crackdown,facebook,newsx,police,more,click,instagram,live,videos,fixing,arrests,follow,update,bengal,ipl,media watch,twitter,case,social,youtube,link,entertainment,information,news
masjid,visit,channel,handles,updates,tv,facebook,newsx,more,click,instagram,live,videos,follow,update,media watch,twitter,case,petitions,social,court,youtube,link,entertainment,information,news
masjid,visit,channel,handles,updates,tv,facebook,newsx,more,click,instagram,live,pm,videos,follow,update,media watch,twitter,case,social,court,youtube,link,entertainment,verdict,information,news,today
assurance,rising,visit,pak,vineet,channel,implications,china,handles,tv,fm,imminent,weeks,bhutto,live entertainment,facebook,newsx,more,click,instagram,teachers,security,videos,bilawal,debates,follow,update,women,blast,media watch,twitter,breach,social,breakup,malhotra,youtube,link,wang yi,nationals,dumps,news,university karachi,information
visit,channel,handles,tv,live entertainment,facebook,newsx,invests,more,click,instagram,investment,videos,follow,update,abu,cr,media watch,firms,twitter,ihc,social,rs,youtube,link,multiple,information,news,adani
engineer,visit,vineet,channel,wingers,handles,bias,tv,live entertainment,facebook,newsx,more,click,platform,instagram,videos,shutdown,time,speech,follow,update,video,micro,media watch,wing,twitter,company,social,malhotra,siru,youtube,link,information,news
visit,channel,handles,day,tv,submission,live entertainment,facebook,newsx,granted,more,click,instagram,videos,extension,report,follow,update,varanasi,media watch,twitter,social,court,youtube,link,verdict,information,news
visit,channel,handles,tv,hearing,live entertainment,facebook,newsx,more,click,instagram,sc,videos,shivling,follow,update,begins,media watch,twitter,revelation,social,youtube,link,muslim,information,news,side
leader,history,visit,vineet,channel,rift,handles,ideology,tv,fight,reactions,gandhi,remark,ally,live entertainment,facebook,newsx,congress,more,click,instagram,parties,party,videos,time,ties,follow,update,comment,allies,media watch,twitter,rahul,row,breach,social,malhotra,youtube,link,bjp,news,information,udaipur
bed,algorithms,visit,future,ecosystem,vineet,channel,handles,tv,test,modi,telecom,technology,technologies,collaborative,tech,facebook,newsx,more,click,instagram,live,pm,videos,time,institute,follow,update,multi,media watch,twitter,startups,social,industry,malhotra,youtube,link,generation,entertainment,india,information,news,project,solutions,testbed,products
survey,water,visit,district,mechanism,vineet,channel,handles,tv,order,object,member,team,live entertainment,facebook,newsx,more,click,instagram,drama,videos,committee,shivling,fountain,follow,update,varanasi,media watch,twitter,management,structure,social,voltage,malhotra,youtube,link,claim,court,findings,information,news,part,dive,area
hindu,visit,concord,channel,handles,tv,grand,mou,live entertainment,facebook,newsx,more,click,instagram,videos,time,follow,update,media watch,twitter,social,youtube,link,muslim,information,news
visit,channel,cup,handles,triumph,champions,live entertainment,facebook,newsx,more,click,instagram,videos,follow,update,badminton,media watch,twitter,social,youtube,link,information,news,india tv
visit,channel,handles,tv,live entertainment,facebook,newsx,film,more,click,instagram,festival,videos,follow,update,media watch,twitter,social,youtube,link,india,launch,news,set,information,pavilion,cannes
visit,civilian,kashmir,channel,reports,handles,baramulla,tv,shop,grenades,live entertainment,facebook,newsx,terrorists,more,click,instagram,wine,videos,attack,follow,update,jammu,media watch,twitter,social,youtube,link,information,news,terror
water,visit,channel,handles,manohar,tv,delhi,minister,aap,live entertainment,facebook,newsx,cm,more,tuesday,spar,click,instagram,videos,follow,update,supply,vs,jain,media watch,lal,twitter,social,youtube,link,wars,khattar,haryana,information,news
visit,social right,channel,handles,tv,protests,governer,gehlot,karnataka,facebook,newsx,community,more,click,instagram,live,taka,anti,videos,religion,follow,update,freedom,media watch,protection,opposition,bill,twitter,conversion,assent,christian,ordinance,youtube,link,entertainment,information,news
watch,subscribe,visit,vaccine,channel,jab,months,handles,tv,doses,reduces,covid,government,live entertainment,facebook,newsx,covid19,travellers,centre,days,more,click,instagram,vaccination,vaccinations,videos,time,follow,update,media,persons,twitter,social,gap,youtube,dose,link,information,news
bureau,home,visit,channel,handles,karti,tv,latter,nabs,chidambaram,minister,facebook,newsx,more,click,instagram,live,corruption,videos,son,bhaskar,raman,follow,update,connection,media watch,visa,twitter,case,social,central,youtube,link,entertainment,information,news,investigation
drive,govt,subscribe,visit,channel,handles,tv,delhi,government,live entertainment,facebook,newsx,more,click,instagram,videos,report,follow,update,media watch,twitter,social,april,youtube,link,information,news,bulldozer
infiltrator,visit,channel,interrogation,handles,bid,tv,infiltration,forces,facebook,newsx,more,click,border news,pakistan,instagram,live,bikaner,videos,follow,update,international,media watch,custody,twitter,foils,social,youtube,link,bsf,entertainment,information,border
christianity,man,visit,family,channel,ramanathapuram,handles,office,tamilnadu,fire,devdas,facebook,woman,newsx,tamil,village,nadu,more,click,instagram,live,videos,follow,update,women,collector,claims,media watch,twitter,conversion,row,social,youtube,link,entertainment,information,news
visit,number,channel,handles,updates,tv,situation,live entertainment,amid,newsx,facebook,flood watch,flood,more,click,instagram,videos,follow,update,media,havoc,twitter,social,youtube,link,floods,people,news,information,assam
subscribe,visit,revelations,plane crash,jet,channel,china,cockpit,handles,tv,someone,live entertainment,facebook,newsx,box,more,click,instagram,data,videos,eastern march,flight,follow,update,media watch,twitter,social,youtube,link,crash,airlines,news,information
subscribe,visit,years,plastic,channel,handles,tv,raj,live entertainment,facebook,newsx,dies,more,click,instagram,videos,rajajinagar,follow,update,surgery,kannada,actor,media watch,twitter,social,youtube,link,information,news,complications,bengaluru,hospital
subscribe,pulwama,visit,france,financing,channel,fata,handles,tv,sanctions,facebook,newsx,more,click,instagram,pakistan,live,announcement,videos,azhar,masood,attack,follow,update,media watch,twitter,watchdog,task,social,youtube,link,entertainment,information,news,action,terror,force
letter,visit,channel,patel,sonia gandhi,handles,setback,tv,polls,decision,gandhi,courage,guj,facebook,newsx,congress,resigns,post live,more,click,instagram,party,videos,follow,update,president,media watch,twitter,sonia,social,youtube,link,cong,entertainment,information,news,hardik,resignation
rajiv,orders,subscribe,visit,channel,handles,bomb,tv,volt,gandhi,minister,facebook,newsx,supreme,more,click,life,instagram,live,sc,wednesday,assassination,videos,perarivalan,batteries,follow,update,media watch,twitter,case,social,court,youtube,link,entertainment,information,news,release,convicts,assasin
watch,subscribe,visit,rais,kashmir,ahmad,channel,bhavan,handles,operative,day,raees,office,tv,ats,headquarters,outfit,media city,hedgewar,facebook,newsx,more,click,instagram,pakistan,live,videos,follow,update,rss,jem,handler,pok,twitter,case,mohammad,social,shaikh,youtube,link,entertainment,information,news,occupied,terror,umar
honor,visit,honour,channel,handles,day,thakur,delegation,du,cinema,minister,live entertainment,facebook,newsx,opening,more,click,instagram,videos,country,follow,update,anurag,media watch,soiree,twitter,marche,social,youtube,link,india,information,news,carpet,cannes,india tv
visit,channel,handles,bail,murder,tv,sheena,daughter,mukerjea,facebook,newsx,supreme,more,click,instagram,live,sc,indrani,videos,wednesday,follow,update,bora,grants,media watch,twitter,case,social,youtube,court,link,entertainment,information,news
visit,family,channel,handles,death,tv,negligence,raj,live entertainment,facebook,newsx,more,click,instagram,videos,kanada,chetana,follow,update,actor,media watch,twitter,social,youtube,link,information,news,hospital
rajiv,visit,relief,channel,handles,tv,order,gandhi,live entertainment,facebook,newsx,more,click,instagram,sc,videos,perarivalan,follow,update,media watch,twitter,social,youtube,link,information,news,release,assasin
rajiv,post media,visit,channel,handles,briefs,tv,gandhi,facebook,newsx,cm,post live,more,click,instagram,thank,videos,follow,update,stalin,media watch,twitter,social,youtube,link,entertainment,information,news,release,assasin
rajiv,history,visit,channel,handles,tv,gandhi,live entertainment,tn,newsx,facebook,cm,more,click,instagram,videos,follow,update,media watch,twitter,social,statement,youtube,link,verdict,information,news,release,assasin
visit,channel,handles,setback,tv,live entertainment,facebook,newsx,more,click,narayanan,instagram,videos,perarivalan,follow,update,media watch,twitter,social,youtube,link,verdict,bjp,news,information,release
bulldozers,visit,channel,arrested,handles,tv,aap,live entertainment,mla,newsx,facebook,more,click,instagram,kuldeep,videos,mcd,follow,update,media watch,twitter,social,youtube,link,information,news,kumar
visit,channel,handles,baramulla,tv,footage,cctv,grenade,live entertainment,facebook,newsx,terrorists,shows,more,click,instagram,videos,attack,follow,update,lobbying,media watch,twitter,social,youtube,link,information,news,terror
visit,channel,handles,protest,tv,key stage,live entertainment,facebook,newsx,cm,more,click,instagram,punjab,videos,follow,update,kisan,unions,media watch,twitter,mann,farmers,social,youtube,link,information,news,meet
visit,channel,handles,plea,tv,live entertainment,facebook,newsx,more,days,click,instagram,videos,follow,update,varanasi,file,response,media watch,twitter,row,social,court,youtube,link,muslim,files,information,news,side
visit,yadav,channel,handles,duped,akhilesh,tv,live entertainment,facebook,newsx,more,click,instagram,videos,tour,slams,follow,update,media watch,twitter,azamgarh,social,youtube,link,people,bjp,news,information
hindu,visit,channel,handles,plea,tv,meantime,submission,communities,facebook,exemption,newsx,more,adv,click,instagram,live,way,videos,report,follow,update,video,megha,sharma,commissioner,media watch,twitter,well,ground,case,row,social,youtube,court,link,amendment,muslim,matter,entertainment,information,news,parliament,side
survey,visit,channel,exclusive,handles,tv,submit,facebook,newsx,more,adv,click,instagram,live,videos,report,follow,update,commissioner,media watch,twitter,social,youtube,link,entertainment,information,news,details,today
drive,visit,facts,channel,need,handles,tv,aap,live entertainment,facebook,newsx,more,click,instagram,videos,demolition,mcd,slams,follow,update,over,media watch,twitter,social,youtube,link,bjp,news,information
watch,visit,channel,handles,tv,taj,releases,live entertainment,facebook,newsx,mahal,more,click,instagram,videos,locked,pictures,follow,update,media,twitter,asi,social,calls,youtube,link,information,rooms,news
visit,channel,handles,tv,polls,head,reservation,live entertainment,facebook,newsx,win,more,click,instagram,sc,videos,mp,follow,nod,update,media watch,twitter,social,youtube,link,bjp,news,information
visit,channel,handles,collapse,morbi,tv,live entertainment,facebook,newsx,more,click,instagram,videos,factory,follow,update,media watch,twitter,wall,workers,gujarat,social,youtube,link,sal,information,news
hindu,masjid,visit,channel,handles,tv,taj,mou,live entertainment,facebook,newsx,push,mahal,more,click,instagram,way,videos,time,debate,mosque,variety,follow,update,jama,megha,sharma,media watch,twitter,row,social,youtube,approach,link,agenda,muslim,monuments,people,news,information
visit,channel,handles,tv,cinema,live entertainment,facebook,newsx,film,more,delegations,click,instagram,festival,videos,bollywood,cannes festival,follow,update,video,indian,media watch,twitter,social,youtube,link,celebs,information,news,carpet,cannes
visit,racism,channel,us,handles,tv,releases,live entertainment,facebook,newsx,more,click,instagram,videos,report,follow,update,right,media watch,twitter,deeply,social,youtube,link,org,information,news,humans
approval,visit,question,chand,social right,channel,handles,tv,fight,politics,government,karnataka,gehlot,appeasement,facebook,newsx,more,click,instagram,laws,live,playing,anti,videos,time,majority,follow,update,religion,megha,conversions,freedom,sharma,media watch,procedure,protection,opposition,bill,twitter,gallery,conversion,ordinance,youtube,link,entertainment,governor,bjp,news,information,rush
civil,hindu,watch,masjid,visit,singh,channel,gesture,handles,plea,tv,hearing,petition,live entertainment,facebook,newsx,more,tuesday,click,instagram,idgah,senior,videos,time,social point,agreement,pratap,division,follow,update,mathura,shahi,megha,media,mahendra,sharma,ruling,resolution,twitter,july,youtube,matter,link,muslim,spots,dispute,news,information,judge
visit,channel,handles,reasons,tv,delhi,live entertainment,facebook,newsx,resigns,more,click,instagram,videos,follow,update,media watch,twitter,social,anil,youtube,link,governor,information,news,resignation
visit,channel,handles,partha chatterjee,proof,office,find,tv,live entertainment,facebook,newsx,more,click,instagram,partha,videos,follow,update,media watch,twitter,social,youtube,graft,link,chatterjee,information,news
rajiv,visit,question,killer,channel,handles,walks,tv,gandhi,minister,facebook,newsx,supreme,congress,more,click,instagram,live,mercy,assassination,videos,perarivalan,assassing,follow,update,president,megha,sharma,media watch,twitter,social,youtube,court,link,precedent,entertainment,information,release,questions,prime news,today,conspirators
girls,markets,visit,iraqi,barbarians,channel,handles,tv,humanity,battle,isis,yazidi,live entertainment,facebook,newsx,crimes,more,click,politician,instagram,members,videos,time,slaves,report,follow,update,women,video,slave,megha,terrorism,sharma,media watch,twitter,atrocities,social,youtube,link,information,news
sahgal,visit,channel,post,handles,tv,live entertainment,facebook,newsx,congress,more,click,instagram,videos,follow,update,media watch,twitter,social,youtube,link,information,news
visit,channel,handles,tv,facebook,newsx,appointed,more,click,instagram,judicial,live,members,videos,follow,update,media watch,twitter,social,youtube,congratulations,link,entertainment,information,part,news,tarun
