analysis,twitter,trends,america,pakistan,social,politics,afghanistan,shines,india,media,instagram,finance,stories,depth,today,breaking news,topics,lanka,jadeja,innings,channel,information,platform,lifestyle,wellness,headlines,entertainment,english,follow,leader,facebook,tech,globe,runs,news,sports,thrash,google,youtube,source,sri,news9
victory,day,twitter,trends,vs,america,pakistan,test,social,politics,afghanistan,india,play,media,instagram,finance,stories,today,end,breaking news,topics,ravindra,lanka,jadeja,career,firm,channel,information,platform,lifestyle,wellness,headlines,entertainment,masterclass,english,follow,leader,wickets,facebook,tech,globe,control,review,runs,news,sports,google,youtube,source,hosts,sri,news9
year,twitter,shane,trends,america,test,pakistan,odi,social,politics,afghanistan,australia,tribute,india,media,instagram,finance,world,stories,today,cup,breaking news,topics,career,winner,tweakers,spin,channel,information,platform,showman,wellness,lifestyle,headlines,entertainment,friday,ball,english,follow,leader,wickets,warne,facebook,tech,globe,news,sports,maestro,google,youtube,source,news9
predictions,week,twitter,conte,points,america,trends,pakistan,vs,premier,politics,afghanistan,match,india,stories,instagram,share,united,derby,finance,weekend,spurs,whereas,today,ham,league,breaking news,chelsea,topics,antonio,arsenal,channel,information,platform,lifestyle,wellness,social tech,headlines,entertainment,keywords,english,follow,leader,london english,west,facebook,liverpool,globe,manchester,burnley,news,sports,point,google,watford,youtube,source,everton,media city,news9
win,twitter,trends,vs,social,odi,series,start,politics,match,sharma,india,media,krishna,lead,instagram,ind,finance,stories,today,topics,career,wednesday,captaincy,channel,information,platform,lifestyle,wellness,rohit,entertainment,ball,english,follow,leader,west,facebook,tech,globe,review,runs,news,sports,indies,youtube,karnataka,source,news9
day,twitter,trends,test,vs,america,pakistan,social,politics,afghanistan,match,india,media,instagram,finance,stories,ind,today,kohli,pant,breaking news,sl,topics,channel,information,platform,lifestyle,wellness,headlines,entertainment,english,follow,leader,facebook,tech,globe,steals,news,sports,google,youtube,source,news9
twitter,trends,vs,test,america,pakistan,series,politics,afghanistan,social,match,india,preview,media,instagram,finance,stories,today,kohli,everyone,breaking news,topics,channel,information,platform,lifestyle,wellness,headlines,entertainment,virat,english,follow,leader,facebook,landmark,globe,tech,news,mohali,sports,king,google,youtube,source,will,sri,news9
day,twitter,trends,america,pakistan,social,politics,afghanistan,women,director,india,media,instagram,finance,stories,today,sarup,puja,breaking news,topics,channel,information,platform,lifestyle,wellness,headlines,entertainment,english,follow,leader,interview,facebook,tech,globe,news,actor,sports,google,youtube,source,news9
day,twitter,trends,america,ayesha singh,pakistan,journey,artists,politics,afghanistan,women,international,india,stories,media,instagram,finance,talks,today,generation,breaking news,topics,channel,information,platform,lifestyle,wellness,artist,social tech,headlines,entertainment,platforms,english,follow,leader,interview,facebook,singh,globe,art,news,sports,google,occasion,youtube,source,ayesha,interests,news9
day,twitter,trends,america,pakistan,social,politics,afghanistan,women,india,media,instagram,finance,stories,today,breaking news,topics,dancer,kashi,prateeksha,channel,information,platform,lifestyle,wellness,headlines,entertainment,english,follow,leader,interview,facebook,tech,globe,news,sports,google,youtube,source,news9
day,twitter,backbone,trends,america,journey,pakistan,social,politics,afghanistan,women,restaurants,india,media,instagram,finance,stories,tastes,restaurateur,contractor,today,forms,years,breaking news,topics,nath,cuisines,channel,information,platform,food,wellness,lifestyle,headlines,entertainment,span,dori,english,follow,leader,bhawan,interview,facebook,cafe,tech,globe,rustom,news,sports,google,flavours,youtube,customers,source,parsi,empire,news9
year,ramkumar,twitter,trends,vs,social,politics,india,media,instagram,finance,group,stories,commonwealth,new,medals,today,cup,davis,singles,tie,denmark,ramkumar ramanathan,topics,country,ramanathan,dream world,information,platform,lifestyle,priority,wellness,entertainment,asian,follow,leader,delhi,facebook,tech,globe,tennis,news,sports,games,youtube,source,player,news today,news9
twitter,athlete,america,trends,pakistan,social,politics,afghanistan,director,india,media,general,instagram,russia,finance,athletes,stories,today,global,olympics,breaking news,topics,body world,something,channel,information,platform,lifestyle,wellness,ukraine,headlines,entertainment,english,follow,leader,sanctions,facebook,tech,committee,globe,news,everybody,sports,google,koehler,youtube,source,rob,olympic movement,news9
effect,twitter,nationality,trends,america,pakistan,social,politics,afghanistan,putin,director,india,media,instagram,finance,russia,stories,michael,today,rights,breaking news,topics,channel,information,platform,lifestyle,wellness,headlines,entertainment,marketing,president,english,follow,sport today,sanctions,leader,payne,facebook,tech,globe,news,google,sports call,youtube,broadcast,source,vladimir,russians,news9
twitter,trends,journey,america,pakistan,test,virat kohli,politics,afghanistan,social,india,media,instagram,finance,milestone,stories,spunky,today,years,promise,kohli,things,breaking news,topics,video,career,channel,information,platform,lifestyle,wellness,headlines,entertainment,virat,english,follow,leader,facebook,landmark,globe,tech,landmarks,news,sports,maestro,google,batting,youtube,source,chubby,news9
day,twitter,trends,america,international,pakistan,social,politics,afghanistan,producer,women,india,media,instagram,finance,stories,music,today,playing,breaking news,topics,kayan,channel,information,style,lifestyle,wellness,platform,headlines,entertainment,english,follow,leader,interview,facebook,singer,tech,globe,news,actor,sports,google,occasion,youtube,source,news9
day,twitter,wonder,trends,america,international,pakistan,social,politics,afghanistan,women,india,media,instagram,finance,stories,today,writer,jasraj,breaking news,topics,words,channel,information,platform,lifestyle,wellness,sentences,headlines,entertainment,anushka,english,follow,fiction,leader,interview,facebook,tech,globe,news,sports,google,youtube,source,news9
path,day,twitter,trends,america,journey,pakistan,international,social,politics,afghanistan,women,vocalist,india,media,instagram,finance,stories,raghunath,today,aishwarya,breaking news,topics,channel,information,platform,lifestyle,wellness,headlines,entertainment,vidhya,english,follow,leader,carnatic,interview,facebook,tech,globe,news,sports,muses,google,youtube,source,news9
day,twitter,trends,america,international,pakistan,social,politics,afghanistan,women,youtube music,india,media,instagram,finance,stories,talks,ramadoss,capacities,today,breaking news,topics,channel,information,platform,lifestyle,wellness,headlines,entertainment,english,follow,acts,leader,ranjani,interview,facebook,tech,globe,news,sports,google,youtube,source,news9
day,twitter,conversation,practitioner,trends,america,pakistan,reasons,social,politics,afghanistan,producer,women,india,media,instagram,finance,stories,theatre,today,writer,phukan,breaking news,topics,channel,information,vikram,lifestyle,wellness,respectability,platform,headlines,entertainment,english,follow,leader,interview,facebook,tech,globe,news,ramprakash,sports,google,youtube,source,news9
day,twitter,trends,america,journey,pakistan,international,social,politics,afghanistan,women,vocalist,india,media,instagram,finance,hindustani,stories,today,priya,breaking news,topics,channel,information,platform,lifestyle,wellness,headlines,entertainment,english,follow,leader,interview,facebook,tech,globe,news,sports,google,youtube,source,news9
day,twitter,trends,america,international,pakistan,social,politics,afghanistan,women,india,media,instagram,finance,entrepreneur,stories,today,breaking news,topics,building,channel,information,platform,lifestyle,wellness,headlines,entertainment,english,follow,leader,interview,pandey,facebook,tech,globe,news,sports,google,youtube,company,materials,source,news9
day,twitter,mumbai,mehta,trends,america,international,pakistan,shreya,series,politics,afghanistan,women,name,social,dalal,india,media,instagram,finance,stories,diaries,today,challenges,years,journalist,breaking news,topics,career,scam,jyothi,channel,role,information,lifestyle,wellness,platform,headlines,story,entertainment,english,follow,leader,jha,interview,facebook,tech,globe,news,actor,sports,google,harshad,projects,industry,occasion,youtube,fit,film,source,household,news9
karupatti,scene,day,twitter,trends,america,pakistan,politics,afghanistan,women,loners,india,media,instagram,finance,stories,children,today,time,amazon,shot,anthology,everyone,breaking news,topics,glory,segment,channel,information,platform,lifestyle,wellness,social tech,headlines,kaalai,entertainment,english,follow,leader,ability,interview,facebook,voice,globe,research,news,filmmaker,sports,point,google,shameem,garbage,pee,youtube,film,loud,source,house,relationships,prime,news9
master,day,twitter,trends,america,international,pakistan,social,politics,afghanistan,women,decades,india,media,instagram,choreographer,finance,stories,today,breaking news,topics,peak,agarwal,aditi,channel,information,platform,screen,wellness,actors,lifestyle,headlines,entertainment,kahal,subha,brinda,english,follow,transition,award,leader,abilities,mark,interview,herself,gopal,facebook,hey,globe,tech,rao,news,salmaan,dance,sports,strengths,google,dulquer,industry,occasion,youtube,film,national,changes,hydari,source,waves,raghuram,news9
passion,day,smriti,conversation,twitter,love,trends,america,international,pakistan,television director,social,politics,afghanistan,producer,women,india,author,instagram,finance,stories,breeze,process media,today,writer,ecosystem,journalist,breaking news,topics,ramakrishnan,channel,information,platform,lifestyle,wellness,headlines,entertainment,english,follow,leader,introduction,cinema,interview,gaps,facebook,tech,kiran,globe,mami,news,training,formats,sports,google,nothing,occasion,builder,youtube,feminism,source,artistic,swetha,interviewer,community,movies,news9
wasseypur,day,twitter,trends,america,shweta,pakistan,men,journey,politics,afghanistan,women,veere,india,media,instagram,finance,stories,editor,aspects,bindu,male,today,mere,challenges,gangs,platform,breaking news,topics,newton,career,international,jyothi,channel,work,technicians,haseen,wellness,information,rocket,headlines,entertainment,lifestyle,social tech,venkat,malegaon,life,english,follow,leader,dilruba,jha,interview,facebook,hichki,globe,films,news,sports,space,supermen,google,rashmi,projects,industry,di,balance,film,youtube,wedding,occasion,source,news9
excerpts,year,comments,day,twitter,conversation,trends,america,men,pakistan,saloni,journey,politics,afghanistan,women,name,india,future sports,kangana,stories,runout,media,instagram,finance,plans,sense,today,diaries,gaur,creation,years,breaking news,topics,country,channel,information,platform,lifestyle,wellness,social tech,headlines,entertainment,english,follow,leader,followers,interview,facebook,uncommon,globe,campus,salt,priyanka,news,show,space,google,accomplishments,pinch,youtube,naanu,source,jamal,news9
devitre,day,twitter,celebrity journey,trends,america,sons,pakistan,social,gehraiyaan,politics,afghanistan,women,stylist,india,media,instagram,finance,stories,tu,example,aur,today,writer,challenges,hairstylist,sets,heart,breaking news,topics,celebrity,jyothi,rule,mai,channel,information,platform,lifestyle,wellness,headlines,entertainment,chance international,english,follow,leader,jha,interview,kapoor,facebook,tech,globe,news,sports,google,industry,occasion,youtube,film,source,hair,ayesha,ek,news9
podar,day,twitter,pandemic,trends,international,swati,politics,women,india,popat,media,instagram,finance,stories,educationist,vats,today,impact,education,topics,network,mukherjee,breaking,channel,information,platform,lifestyle,alivia,wellness,social tech,headlines,entertainment,president,english,follow,leader,interview,facebook,globe,news,sports,google,dr,occasion,childhood,youtube,feminism,source,way,girlpower,news9
aggarwal,day,twitter,trends,international,politics,women,india,media,instagram,finance,entrepreneur,stories,talks,post,today,education,topics,mukherjee,breaking,channel,information,platform,lifestyle,alivia,wellness,social tech,headlines,entertainment,technology,english,follow,leader,ceo,interview,facebook,era,globe,news,sports,covid,google,scope,occasion,youtube,feminism,source,girlpower,news9
day,twitter,mumbai,trends,international,social,politics,women,meera,india,instagram,finance,connon,stories,cathedral,today,education,school,everyone,topics,breaking,dean,channel,information,platform,lifestyle,wellness,headlines,entertainment,media education,english,follow,leader,ceo,interview,john,facebook,ways,jain,globe,tech,news,sports,google,occasion,youtube,feminism,source,isaacs,girlpower,news9
day,twitter,trends,america,international,pakistan,exercise,prakash,politics,women,afghanistan,india,media,health,instagram,finance,stories,today,breaking news,topics,physician,channel,information,platform,lifestyle,wellness,social tech,headlines,entertainment,tests,english,follow,leader,interview,facebook,globe,gita,fitness,news,sports,google,dr,occasion,youtube,source,diet,news9
day,twitter,pandemic,trends,international,educator,social,politics,women,director,loss,india,bisht,media,instagram,finance,stories,today,challenges,education,manjushree,topics,breaking,channel,information,platform,lifestyle,wellness,academy,headlines,entertainment,english,follow,leader,interview,disabilities,facebook,tech,globe,news,patil,sports,google,occasion,youtube,feminism,source,children,girlpower,news9
day,twitter,rajiv,trends,international,gandhi,social,politics,women,india,media,health,instagram,finance,diagnosis,stories,today,oncologist,end,talk,death,topics,breaking,channel,information,platform,lifestyle,knell,cancer research,wellness,headlines,entertainment,mohanty,english,follow,leader,institute,interview,does,road,facebook,tech,globe,fitness,breast,sekhon,news,sports centre,cancers,google,dr,occasion,patients,youtube,feminism,source,girlpower,news9
choice,day,infertility,twitter,gupta,trends,international,politics,women,india,media,health,instagram,finance,stories,gynaecologist,today,ivf,topics,shobha,breaking,channel,information,platform,lifestyle,wellness,social tech,headlines,entertainment,surrogacy,english,follow,leader,resort,interview,facebook,globe,fitness,news,sports,google,occasion,dr,youtube,feminism,source,concept,girlpower,news9
medicine,day,twitter,trends,international,politics,women,india,media,health,instagram,finance,stories,treatment,today,modality,topics,therapy,breaking,did,nutritionist,channel,information,platform,food,wellness,speak,lifestyle,headlines,entertainment,social tech,english,follow,leader,interview,facebook,globe,fitness,chandra,news,manjari,sports,google,occasion,youtube,feminism,source,girlpower,news9
day,twitter,trends,international,deep,social,dermatologist,politics,women,watch,india,media,health,instagram,finance,stories,eyes,circles,today,skin,talk,lohia,beauty,topics,breaking,acne,agarwal,channel,information,platform,lifestyle,wellness,headlines,entertainment,english,follow,leader,reason,interview,facebook,tech,kiran,globe,fitness,news,sports,google,dr,occasion,youtube,feminism,source,girlpower,cosmetologist,news9
day,twitter,trends,international,politics,women,india,habib,media,instagram,professor,finance,stories,male,today,education,courses,topics,breaking,channel,information,miranda,lifestyle,wellness,social tech,mohanty,headlines,entertainment,platform,english,follow,leader,interview,enrollment,facebook,dev,girlpower,globe,news,sports,google,dr,occasion,college,abha,youtube,feminism,source,house,educator,news9
medicine,day,khanna,twitter,make,trends,international,social,politics,rachna singh,women,afghanistan,india,media,health,instagram,finance,stories,signifies,new,today,expert,hospital,talk,topics,breaking,rachna,channel,information,platform,lifestyle,wellness,priority,headlines,entertainment,english,follow,leader,artemis,hod,interview,delhi,facebook,singh,tech,globe,fitness,news,sports,google,dr,occasion,youtube,feminism,source,girlpower,news9
day,twitter,trends,international,social,politics,women,director,loss,india,media,health,instagram,finance,stories,today,approach,body,topics,breaking,channel,information,anjali,lifestyle,wellness,hooda,platform,headlines,entertainment,english,follow,leader,image,interview,facebook,tech,globe,fitness,news,sports,google,dr,occasion,youtube,feminism,source,girlpower,news9
day,twitter,asha,trends,international,learning,social,politics,women,india,stories,instagram,finance,entrepreneur,educationist,savur,today,education,chundawat,century,topics,breaking,channel,information,aarati,lifestyle,wellness,platform,headlines,entertainment,environment,media education,english,follow,leader,ceo,interview,facebook,tech,globe,system,art,news,sports,google,occasion,youtube,feminism,source,girlpower,news9
day,twitter,foundation,trends,international,educator,social,politics,women,india,stories,instagram,finance,today,education,school,raut,breaking news,topics,pooja,thane,internet,channel,information,platform,lifestyle,wellness,headlines,entertainment,media education,teacher,english,follow,leader,interview,facebook,teachers,jain,globe,tech,news,sports,google,occasion,hiranandani,youtube,science,feminism,source,girlpower,news9
day,twitter,trends,america,international,pakistan,social,politics,afghanistan,women,india,media,instagram,finance,stories,today,amit,breaking news,topics,kamath,career,channel,shirur,information,lifestyle,wellness,platform,headlines,entertainment,english,follow,leader,suma,interview,facebook,tech,globe,news,sports,google,youtube,source,news9
day,twitter,trends,america,journey,pakistan,international,social,politics,afghanistan,women,bhardwaj,india,media,instagram,finance,stories,alter,today,future,breaking news,topics,wrestler,channel,information,platform,lifestyle,wellness,headlines,entertainment,english,follow,leader,interview,facebook,tech,globe,news,sports,google,youtube,divya,source,news9
day,twitter,record,athlete,america,trends,pakistan,international,social,politics,afghanistan,women,open media,india,stories,instagram,finance,kaur,editor,today,championships,bains,breaking news,track,topics,athletics,channel,information,platform,lifestyle,wellness,field,headlines,entertainment,english,follow,leader,interview,facebook,tech,globe,misra,news,sports,google,event,youtube,national,source,sundeep,news9
neha sharma,aggarwal,day,twitter,trends,america,international,pakistan,social,politics,afghanistan,women,sharma,india,media,instagram,finance,stories,today,amit,breaking news,topics,kamath,channel,neha,information,lifestyle,wellness,platform,headlines,entertainment,english,follow,leader,interview,facebook,tech,globe,news,sports,google,youtube,source,news9
side,manager,day,twitter,anyanya,trends,america,journey,pakistan,limits,international,politics,tata,women,afghanistan,decade,business,vehicles,india,das,general,unit,media,vehicle,instagram,example,motors,finance,today,presence,lot,challenges,deputy,nandini,position,platform,things,breaking news,topics,sector,organisation,channel,role,information,lifestyle,wellness,inroads,social tech,headlines,entertainment,sectors,marketing,ranks,manufacturing,english,follow,transition,leader,yadav,interview,facebook,globe,stories,news,sports,commercial,google,occasion,youtube,source,way,news9
interest,cosmos,carl,day,twitter,foundation,trends,america,journey,pakistan,politics,afghanistan,women,textbook,henna,india,instagram,finance,way,stories,talks,today,nandini,things,breaking news,topics,channel,information,platform,sagan,wellness,lifestyle,social tech,headlines,entertainment,stem,media education,universe,astronomy,english,follow,yadav,khan,interview,facebook,globe,system,experiments,news,sports,founder leader,founder,google,simplified,hands,occasion,youtube,source,children,news9
bhavani,day,twitter,trends,america,international,pakistan,social,politics,afghanistan,women,india,media,instagram,finance,stories,today,olympics,breaking news,topics,kamath,channel,information,platform,lifestyle,wellness,headlines,entertainment,amith,sport today,english,follow,leader,devi,interview,facebook,tech,globe,news,sports,google,youtube,source,news9
path,day,twitter,trends,america,journey,pakistan,international,social,politics,afghanistan,women,bhardwaj,india,media,instagram,finance,stories,racer,alter,today,aishwarya,breaking news,topics,motorsports,channel,information,platform,lifestyle,wellness,headlines,entertainment,english,follow,leader,interview,road,facebook,tech,globe,news,sports,google,youtube,motorcycle,source,aishwarya pissay,news9
regulation,activist,day,twitter,trends,america,journey,pakistan,politics,afghanistan,women,acharya,india,vehicles,media,instagram,finance,stories,mahua,today,challenges,energy,nandini,breaking news,topics,convergence,channel,work,information,services,wellness,lifestyle,social tech,headlines,entertainment,platform,english,follow,leader,md,yadav,ceo,interview,limited,facebook,globe,news,sports,google,occasion,youtube,source,way,evangelist,climate,news9
day,twitter,cricketer,trends,america,international,pakistan,chopra,politics,afghanistan,women,india,stories,media,instagram,finance,today,abhishek,anjum,breaking news,topics,career,paul,channel,information,platform,lifestyle,wellness,field,social tech,headlines,entertainment,english,follow,leader,interview,facebook,globe,news,sports,google,youtube,source,news9
ghosh,day,twitter,awards,trends,america,journey,pakistan,politics,afghanistan,women,director,decade,india,media,instagram,finance,stories,design,gaming,studio,today,challenges,nandini,shruti,breaking news,game,topics,best,epic,raji,channel,information,platform,lifestyle,wellness,social tech,headlines,entertainment,experience,ancient,english,follow,debut,yadav,interview,facebook,development,globe,art,nodding,people,news,sports,founder leader,games,founder,google,occasion,industry,youtube,half,source,award,heads,news9
masters,day,vaccines,twitter,diseases,trends,rane,america,pakistan,journey,politics,afghanistan,women,johns,india,stories,health,media,degree,university city,instagram,finance,disease,york,fellow,talks,new,studies,today,vaccine,nandini,spread,breaking news,epidemiology,topics,sars,university,effectiveness,channel,bloomberg opinion,information,lifestyle,wellness,social tech,platform,headlines,entertainment,experience,virology,hopkins school,english,follow,leader,yadav,infectious,institute,interview,facebook,public,globe,city,madhura,news,sports,google,occasion,youtube,national,source,news9
day,twitter,trends,america,pakistan,advocate,social,politics,afghanistan,women,decades,india,media,lead,instagram,finance,stories,today,challenges,years,rajendran,payments,nandini,geetha,breaking news,topics,channel,engineering,work,information,wellness,lifestyle,platform,headlines,story,entertainment,life,english,follow,leader,yadav,interview,facebook,tech,globe,news,sports,google,occasion,industry,balance,youtube,subscriptions,source,news9
twitter,trends,america,sanction,pakistan,social,politics,afghanistan,competitions,decision,india,media,instagram,author,russia,finance,athletes,stories,serves,today,olympics,death,breaking news,topics,video,channel,information,platform,lifestyle,knell,wellness,ukraine,headlines,books,entertainment,veneer,english,follow,leader,jules,war,facebook,claim,tech,globe,news,sports,google,youtube,source,myth,news9
victory,grass,hopes,twitter,ramkumar,captain,trends,america,advantage,pakistan,social,politics,afghanistan,india,media,instagram,finance,world,non,group,stories,today,cup,davis,gymkhana,denmark,breaking news,topics,ramanathan,channel,information,platform,lifestyle,wellness,rohit,headlines,entertainment,english,follow,history,edge,leader,playoff,delhi,facebook,tech,club,globe,news,sports,google,youtube,source,player,news9
twitter,trends,vs,america,pakistan,t20i,series,politics,afghanistan,india,media,shreyas,instagram,finance,stories,today,century,breaking news,t20,topics,lanka,sweep,channel,information,platform,lifestyle,wellness,beat,social tech,headlines,entertainment,iyer,english,follow,leader,wickets,facebook,globe,review,news,sports,google,youtube,source,sri,news9
daughters,academies,day,conversation,twitter,trends,america,padma,pakistan,social,politics,afghanistan,producer,women,india,media,instagram,finance,stories,talks,allahabad,today,nandini,shri,chief,breaking news,topics,rohini,member,book,channel,information,platform,lifestyle,wellness,lilavati,headlines,entertainment,technology,godbole,english,follow,leader,yadav,physicist,particle,delhi,facebook,tech,globe,rohini godbole,news,sports,cern,contributions,google,scientists,india today,occasion,youtube,science,national,source,bangalore,news9
win,record,twitter,trends,vs,america,pakistan,social,politics,afghanistan,india,media,instagram,finance,world,stories,today,breaking news,topics,lanka,channel,information,platform,lifestyle,wellness,headlines,entertainment,follow,leader,eye,world english,facebook,tech,globe,news,sports,google,youtube,source,hosts,sri,news9
honorarium,capital,strike,twitter,documentary,trends,exploitation,america,state,social,politics,india,stories,instagram,pay,finance,rs,etc,today,concern,workers,esi,maternity,kaul,shivani,breaking news,topics,union,channel,information,platform,lifestyle,wellness,headlines,entertainment,pension,pf,english,follow,leader,lines,civil government,indefinite,delhi,facebook,month,tech,globe,aid,protesters,facilities,days,news,employees,sports,organiser,google,anganwadi,youtube,area,thousands,helpers,source,media city,news9
win,twitter,trends,vs,america,pakistan,t20i,series,politics,afghanistan,social,india,preview,media,instagram,finance,stories,today,breaking news,topics,lanka,channel,information,platform,lifestyle,wellness,aim,headlines,entertainment,english,follow,leader,facebook,tech,globe,news,sports,google,youtube,source,hosts,sri,news9
twitter,trends,america,pakistan,social,politics,afghanistan,decision,india,media,instagram,finance,stories,today,cricket,breaking news,topics,making,role,channel,information,wellness,lifestyle,platform,headlines,entertainment,english,follow,leader,data,facebook,tech,globe,news,sports,google,youtube,source,news9
victory,win,twitter,trends,vs,america,pakistan,t20i,series,politics,afghanistan,social,sharma,india,media,instagram,finance,stories,today,team,brink,breaking news,topics,lanka,channel,information,platform,lifestyle,wellness,rohit,headlines,entertainment,english,follow,leader,eye,facebook,tech,globe,runs,news,sports,google,youtube,source,sri,news9
year,property,twitter,trends,america,pakistan,politics,afghanistan,india,vehicles,stories,media,instagram,police,finance,neighbourhood,mob,today,presence,lot,properties,breaking news,topics,member,channel,information,muslim,lifestyle,wellness,social tech,platform,headlines,entertainment,english,follow,leader,facebook,shivamogga,globe,news,sports,google,dal,muslims,bajrang,youtube,homes,karnataka,man,source,murder,violence,news9
twitter,strength,opener,trends,vs,america,pakistan,t20i,series,politics,afghanistan,social,match,sharma,india,media,instagram,finance,stories,ind,today,cricket,breaking news,topics,bench,lanka,set,channel,information,platform,lifestyle,wellness,rohit,headlines,entertainment,co,english,follow,leader,look,facebook,lucknow,tech,globe,news,sports,streak,google,india today,youtube,source,sri,news9
twitter,cricketer,trends,social,politics,cricketers,india,media,health,instagram,finance,uthappa,battles,batsman,stories,today,cricket,champions,pressures,topics,breaking,member,channel,information,platform,demons,wellness,lifestyle,headlines,entertainment,english,follow,leader,ipl,sports health,robin,facebook,tech,globe,depression,news,google,youtube,source,sports time,news today,news9
activist,passion,dharma,year,twitter,trends,america,pakistan,politics,afghanistan,india,stories,media,instagram,finance,today,harsha,family,family man,spoken,breaking news,topics,country,hindutva,channel,information,platform,lifestyle,wellness,social tech,headlines,entertainment,life,bjp,english,follow,leader,neighbours,facebook,shivamogga,globe,days,news,sports,separate,google,dal,youtube,bajrang,karnataka,source,murder,news9
activist,year,raj,twitter,trends,america,pakistan,social,politics,afghanistan,remark,india,stories,media,instagram,finance,today,ks,hence,breaking news,topics,channel,minister,muslim,information,wellness,lifestyle,platform,headlines,entertainment,bjp,english,follow,leader,facebook,development,shivamogga,globe,tech,news,google,dal,rural sports,panchayat,muslims,bajrang,youtube,karnataka,source,murder,news9
protests,mia,twitter,btw,trends,america,pakistan,social,politics,afghanistan,remark,india,media,instagram,finance,world,stories,incorrectly,today,trudeau,breaking news,topics,nazis,channel,information,swastika,lifestyle,wellness,hindu,platform,headlines,entertainment,pm,protestors,english,follow,leader,communities,hindus,facebook,tech,globe,news,sports,google,canada,youtube,source,news9
twitter,trends,vs,america,pakistan,men,series,politics,afghanistan,social,sharma,india,preview,media,instagram,finance,stories,today,demolition,cricket,breaking news,t20,topics,lanka,sweep,channel,information,platform,lifestyle,wellness,rohit,headlines,entertainment,english,follow,leader,west,facebook,tech,globe,news,sports,google,indies,youtube,source,hosts,sri,news9
someone,twitter,trends,test,social,odi,politics,status,india,media,health,instagram,finance,uthappa,stories,batsman,team,today,videos,board,cricket,kohli,century,topics,information,platform,reaction,lifestyle,wellness,interviews,entertainment,form,virat,follow,leader,search,robin,facebook,tech,globe,news,struggle,sports,mate,youtube,source,news9
twitter,trends,america,pakistan,social,series,politics,afghanistan,squad,sharma,india,media,instagram,finance,stories,today,team,cricket,breaking news,topics,lanka,channel,information,announcement,lifestyle,wellness,platform,rohit,headlines,entertainment,english,follow,transition,leader,facebook,era,tech,globe,news,sports,google,youtube,source,calls,sri,news9
chennai,twitter,cricketer,trends,america,pakistan,politics,afghanistan,breakdown,name,cricketers,status,india,media,health,instagram,emotions,uthappa,finance,batsman,stories,today,team,videos,cricket,breaking news,topics,channel,information,platform,lifestyle,wellness,social tech,headlines,entertainment,keywords,hammer,english,follow,leader,process,ipl,robin,interview,facebook,globe,pl,former,cattle,news,sports,google,india today,kings,youtube,auction,source,news9
twitter,thomas,america,bach,pakistan,winter,trends,politics,afghanistan,weeks,diplomacy,india,media,closing,instagram,finance,stories,eyes,episode,today,controversies,end,dragon,breaking news,topics,visuals,channel,information,platform,lifestyle,wellness,social tech,headlines,entertainment,president,english,follow,ceremony,leader,doping,facebook,globe,news,sports,games,google,youtube,beijing today,source,curtain,news9
twitter,captain,trends,america,journey,pakistan,social,politics,afghanistan,hobby,india,media,instagram,finance,world,stories,germinating,today,global,cup,team,time,steven,cricket,germany,breaking news,topics,t20,channel,information,platform,lifestyle,wellness,headlines,entertainment,english,follow,leader,venkataraman,fifa,nation,ganesan,facebook,football,globe,tech,steps,news,sports,knox,expats,google,youtube,source,way,news9
gardens,twitter,captain,trends,vs,america,pakistan,wins,series,politics,afghanistan,social,sharma,india,media,instagram,finance,stories,today,climb,eden,whitewash,breaking news,brilliant,topics,channel,information,platform,lifestyle,wellness,rohit,headlines,entertainment,english,follow,leader,west,facebook,tech,globe,review,runs,visitors,news,sports,google,indies,youtube,source,rankings,sunday,news9
twitter,trends,vs,america,pakistan,t20i,social,politics,afghanistan,india,preview,media,instagram,finance,stories,today,breaking news,topics,sweep,channel,information,platform,lifestyle,wellness,headlines,entertainment,english,follow,leader,eye,west,facebook,tech,globe,news,sports,google,youtube,source,hosts,news9
win,twitter,blue,trends,vs,america,pakistan,t20i,series,politics,afghanistan,men,match,social,india,media,instagram,finance,stories,team,today,breaking news,game,topics,channel,information,platform,lifestyle,wellness,rohit,headlines,entertainment,friday,english,follow,leader,west,facebook,tech,globe,runs,wi,news,sports,google,indies,youtube,source,sunday,news9
day,twitter,trends,america,regime,pakistan,social,mention,politics,afghanistan,diplomacy,communist platform,winter,india,troops,media,closing,instagram,stains,finance,stories,effort,today,rights,demonstrators,winter olympics,olympics,dragon,breaking news,topics,beijing,june,blood,violations,channel,information,lifestyle,wellness,headlines,oppression,entertainment,english,follow,land,ceremony,image,leader,tiananmen,square,facebook,tech,globe,democracy,news,tool,sports,games,tanks,google,youtube,thousands,designs,beijing today,place,source,news9
predictions,week,twitter,trends,america,brentford,pakistan,crystal,premier,politics,afghanistan,social,vs,india,opponents,instagram,united,preview,finance,stories,spurs,today,league,breaking news,chelsea,topics,draw,arsenal,channel,information,platform,lifestyle,wellness,prediction,headlines,entertainment,one,keywords,english,follow,leader,stadium,leeds,palace,facebook,liverpool,globe,tech,manchester,clash,news,sports,etihad,google,youtube,source,media city,news9
gardens,twitter,trends,vs,ravi,t20i,social,politics,sharma,pollard,india,media,bishnoi,instagram,finance,stories,eden,cricket,kohli,topics,information,platform,lifestyle,kieron,wellness,rohit,entertainment,virat,iyer,west india,follow,eye,yadav,leader,west,facebook,tech,globe,news,sports,india today,indies,news9,kolkata,kishan,hosts,youtube,source,ishan,venkatesh,series
day,twitter,trends,america,pakistan,social,politics,afghanistan,india,media,instagram,finance,russia,stories,brazil,afp,today,courtesy,breaking news,hour,topics,punjab,channel,information,lifestyle,wellness,platform,headlines,entertainment,mudslide,english,follow,leader,facebook,tech,globe,shorts,news,sports,google,youtube,source,news9
twitter,mumbai,trends,journey,social,politics,india,media,disco,instagram,finance,stories,today,topics,video,songs,breaking,channel,information,platform,age,wellness,lifestyle,headlines,entertainment,english,follow,leader,look,hits,singer,facebook,globe,tech,news,sports,king,google,youtube,lahiri,source,composer,news today,news9
twitter,trends,america,state,social,politics,locals,tangle,india,media,instagram,finance,stories,enterprises,today,presence,reservation,breaking news,topics,video,structure,channel,information,platform,lifestyle,wellness,headlines,entertainment,english,follow,leader,look,jobs,facebook,issue,tech,globe,governments,news,sports,google,youtube,source,news9
twitter,trends,america,pakistan,social,politics,afghanistan,india,media,instagram,finance,stories,today,jio,breaking news,hour,topics,users,channel,information,platform,lifestyle,wellness,headlines,entertainment,pm,english,follow,omicron,leader,facebook,tech,globe,shorts,news,sports,google,youtube,source,news9
year,twitter,trends,social,politics,hr,consultancy,india,media,instagram,finance,stories,hike,today,high,breaking news,topics,sector,video,aon,hikes,firm,channel,information,platform,lifestyle,wellness,headlines,entertainment,english,follow,leader,facebook,tech,globe,news,employees,sports,google,percent,youtube,source,survey,increments,appraisal,news9
gardens,twitter,trends,vs,ravi,t20i,social,politics,sharma,pollard,india,media,bishnoi,instagram,finance,stories,eden,cricket,kohli,topics,information,platform,lifestyle,kieron,wellness,rohit,entertainment,virat,iyer,west india,follow,yadav,leader,west,facebook,tech,globe,news,sports,india today,indies,news9,kolkata,kishan,youtube,source,ishan,venkatesh,review
twitter,trends,america,pakistan,social,politics,afghanistan,india,media,instagram,finance,russia,stories,afp,table,today,conclusion,powers,uncertainty,crisis,courtesy,breaking news,topics,video,resolution,channel,information,updates,lifestyle,wellness,platform,ukraine,headlines,entertainment,us,claims,english,follow,collision,leader,facebook,tech,globe,course,news,sports,point,google,youtube,source,way,news9
twitter,trends,pakistan,social,politics,afghanistan,modi,india,media,instagram,finance,stories,today,jibe,bse,nestle,hour,english america,topics,congress,breaking,channel,information,platform,lifestyle,wellness,headlines,entertainment,pm,bjp,follow,leader,facebook,tech,globe,shorts,news,sports,google,youtube,narendra,source,news9
comments,twitter,trends,slang,america,pakistan,controversy,social,politics,afghanistan,india,media,instagram,finance,stories,today,chief,breaking news,topics,video,politicians,congress,channel,minister,information,lifestyle,wellness,punjab,platform,headlines,election,entertainment,bjp,english,follow,leader,season,delhi,facebook,singh,ke,globe,tech,news,sports centre,google,youtube,rallies,source,news9
disco king,twitter,mumbai,trends,america,pakistan,social,politics,afghanistan,india,media,instagram,finance,stories,today,breaking news,hour,du,topics,channel,information,platform,lifestyle,wellness,headlines,entertainment,pm,english,follow,leader,facebook,tech,globe,shorts,news,sports,google,youtube,source,news9
twitter,captain,trends,america,composition,pakistan,politics,afghanistan,india,media,instagram,finance,stories,paper,upcoming,today,team,units,attack,platform,breaking news,topics,channel,information,punjab,burman,wellness,lifestyle,social tech,headlines,entertainment,co,bowling,english,follow,leader,strategy,season,ipl,interview,facebook,chances,globe,news,sports,google,kings,youtube,source,franchise,auction,owner,news9
twitter,trends,america,rio,pakistan,social,politics,afghanistan,india,media,instagram,finance,stories,brazil,rise,hundreds,today,death,breaking news,operations,video,topics,toll,janeiro,channel,rescue,updates,information,wellness,lifestyle,platform,headlines,entertainment,english,follow,de,leader,authorities,facebook,floods,globe,tech,landslides,people,news,sports,google,youtube,source,news9
twitter,trends,america,pakistan,social,politics,afghanistan,india,media,instagram,corbevax,finance,stories,brazil,today,breaking news,hour,du,topics,university,channel,information,platform,lifestyle,wellness,covid19,headlines,entertainment,pm,english,follow,leader,colleges,delhi,facebook,tech,globe,shorts,news,sports,google,youtube,source,news9
twitter,am,trends,america,pakistan,social,politics,afghanistan,india,media,instagram,finance,stories,today,breaking news,topics,channel,information,punjab,lifestyle,wellness,platform,ukraine,headlines,entertainment,english,follow,leader,facebook,tech,globe,shorts,news,sports,covid,google,citizens,youtube,source,news9
twitter,trends,social,politics,decades,india,sri,media,instagram,finance,stories,srilanka,problem,today,debt,crisis,economy,topics,video,lanka,breaking,channel,information,platform,lifestyle,wellness,headlines,entertainment,english,follow,leader,look,nation,facebook,tech,globe,news,sports,google,youtube,island,source,news today,news9
twitter,note,trends,vs,america,pakistan,t20i,series,politics,afghanistan,odi,match,australia,social,preview,india,media,instagram,finance,stories,nikhil,questions,today,cup,eden,breaking news,topics,video,t20,sweep,channel,information,platform,lifestyle,wellness,headlines,entertainment,preparation,english,west india,follow,leader,facebook,bhardwaj,tech,globe,earnest,news,sports,google,youtube,kolkata,source,world gardens,narain,news9
twitter,trends,america,pakistan,social,politics,afghanistan,modi,india,media,instagram,finance,russia,stories,gunda,today,breaking news,topics,channel,information,platform,lifestyle,wellness,ukraine,headlines,entertainment,pm,bjp,english,follow,leader,facebook,tech,globe,shorts,news,sports,aap,google,youtube,source,news9
twitter,trends,america,pakistan,social,politics,afghanistan,india,media,instagram,finance,russia,stories,drills,today,units,end,frenzy,breaking news,topics,video,withdrawal,channel,moves,updates,information,wellness,lifestyle,platform,headlines,entertainment,english,follow,leader,facebook,development,globe,tech,news,sports,indication,google,crimea,youtube,source,news9
year,capital,twitter,trends,america,mass,pakistan,social,politics,afghanistan,india,media,instagram,finance,stories,today,celebrations,arrival,generation,breaking news,topics,state president,birth,channel,information,platform,lifestyle,wellness,headlines,entertainment,rally,english,follow,monrovia,leader,americans,liberia,facebook,anniversary,tech,globe,news,sports,google,weah,youtube,thousands,source,george,news9
polls,twitter,trends,pakistan,social,politics,afghanistan,modi,india,media,instagram,finance,russia,stories,drills,today,english america,topics,breaking,channel,punjab,information,lifestyle,wellness,platform,ukraine,headlines,entertainment,pm,follow,leader,facebook,tech,globe,shorts,news,sports,aap,google,youtube,narendra,source,news9
twitter,trends,social,politics,india,media,instagram,finance,stories,today,details,breaking news,topics,video,ship,channel,information,platform,lifestyle,wellness,headlines,entertainment,english,follow,leader,sinks,facebook,tech,others,globe,people,news,coast,sports,google,canada,youtube,source,news9
twitter,legacy,america,trends,pakistan,social,composition,politics,afghanistan,loss,india,media,instagram,finance,stories,music,today,death,breaking news,topics,mangeshkar,video,wednesday,channel,information,style,lifestyle,wellness,lata,platform,headlines,entertainment,english,follow,leader,cinema,facebook,fraternity,tech,globe,trendsetter,news,sports,google,youtube,lahiri,man,source,news9
twitter,trends,america,pakistan,social,politics,afghanistan,india,media,instagram,finance,stories,sensex,music,today,breaking news,topics,channel,information,platform,lifestyle,wellness,headlines,entertainment,pm,mudslide,english,follow,leader,facebook,tech,globe,trendsetter,shorts,news,sports,google,youtube,source,news9
protests,capital,twitter,father,america,trends,pakistan,warnings,social,politics,afghanistan,india,stories,instagram,finance,today,powers,years,peace,horns,breaking news,topics,truckers,requests,channel,information,platform,lifestyle,wellness,headlines,entertainment,pm,english,follow,leader,facebook,tech,globe,roads,neighborhood,emergency,news,sports,ottawa,google,canada,youtube,source,media city,news9
jingoism,twitter,trends,social,politics,afghanistan,india,panipat,unit,media,instagram,finance,stories,today,breaking news,topics,video,taliban,member,channel,information,army,lifestyle,wellness,platform,headlines,entertainment,english,follow,leader,facebook,tech,globe,news,sports,google,youtube,source,news9
year,twitter,trends,social,politics,bail,india,media,instagram,finance,stories,rs,tej,stalwart,crore,today,court,time,prasad,doranda,topics,scam,pratap,breaking,channel,information,platform,lifestyle,wellness,face,headlines,entertainment,english,follow,leader,yadav,jail,facebook,ranchi,globe,tech,news,lalu,fodder,sports,treasury,google,cases,youtube,source,news today,news9
twitter,trends,america,pakistan,social,politics,afghanistan,india,media,instagram,finance,russia,sensex,stories,today,units,breaking news,topics,channel,information,platform,lifestyle,wellness,headlines,entertainment,pm,english,follow,leader,facebook,tech,globe,shorts,news,sports,spicejet,google,youtube,source,news9
twitter,trends,america,pakistan,social,politics,afghanistan,india,media,instagram,finance,stories,today,insurer,challenges,ipo,breaking news,topics,channel,information,platform,lifestyle,wellness,headlines,entertainment,english,follow,leader,facebook,tech,globe,lic,priyanka,news,sports,google,india today,deo,youtube,source,benefits,news9
twitter,trends,america,pakistan,social,politics,afghanistan,india,media,instagram,finance,russia,stories,today,states,operations,breaking news,topics,stay,channel,information,platform,indians,wellness,lifestyle,ukraine,headlines,entertainment,english,follow,leader,kyiv,americans,students united,facebook,tech,globe,city,news,students,sports,google,lviv,youtube,source,embassy,news9
gardens,twitter,captain,trends,vs,america,pakistan,t20i,series,politics,afghanistan,odi,sharma,social,preview,india,media,instagram,finance,stories,today,cup,time,eden,whitewash,breaking news,topics,wednesday,channel,information,platform,lifestyle,wellness,rohit,headlines,entertainment,follow,west india,leader,world english,windies,facebook,tech,globe,news,google,indies,youtube,source,sports time,news9
twitter,town,trends,warming,social,politics,india,media,instagram,finance,level,stories,brazil,rise,today,seawater,english town,ocean,topics,video,change,breaking,channel,rise today,sea,houses,wellness,information,lifestyle,headlines,entertainment,platform,follow,leader,atlantic,resort,sea level,facebook,tech,globe,levels,city,news,sports,google,youtube,source,climate,news9
twitter,hijab,trends,america,pakistan,social,politics,afghanistan,row,india,media,instagram,finance,stories,today,uttarpradesh,breaking news,topics,channel,information,punjab,lifestyle,wellness,platform,ukraine,headlines,entertainment,english,follow,leader,rclbeauty101,facebook,tech,globe,shorts,news,sports,google,youtube,karnataka,source,hc,news9
twitter,hijab,trends,social,politics,row,india,media,instagram,finance,stories,today,court,institutes,topics,video,breaking,channel,information,updates,lifestyle,wellness,platform,headlines,entertainment,schools,english,follow,leader,eye,facebook,issue,tech,globe,news,sports,google,youtube,karnataka,source,bommai,news today,news9
twitter,trends,stage,social,politics,india,stories,instagram,finance,process media,today,street news,insurance,bse,ipo,topics,video,behemoth,breaking,listing,channel,information,platform,lifestyle,wellness,headlines,life,entertainment,english,follow,bow,corporation,leader,corp,facebook,tech,globe,lic,news,sports,google,investors,youtube,source,news9
anti,twitter,trends,america,men,pakistan,winter,politics,afghanistan,india,media,instagram,finance,stories,climax,today,machines,social service,breaking news,topics,channel,information,platform,lifestyle,wellness,headlines,entertainment,schedule,english,follow,provisions,leader,snowfall,facebook,tech,globe,interrupts,snowing,news,sports,games,google,youtube,olympic,source,hosts,action sunday,news9
viva,twitter,trends,america,pakistan,social,politics,afghanistan,india,media,instagram,finance,sweet,china,editor,today,hd,breaking news,dual,video,topics,channel,information,platform,lifestyle,wellness,headlines,ban,lac,entertainment,space stories,technology,english,follow,leader,section,facebook,tech,globe,government,news,selfie,act,sports,apps,google,lite,youtube,tencent,source,news9
twitter,trends,america,pakistan,social,politics,afghanistan,india,media,instagram,finance,today,hours,february,sets,launch,breaking news,hour,topics,motion,channel,information,platform,lifestyle,wee,wellness,headlines,entertainment,space stories,english,follow,leader,isro,facebook,tech,globe,news,sports,mission,google,youtube,source,news9
pandemic,twitter,day,st,trends,america,venice,pakistan,social,politics,afghanistan,streets,india,media,instagram,finance,stories,post,parade,today,years,breaking news,topics,channel,information,platform,lifestyle,wellness,headlines,entertainment,opening,english,carnival,follow,leader,mark,square,facebook,tech,globe,news,covid,sports,tourists,google,italy,youtube,source,curbs,news9
analysis,twitter,composition,america,trends,pakistan,social,politics,afghanistan,india,media,instagram,finance,stories,team,today,breaking news,topics,channel,information,platform,lifestyle,wellness,headlines,entertainment,english,follow,leader,ipl,facebook,tech,globe,news,sports,google,youtube,auction,source,news9
polls,twitter,trends,america,pakistan,social,politics,afghanistan,india,media,instagram,finance,stories,today,topics,breaking,channel,information,platform,lifestyle,wellness,headlines,entertainment,pm,english,follow,leader,sweeps,facebook,tech,globe,lic,shorts,news,sports,google,youtube,source,news today,news9
proof,twitter,belarus,trends,america,pakistan,social,politics,afghanistan,evidence,india,troops,media,instagram,russia,finance,stories,today,presence,locations,equipment,breaking news,topics,deployments,channel,information,platform,lifestyle,wellness,ukraine,headlines,entertainment,build,english,follow,leader,images,facebook,tech,globe,satellite,news,sports,google,crimea,youtube,expansion,source,news9
twitter,trends,america,pakistan,social,politics,afghanistan,modi,india,media,valieva,instagram,finance,stories,today,breaking news,skater,topics,channel,information,platform,lifestyle,wellness,headlines,entertainment,pm,signal,english,follow,leader,isro,facebook,tech,globe,shorts,news,sports,covid,google,youtube,source,news9
capital,twitter,brunt,trends,america,cancellation,pakistan,social,meteorological,politics,afghanistan,india,media,instagram,finance,stories,winds,china,today,arrival,olympics,breaking news,topics,channel,information,platform,lifestyle,wellness,headlines,entertainment,english,follow,leader,events,snowfall,areas,facebook,tech,globe,news,postponement,sports,google,youtube,beijing today,source,snow,news9
protests,twitter,mandate,trends,america,pakistan,social,politics,afghanistan,netherlands,australia,india,media,instagram,finance,stories,protest,vaccine,today,mandates,paris,breaking news,topics,truckers,channel,information,platform,lifestyle,wellness,headlines,entertainment,rally,english,follow,france,leader,facebook,tech,globe,compulsory,people,news,sports,covid,ottawa,google,canada,switzerland,youtube,source,news9
twitter,hijab,am,trends,america,pakistan,social,politics,afghanistan,row,india,media,instagram,finance,stories,today,breaking news,topics,channel,information,platform,lifestyle,wellness,ukraine,headlines,entertainment,english,follow,leader,facebook,tech,globe,shorts,news,sports,google,youtube,karnataka,source,hc,news9
world freedom,twitter,trends,america,transparency,pakistan,social,politics,afghanistan,business,india,media,instagram,finance,regimes,stories,rishi,gautam,laws,today,clauses,breaking news,topics,hub,agarwal,activities,channel,information,platform,lifestyle,wellness,headlines,entertainment,english,follow,leader,businesses,facebook,tech,globe,ease,news,sports,accountability,google,youtube,source,news9
twitter,statueofequality,trends,america,pakistan,social,politics,afghanistan,india,media,instagram,finance,stories,today,breaking news,topics,video,equality,nath,channel,information,platform,lifestyle,wellness,headlines,entertainment,president,english,follow,leader,facebook,statue,globe,tech,news,sports,ram,google,message,youtube,source,news9
twitter,statueofequality,trends,america,pakistan,social,politics,afghanistan,india,media,instagram,finance,stories,today,anurag,breaking news,topics,video,union,equality,channel,minister,information,lifestyle,wellness,platform,headlines,thakur,entertainment,english,follow,leader,facebook,statue,globe,tech,news,sports,google,youtube,source,broadcasting,news9
analysis,day,twitter,mumbai,trends,america,pakistan,social,politics,afghanistan,india,media,instagram,finance,stories,depth,crore,today,david,money,breaking news,topics,stay,channel,information,updates,indians,wellness,lifestyle,platform,headlines,entertainment,english,follow,leader,ipl,facebook,tech,globe,tim,news,sports,google,bidding,youtube,auction,source,news9
twitter,statueofequality,trends,america,pakistan,social,politics,afghanistan,india,media,instagram,finance,stories,today,breaking news,topics,video,equality,nath,channel,information,platform,lifestyle,wellness,headlines,entertainment,president,english,follow,leader,facebook,statue,globe,tech,news,sports,ram,google,youtube,source,news9
twitter,trends,america,pakistan,social,politics,afghanistan,india,media,instagram,finance,stories,kxip,rs,today,bags,breaking news,topics,channel,information,crores,lifestyle,wellness,platform,ukraine,headlines,entertainment,pm,english,follow,leader,biden,facebook,tech,globe,shorts,livingstone,news,sports,covid,google,youtube,source,news9
twitter,revelations,trends,america,pakistan,social,politics,afghanistan,watch,india,media,instagram,finance,parties,world,stories,questions,boris,today,street news,downing,staff,breaking news,topics,johnson,shock,channel,minister,information,lifestyle,wellness,platform,headlines,entertainment,pm,english,follow,leader,facebook,tech,globe,sports,google,youtube,wave,source,waves,prime,news9
analysis,day,twitter,trends,america,pakistan,politics,afghanistan,india,media,instagram,stories,depth,buy,today,money,breaking news,topics,stay,channel,information,updates,crores,wellness,lifestyle,punjab,headlines,entertainment,platform,english,follow,leader,ipl,facebook,social finance,tech,globe,livingstone,news,sports,google,bidding,kings,youtube,till,liam,auction,source,news9
assembly,twitter,conversation,trends,challenge,america,pakistan,politics,afghanistan,shankar,india,stories,media,das,instagram,partha,finance,conundrum,today,february,breaking news,topics,video,up,tea,channel,information,platform,lifestyle,wellness,social tech,constituencies,election,headlines,entertainment,bjp,english,follow,leader,round,digital,facebook,globe,vishnu,news,voting,sports,districts,google,phase,youtube,source,news9
twitter,statueofequality,trends,america,pakistan,social,politics,afghanistan,india,media,instagram,finance,stories,today,breaking news,topics,video,chiranjeevi,equality,channel,information,platform,lifestyle,wellness,headlines,entertainment,english,follow,leader,facebook,statue,globe,tech,news,sports,actor,google,youtube,source,star,news9
day,twitter,trends,america,pakistan,social,politics,afghanistan,india,media,instagram,finance,stories,today,breaking news,topics,channel,information,platform,lifestyle,wellness,headlines,election,pm,entertainment,english,follow,leader,ipl,facebook,tech,globe,shorts,news,sports,covid,google,youtube,auction,source,news9
analysis,chennai,twitter,mumbai,day,trends,america,pakistan,social,politics,afghanistan,india,media,instagram,finance,stories,depth,crore,today,money,breaking news,topics,deepak,stay,channel,information,updates,indians,crores,wellness,lifestyle,headlines,entertainment,platform,chahar,english,follow,leader,ipl,facebook,tech,globe,news,sports,super,google,bidding,kings,youtube,kishan,auction,ishan,source,news9
vice,twitter,statueofequality,trends,america,pakistan,social,politics,afghanistan,india,media,instagram,finance,stories,naidu,today,venkaiah,breaking news,topics,video,equality,channel,information,platform,lifestyle,wellness,headlines,entertainment,president,english,follow,leader,facebook,statue,globe,tech,news,sports,google,youtube,source,news9
analysis,day,twitter,trends,america,pakistan,social,politics,afghanistan,rajasthan,india,media,krishna,instagram,finance,stories,depth,ferguson,today,money,breaking news,topics,stay,channel,information,updates,crores,wellness,lockie,lifestyle,headlines,entertainment,platform,english,follow,leader,ipl,titans,facebook,tech,globe,course,news,sports,google,royals,bidding,youtube,auction,source,gujarat,news9
polls,analysis,fray,twitter,aadmi,trends,america,state,pakistan,social,politics,afghanistan,shankar,india,media,das,instagram,finance,partha,stories,today,party,goa,february,breaking news,topics,video,congress,channel,information,platform,lifestyle,wellness,headlines,election,entertainment,bjp,english,follow,clutter,leader,season,digital,facebook,tech,globe,vishnu,news,sports,aap,google,youtube,source,aam,challenger,news9
analysis,day,twitter,trends,america,pakistan,social,politics,afghanistan,india,stories,media,shreyas,instagram,finance,depth,crore,royal,today,harshal,money,breaking news,topics,stay,channel,information,updates,lifestyle,wellness,platform,headlines,entertainment,iyer,english,follow,riders,leader,ipl,facebook,tech,globe,challengers,course,news,sports,google,bidding,patel,youtube,kolkata,auction,source,knight,bangalore,news9
win,twitter,trends,vs,social,odi,series,start,politics,match,sharma,india,media,krishna,lead,instagram,ind,finance,stories,today,topics,career,wednesday,captaincy,channel,information,platform,lifestyle,wellness,rohit,entertainment,ball,english,follow,leader,west,facebook,tech,globe,review,runs,news,sports,indies,youtube,karnataka,source,news9
twitter,trends,america,sons,pakistan,journey,chairman,politics,tata,afghanistan,social,india,media,instagram,finance,stories,post,today,years,term,breaking news,topics,video,channel,information,platform,lifestyle,wellness,chandrasekaran,headlines,entertainment,english,follow,leader,look,facebook,tech,globe,news,sports,stint,google,youtube,source,news9
analysis,twitter,trends,america,pakistan,social,politics,afghanistan,india,media,instagram,finance,stories,today,breaking news,hour,topics,stay,channel,information,updates,lifestyle,wellness,platform,headlines,entertainment,english,follow,leader,ipl,facebook,tech,globe,news,sports,google,bidding,youtube,auction,source,news9
twitter,statueofequality,trends,america,pakistan,social,politics,afghanistan,india,media,instagram,finance,stories,today,baba ramdev,breaking news,topics,video,equality,channel,information,platform,lifestyle,wellness,headlines,entertainment,english,follow,leader,facebook,statue,globe,tech,news,sports,ramdev,google,baba,youtube,source,news9
postmortem,reveals,twitter,incident,trends,america,pakistan,social,politics,afghanistan,woman,mortem,india,report,media,instagram,months,finance,stories,dalit,post,today,details,death,breaking news,topics,video,channel,information,updates,lifestyle,wellness,platform,headlines,entertainment,english,follow,leader,look,facebook,tech,globe,news,sports,google,youtube,source,murder,shocking,news9
predictions,week,twitter,epl,villa,points,america,brentford,pakistan,crystal,trends,politics,afghanistan,vs,match,india,stories,media,united,instagram,finance,spurs,table,today,newcastle,ham,competitors,league,horns,norwich,platform,leicester,breaking news,race,topics,channel,southampton,tottenham,gap,wellness,information,lifestyle,headlines,entertainment,social tech,aston,keywords,form,brighton,english,follow,edge,leader,leeds,attackers,palace,west,facebook,liverpool,globe,manchester,city,burnley,news,teams,sports,google,watford,youtube,leaders,man,source,everton,news9
twitter,trends,america,pakistan,social,politics,afghanistan,india,media,instagram,preview,finance,stories,today,promise,breaking news,topics,channel,information,platform,lifestyle,wellness,headlines,entertainment,players,english,follow,leader,ipl,bucks,facebook,tech,globe,news,sports,google,surprise,youtube,auction,source,player,news9
polls,twitter,trends,america,pakistan,social,politics,afghanistan,modi,india,media,instagram,finance,stories,today,goa,breaking news,hour,topics,channel,information,platform,lifestyle,wellness,headlines,entertainment,pm,english,follow,leader,facebook,tech,globe,shorts,news,sports,google,youtube,source,news9
twitter,note,uk,trends,america,pakistan,social,politics,afghanistan,putin,diplomacy,india,stories,media,instagram,russia,world,finance,talks,afp,boris,today,nato,powers,crisis,courtesy,breaking news,topics,video,russian,johnson,channel,minister,information,lifestyle,wellness,platform,ukraine,headlines,entertainment,president,english,follow,leader,biden,facebook,development,globe,tech,news,sports,google,asks,barbs,youtube,source,vladimir,prime,news9
twitter,trends,america,pakistan,teni,social,politics,afghanistan,kheri,bail,india,media,instagram,suv,finance,months,stories,targets,allahabad,today,court,breaking news,topics,union,killer,channel,minister,information,lifestyle,wellness,platform,ajay,headlines,entertainment,english,follow,leader,son,mishra,jail,opposition,facebook,tech,globe,news,sports,google,youtube,source,news9
twitter,trends,america,pakistan,social,politics,afghanistan,india,media,instagram,finance,stories,today,term,cricket,breaking news,hour,topics,channel,information,platform,lifestyle,wellness,headlines,entertainment,pm,english,follow,leader,facebook,tech,globe,sidhu,shorts,news,sports,google,youtube,source,news9
twitter,disaster,trends,america,repair,pakistan,social,politics,afghanistan,devastation,india,media,instagram,finance,world,stories,today,breaking news,topics,video,channel,information,updates,lifestyle,wellness,platform,headlines,entertainment,madagascar,english,follow,leader,nations,cyclone,facebook,tech,globe,news,sports,districts,google,youtube,source,havoc,news9
protests,anti,twitter,mandate,trends,america,pakistan,social,politics,afghanistan,australia,india,media,instagram,finance,stories,new,today,copycat,end,operations,trudeau,breaking news,topics,coronavirus,truckers,channel,information,platform,lifestyle,wellness,headlines,entertainment,pm,us,english,follow,giants,france,leader,lines,facebook,tech,globe,zealand,protesters,news,sports,supply,google,canada,youtube,source,news9
protests,twitter,hijab,trends,america,pakistan,social,politics,afghanistan,row,india,media,instagram,finance,stories,today,spread,breaking news,hour,topics,channel,information,platform,lifestyle,wellness,headlines,entertainment,pm,english,follow,leader,facebook,tech,globe,shorts,news,sports,google,youtube,source,news9
twitter,trends,vs,america,pakistan,odi,series,politics,afghanistan,start,match,sharma,social,india,preview,media,instagram,finance,stories,today,afternoon,whitewash,breaking news,topics,career,wednesday,captaincy,channel,information,platform,lifestyle,wellness,rohit,headlines,entertainment,co,english,follow,leader,look,windies,facebook,tech,globe,news,sports,google,youtube,changes,source,news9
polls,twitter,trends,america,pakistan,social,politics,afghanistan,india,media,instagram,finance,stories,today,breaking news,hour,topics,channel,information,platform,lifestyle,wellness,headlines,entertainment,english,follow,leader,facebook,tech,globe,shorts,voting,news,sports,google,phase,youtube,source,news9
twitter,belarus,trends,america,pakistan,social,politics,afghanistan,putin,india,media,instagram,finance,russia,stories,drills,today,conduct,crisis,breaking news,topics,video,channel,information,updates,lifestyle,wellness,platform,ukraine,headlines,entertainment,english,follow,leader,border,facebook,tech,globe,news,sports,google,youtube,source,news9
twitter,statueofequality,trends,america,pakistan,social,politics,afghanistan,india,media,instagram,finance,stories,today,breaking news,topics,video,equality,channel,minister,information,lifestyle,wellness,platform,headlines,defence,entertainment,english,follow,leader,facebook,singh,statue,globe,tech,news,sports,google,rajnath,youtube,source,news9
richard,twitter,regret,trends,social,premier,politics,ms,india,media,instagram,finance,world,stories,shares,bengaluru,today,mega,league,february,kohli,topics,best,auctioneer,channel,information,updates,dhoni,wellness,lifestyle,platform,moments,entertainment,english history,virat,premier cricket,follow,leader,ipl,bid,interview,facebook,tech,globe,insights,news,sports,auctions,youtube,auction,source,madley,news9
twitter,statueofequality,trends,america,pakistan,politics,afghanistan,rashtriya,india,media,instagram,finance,stories,visit,mohan,today,swayamsevak,chief,breaking news,topics,video,equality,bhagwat,channel,information,platform,lifestyle,wellness,sangh,social tech,headlines,entertainment,english,follow,leader,facebook,statue,globe,news,sports,google,youtube,rss,source,news9
twitter,maymana,trends,america,challenge,pakistan,social,enemy,politics,afghanistan,india,media,instagram,finance,stories,today,faryab,breaking news,topics,video,taliban,channel,work,information,lifestyle,wellness,platform,headlines,entertainment,province,english,follow,leader,battlefield,facebook,tech,globe,news,sniper,sports,mohibullah,google,mayor,youtube,source,news9
twitter,hijab,trends,controversy,america,pakistan,start,social,politics,afghanistan,india,media,instagram,finance,stories,today,breaking news,topics,channel,information,platform,religion,wellness,lifestyle,headlines,entertainment,english,follow,leader,facebook,freedom,tech,globe,priyanka,government,news,sports,google,deo,youtube,source,news9
win,twitter,trends,vs,america,pakistan,odi,series,politics,afghanistan,start,match,sharma,social,india,media,lead,krishna,instagram,ind,finance,stories,today,breaking news,topics,career,wednesday,captaincy,channel,information,platform,lifestyle,wellness,rohit,headlines,entertainment,ball,english,follow,leader,west,facebook,tech,globe,review,runs,news,sports,google,indies,youtube,source,news9
kilos,twitter,strikes,storm,america,trends,pakistan,social,service,politics,afghanistan,india,stories,media,instagram,world,finance,spacex,today,earth,breaking news,topics,video,internet,channel,information,platform,lifestyle,wellness,headlines,entertainment,english,follow,leader,satellites,regions,facebook,tech,globe,orbit,news,sports,google,youtube,source,news9
polls,twitter,trends,america,pakistan,social,politics,afghanistan,india,media,instagram,finance,stories,today,breaking news,topics,khali,channel,information,platform,lifestyle,wellness,headlines,entertainment,pm,english,follow,leader,facebook,tech,globe,shorts,voting,news,sports,google,youtube,source,news9
twitter,trends,america,pakistan,social,politics,afghanistan,bail,india,media,instagram,finance,stories,today,uttarpradesh,breaking news,topics,channel,information,platform,lifestyle,wellness,headlines,entertainment,pm,saharanpur,english,follow,leader,lakhimpur,mishra,facebook,tech,globe,shorts,news,sports,google,youtube,source,news9
operation,day,twitter,trends,america,pakistan,social,politics,hr,afghanistan,india,media,babu,drama,instagram,finance,stories,today,kerala,hours,breaking news,topics,channel,rescue,information,lifestyle,wellness,cliff,army,life,headlines,entertainment,platform,english,follow,leader,facebook,tech,globe,cleft,news,sports,google,hill,palakkad,youtube,man,source,personnel,trekker,news9
twitter,trends,america,pakistan,social,politics,afghanistan,possibility,india,media,health,variants,world,instagram,finance,stories,today,breaking news,topics,video,issues,organisation,channel,information,platform,lifestyle,wellness,covid19,agency,headlines,entertainment,english,follow,omicron,leader,facebook,tech,globe,who,news,covid,sports,versions,google,youtube,source,news9
underway,twitter,trends,america,pakistan,social,politics,afghanistan,india,media,instagram,finance,stories,uttar,today,breaking news,topics,pradesh,fauci,channel,information,platform,lifestyle,wellness,headlines,entertainment,pm,english,follow,leader,libya,facebook,tech,globe,shorts,news,sports,covid,google,youtube,source,news9
begins,twitter,am,trends,america,pakistan,social,politics,afghanistan,modi,india,media,instagram,finance,stories,spacex,today,olympics,breaking news,topics,pradesh,channel,information,platform,lifestyle,wellness,ukraine,headlines,entertainment,english,follow,leader,war,facebook,tech,globe,shorts,news,sports,google,youtube,source,news9
protests,rules,anti,twitter,front,parliament,trends,america,pakistan,social,politics,afghanistan,india,media,instagram,finance,stories,new,today,vax,vaccine,mandates,parliamentarians,breaking news,cue,video,topics,canadians,wellington,channel,information,updates,lifestyle,wellness,platform,headlines,entertainment,english,follow,leader,take,facebook,tech,globe,protesters,zealand,news,sports,covid,google,canada,citizens,youtube,source,news9
twitter,trends,america,pakistan,social,politics,afghanistan,india,media,instagram,cryptocurrency,finance,stories,york,new,today,dollar,breaking news,topics,channel,information,platform,lifestyle,wellness,couple,headlines,entertainment,english,follow,leader,bitcoin,facebook,tech,globe,newyork,news,sports,google,funds,youtube,seizure,source,news9
twitter,trends,america,pakistan,social,politics,afghanistan,tata,india,media,instagram,finance,stories,today,breaking news,topics,channel,information,platform,lifestyle,wellness,headlines,entertainment,pm,schools,english,follow,leader,facebook,tech,globe,shorts,news,sports,google,college,youtube,karnataka,source,sec,news9
twitter,trends,america,pakistan,odi,social,politics,afghanistan,india,media,instagram,finance,stories,today,breaking news,topics,channel,information,platform,lifestyle,wellness,headlines,entertainment,english,follow,leader,west,facebook,tech,globe,news,show,sports,google,indies,youtube,source,news9
twitter,belarus,trends,america,pakistan,social,politics,afghanistan,india,stories,media,instagram,finance,talks,afp,tuesday,today,peace,years,courtesy,breaking news,poland,video,topics,russian,moscow,channel,information,platform,lifestyle,wellness,ukraine,headlines,agency,entertainment,president,english,follow,leader,conflict,kyiv,eastern russia,facebook,tech,globe,macron,news,sports,google,keeper,youtube,source,emmanuel,news9
polls,twitter,trends,america,pakistan,social,politics,afghanistan,india,media,manifesto,instagram,finance,stories,today,mining,goa,breaking news,topics,channel,information,platform,lifestyle,wellness,headlines,entertainment,pm,bjp,english,follow,leader,facebook,tech,globe,shorts,news,sports,covid,google,youtube,source,news9
protests,day,twitter,hijab,trends,america,controversy,pakistan,politics,afghanistan,row,india,media,instagram,shape,finance,stories,passing,turn,worse,today,breaking news,topics,video,channel,information,updates,mandya,wellness,lifestyle,social tech,headlines,entertainment,ban,platform,bjp,english,follow,leader,events,facebook,globe,escalation,news,sports,google,youtube,saffron,karnataka,source,news9
twitter,hijab,trends,america,pakistan,social,politics,afghanistan,row,india,media,instagram,finance,stories,today,breaking news,topics,channel,information,platform,lifestyle,wellness,headlines,entertainment,pm,english,follow,leader,facebook,tech,wades,globe,shorts,news,sports,covid,google,youtube,source,news9
win,twitter,trends,america,pakistan,odi,series,politics,afghanistan,social,india,preview,media,instagram,finance,stories,today,breaking news,topics,channel,information,platform,lifestyle,wellness,headlines,entertainment,english,follow,leader,eye,west,facebook,tech,globe,news,sports,google,indies,youtube,source,news9
twitter,trends,america,controversy,pakistan,social,mea,politics,afghanistan,ire,india,media,south,instagram,kashmir,finance,korea,stories,post,today,courtesy,breaking news,topics,video,carmaker,channel,information,updates,lifestyle,wellness,platform,headlines,entertainment,arm,english,follow,leader,image,facebook,issue,tech,globe,government,news,sports,beating,netizens,pizzahut,hyundai,google,youtube,source,news9
twitter,hijab,trends,america,pakistan,social,politics,afghanistan,row,india,media,instagram,finance,russia,stories,today,breaking news,topics,channel,information,platform,lifestyle,wellness,ukraine,headlines,entertainment,pm,english,follow,leader,facebook,tech,globe,shorts,macron,news,sports,covid,google,youtube,karnataka,source,news9
twitter,statueofequality,trends,america,pakistan,social,politics,afghanistan,india,media,instagram,finance,stories,shah,today,amit,breaking news,topics,video,equality,channel,minister,information,lifestyle,wellness,platform,headlines,entertainment,english,follow,leader,facebook,statue,globe,tech,news,sports,google,home,youtube,source,news9
twitter,trends,america,gandhi,pakistan,social,politics,afghanistan,modi,row,india,media,thanks,instagram,finance,stories,today,attack,breaking news,topics,country,congress,sabha,motion,channel,minister,information,lifestyle,wellness,platform,headlines,entertainment,pm,fierce,president,english,follow,address,leader,facebook,tech,globe,days,news,sports,google,youtube,rahulgandhi,source,debate,prime,news9
twitter,trends,america,pakistan,social,premier,politics,afghanistan,names,india,media,instagram,finance,stories,rs,crore,bengaluru,today,february,league,breaking news,topics,set,channel,information,platform,lifestyle,wellness,headlines,entertainment,english,follow,leader,ipl,look,facebook,tech,club,globe,news,sports,auctions,google,youtube,source,news9
return,twitter,trends,america,pakistan,social,politics,afghanistan,match,india,media,instagram,finance,stories,archives,china,today,perception,rafale,delegates,breaking news,courtesy,topics,channel,minister,information,lifestyle,wellness,platform,headlines,pak,entertainment,english,follow,bharati,block,doordarshan,khan,imran,leader,facebook,tech,globe,news,sports,google,iii,s400,youtube,national,source,prime,news9
twitter,trends,america,pakistan,social,premier,politics,afghanistan,likes,india,media,instagram,finance,stories,today,league,list,breaking news,topics,captaincy,channel,information,platform,lifestyle,sides,wellness,headlines,entertainment,contenders,players,english,follow,leader,ipl,look,facebook,tech,globe,news,sports,auctions,google,youtube,source,auction,news9
turf,side,return,twitter,lampard,points,america,trends,pakistan,social,anfield,politics,afghanistan,premier,match,relegation,january,india,media,instagram,finance,stories,mikel,weekend,moor,today,team,years,league,arteta,breaking news,wolves,topics,arsenal,channel,information,platform,lifestyle,wellness,headlines,rut,entertainment,london,english,follow,leader,block,foxes,frank,facebook,liverpool,newcastle united,system,manchester,globe,tech,burnley,news,sports,google,battle,youtube,source,news9
twitter,trends,america,social,politics,glaciers,india,media,instagram,finance,stories,music,action,today,impact,earth,consequence,courtesy,breaking news,topics,channel,information,platform,lifestyle,wellness,songtradr,headlines,entertainment,environment,english,follow,leader,facebook,tech,globe,news,sports,google,youtube,changes,man,source,news9
twitter,trends,america,pakistan,social,politics,afghanistan,putin,india,stories,media,instagram,russia,finance,stream,today,nato,promise,breaking news,topics,firm,channel,information,invades,staunch,wellness,lifestyle,ukraine,headlines,entertainment,platform,english,follow,leader,facebook,tech,globe,news,sports,google,youtube,stance,allies,source,news9
twitter,trends,america,pakistan,social,mansukh,politics,afghanistan,india,media,instagram,finance,stories,today,vaccine,breaking news,topics,issues,channel,information,pujara,lifestyle,wellness,platform,headlines,entertainment,pm,english,follow,leader,facebook,tech,globe,shorts,news,sports,google,youtube,karnataka,source,news9
twitter,engage,adityanath,trends,america,pakistan,social,politics,afghanistan,modi,india,media,instagram,finance,stories,migrants,uttar,today,kejriwal,night,chief,breaking news,exchange,pradesh,topics,yogi,channel,minister,information,lifestyle,wellness,platform,headlines,entertainment,english,follow,leader,war,facebook,claim,tech,globe,rebuttal,news,arvind,sports,google,youtube,narendra,source,prime,news9
twitter,trends,america,pakistan,social,politics,afghanistan,modi,india,media,instagram,corners,finance,stories,today,breaking news,topics,congress,sabha,channel,information,platform,lifestyle,wellness,headlines,entertainment,pm,english,follow,leader,facebook,adani,globe,tech,shorts,news,sports,google,youtube,source,news9
twitter,trends,america,pakistan,social,politics,afghanistan,hinduphobic,india,media,instagram,finance,stories,dalit,suraj,today,breaking news,topics,channel,information,platform,lifestyle,wellness,headlines,entertainment,english,follow,leader,content,facebook,tech,globe,priyanka,news,hinduphobia,sports,harvard,google,nothing,youtube,source,news9
spinners,twitter,production,diwali,trends,america,pakistan,social,politics,afghanistan,eid,decade,kabhi,india,media,instagram,finance,stories,today,office,date,details,money,salman,breaking news,topics,video,sajid,release,box,channel,information,platform,lifestyle,wellness,headlines,books,entertainment,english,follow,leader,khan,connection,facebook,tech,globe,news,sports,actor,google,shooting,youtube,source,cast,movies,news9
twitter,trends,america,pakistan,social,politics,afghanistan,india,media,instagram,finance,stories,today,uttarpradesh,breaking news,topics,punjab,channel,information,lifestyle,wellness,platform,headlines,entertainment,pm,rally,english,follow,leader,facebook,tech,globe,shorts,news,sports,google,youtube,karnataka,source,news9
