sansad,samachar,history,ministers,mahajan,years,subah,sabha,sitaraman,chaurasia,hashtags,day,tv,modi,amit,karnataka,koo,nirmala,team,conference,bharat,loksabha,lok,anchor,follow,coal,health,birla,sharma,om,fb,ngo,twitter,hello,insta,shah,court,khabar,india,sumitra,news,parliament,narendra,amrita,producer
ias,sansad,history,sabha,singh,tv,election,constituency,koo,lok,follow,fb,upper,house,twitter,insta,april,first,india,narendra,parliament,producer,today
brahmos,sansad,samachar,history,subah,mahajan,years,sabha,kashmir,kashmiri,srilanka,hashtags,day,tv,modi,sukhoi,taj,covid,koo,team,mahal,bharat,loksabha,pandit,lok,mosque,follow,coal,jammu,health,morning,birla,om,fb,ngo,twitter,hello,khan,insta,monsoon,court,mansukh,khabar,india,sumitra,news,parliament,narendra,producer
ias,distinction,sansad,redundant,armament,cantonments,act,tv,partab singh,koo,obsolete,emergency law,land,laws,cotton,follow,concern,mahendra,fb,twitter,insta,repeal,parliament,alienation
ias,distinction,sansad,redundant,armament,cantonments,act,tv,partab singh,koo,obsolete,emergency law,land,laws,cotton,follow,concern,mahendra,fb,twitter,insta,repeal,parliament,alienation
ias,sansad,geetanjali,makers,breaker,tv,gandhi,minister,koo,tryst,woman,constitution,anthem,movement,pm,path,speech,chief,follow,women,nehru,freedom,constituent,fb,mahatma,august,twitter,insta,fighter,students,drafter,part,assembly minister,raghav,producer
bhava,ias,sansad,saturday,singh,preeti,tv,eyes,koo,doctor,live,care,anchor,follow,date,fb,twitter,insta,may
ias,debate,sansad,insta,follow,koo,twitter,fb,tv
sansad,isro,capabilities,yadav,shipyard,tanvi,tv,drdo,command,jeet,defence,gandhi,warfare,building,air,airforce,cds,fb,saurabh,new,operations,anshuman,producer,age,patel,tasks,guest,chaudhary,raza,graphics,establishment,defenders,geopolitics,twitter,faisal,researcher,youtube,challenges,production,bedi,vk,joshi,guests,technology,range,army,vfx,logistics,follow,marshal,insta,chopra,theatre,panel,integration,ias,brahmos,sector,hem,online,raj,isha,editor,missile,koo,navy,facebook,media defence,conflict,bhatia,maroof,crew,expert,management,sfx,episode,anil,shah,kumar,force
ias,seven,topic,sansad,sabha,big media,yadav,singh,ahmad,pardeep,rights,hukmdev,preeti,tv,guests,politics,government,tulsi,kts,member,koo,constitution,congress,former,important,bhawan,democracy,journey,lok,mp,anchor,follow,women,tyagi,breaking,preparation,fb,exams,twitter,kc,insta,competitive,narayan,india,news,parliament,decades,kumar,producer
modi,insta,sansad,madhya,lok sabha,follow,koo,address,fb,startup,twitter,narendra,birla,om,conclave,pm,tv
ias,living,sansad,samachar,hour,bulletin,affairs,saturday,producers,sabha,watch,pandey,headlines,monday,affair,aaj,day,online,culture,tv,abbas,world,elections,vivek,koo,jha,anand,pm,policy,anchor,follow,room,ki,economy,stories,hindi,fb,events,syed,story,atul,twitter,insta,deeksha,assistant,khabar,entertainment,science,news,parliament,kumar,pure,producer,today
sansad,areas,perspective,water,domes,uts,drinking,culture,tv,heat,terms,jha,heatwaves,europe,plants,heat waves,data,country,teri,anchor,cuts,mathew,weather,roxy,fb,scientist,medicines,india,levels,news,mohapatra,ocean,availability,producer,facility,imd,quantities,bhushan,weeks,government,climate change,states,records,meteorological,preparedness,houses,health,director,week,twitter,celsius,northwest,conditions,general,letter,washington,degrees,waves,cities,guests,wildlife,technology,dhawan,centre,nature canada,union,renee,department,follow,parts,insta,heatwave,april,vibha,rajesh,record,today,ias,watch,power,dr,jet,ahmad,day,mercury,koo,stream,appliances,warming,koll,animals,change,temperatures,fact,matters,teena,research,climate,wave,failure,secretary,people,environment
ias,rajiv,living,sansad,current,hour,bulletin,affairs,srivastava,saturday,sabha,producers,watch,headlines,monday,yadav,simple,singh,mishra,affair,day,world,online,tv,kriti,culture,vishal,shiva,raj,amit,elections,koo,jha,pm,loksabha,policy,anchor,follow,room,economy,reporters,copy,stories,fb,teena,events,story,twitter,insta,editors,assistant,khabar,entertainment,dahiya,science,news,parliament,kumar,pure,producer,today
ias,sansad,power,dr,years,type,digital,kurbalija,world,diplomacy,tv,modi,tanvi,technology,leaders,global,koo,swarup,covid19,mea,cyber,former,g20,public,countries,orf,executive producer,security,policy,community south,suri,author,anchor,diplomatic,follow,international,director,vikas,navdeep,media,sharma,fb,make,defense,twitter,fellow,insta,prominence,jovan,dispatch,india,science,narendra,plays,diplomat,rise,distinguished,age
ias,distinction,sansad,redundant,armament,cantonments,act,tv,partab singh,koo,obsolete,emergency law,land,laws,cotton,follow,concern,mahendra,fb,twitter,insta,repeal,parliament,alienation
ias,dam,sansad,hour,seat,question,singh,river,raipuria,madhyapradesh,tv,jivan,mona,koo,parvati,self,maa,jal,ujjain,pawan,mp,anchor,follow,parliamentary,rajgarh,women,madhav,dham,narsinghgarh,sarangpur,model,dependent,discussion,sharma,laxman,fb,oath,twitter,smart,susner,college,insta,madhya,narayan,kheti,mission,kumar,khilchipur,organic,pradesh,producer,nagar
ias,sansad,hero,music,singh,ahmad,makers,culture,tv,worker,delhi,sikkim,awards,jha,koo,guru,nayak,anchor,change,follow,ke,padam,fb,twitter,ghimire,gulfam,insta,yog,india,men,producer,unsung
ias,debate,sansad,insta,follow,koo,twitter,fb,tv
brahmos,samachar,history,subah,sabha,kashmir,kashmiri,srilanka,chaurasia,hashtags,tv,modi,sukhoi,taj,covid,fire,koo,team,mahal,bharat,loksabha,mundka,pandit,lok,mosque,anchor,follow,coal,jammu,health,sharma,fb,ngo,twitter,hello,khan,insta,monsoon,producer,court,khabar,india,news,narendra,parliament,amrita,cannes
ias,sansad,samachar,hour,bulletin,history,sabha,headlines,hashtags,affair,aaj,online,tv,koo,team,loksabha,follow,ki,morning,stories,hindi,fb,story,twitter,hello,insta,khabar,india,news,parliament,producer,today
ias,insta,sansad,history,follow,koo,singh,twitter,narendra,fb,producer,today,tv
distinction,kaushal,singh,armament,cantonments,act,khandelwal,mahavir,editor,koo,tripathi,emergency law,land,laws,karan,cotton,yogendra,anchor,follow,concern,mahendra,fb,sunita singh,twitter,insta,repeal,producer,shalini,assistant,cameraman,ratul,parliament,alienation
ias,sansad,chaurasia,tv,modi,koo,team,film,anchor,cannes festival,follow,sharma,fb,twitter,hello,insta,madhavan,india,narendra,news,amrita,producer
bhava,vitamin,scratchy,history,colorblindness,pain,redness,singh,preeti,eye,sensitivity,eyestrain,floaters,sound,cataracts,watery,eyes,koo,nearsightedness,vessels,loss,anchor,panelist,follow,vision,blindness,blood,surface,doctors,light night,fb,allergies,protection,twitter,halo,insta,headache,blind,spots,effect,flashes
ias,home,folk,sansad,fusion,sabha,singh,reddy,ministry,culture,tv,lekhi,amit,defence,editor,member,minister,koo,team,tribal,states,azadi,deepti,ka,tradition,lok,anchor,follow,kishan singh,video,fb,shekhawat,twitter,insta,amrit,dubey,shah,akam,plb,promo,meenakshi,praveen,india,narendra,parliament,kumar,producer,dance
ias,art,vibrant,sansad,kashmir,telangana,mother,shiv,shivaji,tv,heat,tamilnadu,delhi,tweets,srinagar,santoor,zakir,koo,goa,chennai,bharat,malayalam,museum,year,kerala,follow,pt,musk,moca,sharma,church,fb,culture express,festivals,twitter,insta,thrissur,summer,promo,school,shahana,elon,kumar,hussain
ias,sansad,samachar,hour,bulletin,vice,sabha,headlines,affair,graduation,aaj,ceremony,online,tv,koo,naarm,address,follow,ki,president,stories,hindi,fb,story,twitter,insta,hyderabad,khabar,news,parliament,icar,today
ias,insta,sansad,report,weapon,follow,koo,promo,twitter,fb,systems,tv
ias,article,sansad,challenges,principal community,gen,kashmir,mehbooba,kashmiri,valley,ahmad,singh,pardeep,murder,tv,guests,khajuria,defence,makhan,journalist,koo,army,eidgah,terrorists,innocent,former,revive,pakistan,senior,ata,pandit,anchor,attack,sr,follow,vaid,jammu,mufti,terrorism,verma,budgam,lal,manoj,fb,syed,identity,hasnain,twitter,rahul,expert,insta,pandits,minority,statement,lt,teacher,school,files,people,news,kumar,bhatt,aarti,producer,area,badgam
ias,living,sansad,samachar,hour,bulletin,affairs,saturday,producers,sabha,watch,pandey,headlines,monday,affair,aaj,day,online,culture,tv,abbas,world,elections,vivek,koo,jha,anand,pm,policy,anchor,follow,room,ki,economy,stories,hindi,fb,events,syed,story,atul,twitter,insta,deeksha,assistant,khabar,entertainment,science,news,parliament,kumar,pure,producer,today
sansad,size,perspective,therapies,advisor,ministry,bid,vishal,tv,modi,heal,card,country,anchor,prog,opportunities,fb,homoeopathy,treatment,dahiya,india,producer,yoga,government,goi,ayurveda,countries,dollars,prime,boost,director,health,manoj,twitter,unani,mark,industry,medical,challenges,us,national,naturopathy,guests,category,centres,programme,nesari,all,siddha,year,follow,ayurved,vishwa,authenticity,aim,tourism,insta,april,secretory,tanuja,today,ias,dr,sector,ahmad,world,medicine,koo,minister,numbers,market,fy,institute,pa,agrawal,different world,visa,asia,nitin,episode,people,products
ias,rice,sansad,of,singh,harayana,youth,hisar,surender,ministry,tv,modi,vegetables,farmer,education,koo,irrigation,law,land,chaudhary,agriculture,pm,jobs,debate,urea,anchor,fertilizer,follow,university,collages,farm,fb,research,shekhawat,entrepreneur,twitter,insta,farming,wheat,enterprises,compost,charan,india,parliament,kumar,drip,producer
ias,rajiv,living,sansad,current,hour,bulletin,affairs,srivastava,saturday,sabha,producers,watch,headlines,monday,yadav,simple,singh,mishra,affair,day,world,online,tv,kriti,culture,vishal,shiva,raj,amit,elections,koo,jha,pm,loksabha,policy,anchor,follow,room,economy,reporters,copy,stories,fb,teena,events,story,twitter,insta,editors,assistant,khabar,entertainment,dahiya,science,news,parliament,kumar,pure,producer,today
ias,sansad,biswajit,tv,association,speaker,koo,longkumer,conference,speaks,assembly,follow,iii,parliamentary,fb,twitter,insta,zone,india,legislative,issues,commonwealth,assam,region
ias,sansad,tv,association,speaker,koo,conference,assembly,follow,iii,parliamentary,mizoram,fb,twitter,insta,zone,india,issues,legislative,commonwealth,region
sansad,isro,capabilities,yadav,shipyard,tanvi,tv,drdo,command,jeet,defence,gandhi,warfare,building,air,airforce,cds,fb,saurabh,new,operations,anshuman,producer,age,patel,tasks,guest,chaudhary,raza,graphics,establishment,defenders,geopolitics,twitter,faisal,researcher,youtube,challenges,production,bedi,vk,joshi,guests,technology,range,army,vfx,logistics,follow,marshal,insta,chopra,theatre,panel,integration,ias,brahmos,sector,hem,online,raj,isha,editor,missile,koo,navy,facebook,media defence,conflict,bhatia,maroof,crew,expert,management,sfx,episode,anil,shah,kumar,force
ias,sansad,tv,association,speaker,koo,longkumer,conference,speaks,assembly,follow,iii,parliamentary,fb,twitter,insta,zone,india,nagaland,legislative,issues,commonwealth,region
ias,sansad,harivansh,man,sabha,mishra,singh,ahmad,tv,arunachal,kriti,association,speaker,camera,koo,ji,lok,anchor,follow,parliamentary,birla,deputy,om,fb,upper,edition,house,twitter,chairman,insta,negi,deputy chairman,narayan,india,legislative,jitendra,assembly minister,parliament,commonwealth,interview,pradesh,producer
ias,art,vibrant,sansad,kashmir,telangana,mother,shiv,shivaji,tv,heat,tamilnadu,delhi,tweets,srinagar,santoor,zakir,koo,goa,chennai,bharat,malayalam,museum,year,kerala,follow,pt,musk,moca,sharma,church,fb,culture express,festivals,twitter,insta,thrissur,summer,promo,school,shahana,elon,kumar,hussain
acute,topic,symptoms,medical,of,sanjay,dr,kaushal,singh,max,facts,preeti,head,key,rk,guest,gandhi,hepatology,koo,jha,hashtag,about,vaccination,host,follow,for,hepatitis,health,director,week,pgi,clinical,and,fb,lucknow,saket,twitter,infections,insta,episode,madan,show,india,principal,topics,forms,information,hospital,producer
ias,insta,sansad,follow,sabha,koo,twitter,part,celebration,fb,day,tv
ias,insta,sansad,follow,sabha,koo,twitter,part,celebration,fb,day,tv
ias,venkaiah,sansad,vice,al,sheikh,khalifa,zayed,nahyan,tv,koo,late,vp,follow,president,abu,uae,naidu,fb,twitter,bin,insta,may
ias,sansad,harivansh,venue,eastern,sabha,pankaj,mishra,cpa,reforms,role,north,arunachal,tv,modi,businesses,tandon,association,representatives,kriti,speaker,camera,koo,conference,democracy,east,legislators,lok,anchor,report,follow,parliamentary,iii,deliberations,birla,deputy,om,discussion,fb,lalji,twitter,chairman,insta,zone,producer,negi,rs,governor,india,narendra,jitendra,commonwealth,kiren,institutions,pradesh,region,times
ias,brahmos,sansad,odisha,isro,sabha,singh,combustion,china,system,mach,trump,tv,test,modi,icbm,drdo,defence,missile,technology,fire,xi,minister,space,speed race,koo,shield,cost,cruise,pakistan,transporter,japan,prime,vehicle,war,report,follow,rajnath,subsonic,agni,hypersonic,stealth,fb,twitter,insta,velocity,scramjet,putin,science,launch,parliament,ii,un,narendra,russia,india,arms,usa
vibrant,sanghmitra,kashmir,pankaj,telangana,singh,toursim,chaurasia,burnwal,editing,shiv,shivaji,culture,prakaram,heat,tamilnadu,delhi,mahavir,srinagar,santoor,zakir,camera,koo,express,team,goa,chennai,bharat,malayalam,vfx,festival,deepti,year,anchor,kerala,report,pt,sood,department,follow,thanks,moca,sharma,church,fb,twitter,tourism,insta,amrit,thrissur,dubey,producer,episode,summer,anil,field,special,school,shahana,india,kumar,rajesh,hussain,amrita,javed
ias,sansad,samachar,hour,bulletin,history,sabha,headlines,affair,aaj,online,tv,koo,team,loksabha,follow,ki,morning,stories,hindi,fb,story,twitter,hello,insta,khabar,india,news,parliament,producer,today
ias,sansad,leader,history,gangtok,singh,voter,nations,merger,language,tv,sikkim,koo,speech,united,follow,hindi,fb,favor,plebiscite,twitter,capital,namgyal,insta,producer,may,chogyal,india,narendra,state,monarchy,today
ias,sansad,samachar,hour,bulletin,history,sabha,headlines,chaurasia,affair,hashtags,aaj,online,tv,koo,team,loksabha,anchor,follow,ki,stories,sharma,hindi,fb,story,twitter,hello,insta,khabar,india,news,parliament,amrita,producer,today
ias,sansad,samachar,hour,bulletin,sabha,headlines,singh,pardeep,affair,aaj,preeti,online,tv,raj,koo,anchor,follow,ki,stories,hindi,fb,story,twitter,insta,episode,khabar,news,parliament,kumar,questions,producer,today
ias,sansad,visit,lumbini,offer,modi,tv,nepalese,temple,minister,koo,deuba,pm,prime,follow,fb,twitter,narendra modi,insta,nepal,sher,prayers
ias,sansad,visit,buddhist,lumbini,ceremony,culture,tv,modi,temple,minister,koo,deuba,centre,pm,laying,prime,foundation,follow,international,stone,heritage,fb,twitter,narendra modi,insta,relation,nepal,india,sher
ias,insta,mp,madhya,sansad,follow,rajgarh,tv,koo,twitter,fb,pradesh,nagar
ias,sansad,samachar,hour,bulletin,buddha,sabha,headlines,lumbini,affair,aaj,online,tv,modi,koo,occasion,address,pm,follow,ki,stories,hindi,fb,story,twitter,insta,khabar,news,parliament,purnima,today
ias,startups,insta,sansad,follow,koo,tv,park,twitter,fb,journey
ias,sansad,coordinator,today,pardeep,abhay,national,tv,guests,gandhi,huddle,journalist,shivi,koo,congress,iyer,senior,anchor,follow,update,phukan,media,verma,manoj,shekhar,fb,twitter,rahul,sonia,insta,meeting,dubey,news,kumar,sandeep,udaipur,producer,meet
ias,sansad,samachar,hour,bulletin,sabha,headlines,affair,aaj,online,tv,modi,koo,pm,celebrations,follow,jayanti,ki,stories,hindi,fb,story,twitter,insta,khabar,news,parliament,today
ias,sansad,samachar,hour,bulletin,sabha,headlines,affair,aaj,online,tv,modi,koo,stupa,pm,kushinagar,follow,ki,stories,hindi,fb,story,twitter,insta,uttar,khabar,news,parliament,pradesh,today,prayers
ias,home,folk,sansad,kashmir,singh,yoga,reddy,ministry,culture,lekhi,tv,rashtriya,sanskriti,amit,defence,editor,member,minister,koo,team,kranti,tribal,aastha,states,azadi,kani,festival,andolan,deepti,ka,tradition,anchor,follow,belarus,video,fb,shekhawat,twitter,insta,samanta,amrit,dubey,diwan,episode,gadar,shah,akam,kishan,phule,meenakshi,praveen,india,jyotiba,kumar,producer,dance
ias,living,sansad,samachar,hour,bulletin,affairs,saturday,producers,sabha,watch,pandey,headlines,monday,affair,aaj,day,online,culture,tv,abbas,world,elections,vivek,koo,jha,anand,pm,policy,anchor,follow,room,ki,economy,stories,hindi,fb,events,syed,story,atul,twitter,insta,deeksha,assistant,khabar,entertainment,science,news,parliament,kumar,pure,producer,today
sansad,counterpart,history,mechanisms,lumbini,china,vishal,culture,tv,modi,foreign,political,former,deuba,pm,chaulia,sreeram,anchor,sr,ranjit,bengal,lal,fb,kinship,contacts,dahiya,india,sher,border,share,pradesh,producer,journalist,relations,states,countries,west,tradition,prime,ties,km,twitter,nepal,sectors,meetings,years,uttarakhand,nations,analyst,guests,sikkim,rae,level,year,follow,friendship,insta,uttar,april,bahadur,narendra,today,ias,affairs,visit,dr,monday,pardeep,koo,minister,movement,border news,exchanges,relationship,cooperation,expert,momentum,map,episode,neighbors,kathmandu,people,bihar,ambassador,kumar,nepali,shares
ias,rajiv,living,sansad,current,hour,bulletin,affairs,srivastava,saturday,sabha,producers,watch,headlines,monday,yadav,simple,mishra,affair,day,world,online,tv,kriti,culture,nayar,shiva,vishal,amit,raj,bhawna,elections,koo,jha,pm,loksabha,policy,anchor,follow,room,economy,reporters,copy,stories,fb,teena,events,story,twitter,insta,editors,assistant,khabar,entertainment,dahiya,science,news,parliament,kumar,pure,producer,today
conservation,ias,living,sansad,gurjit,marine,dr,years,mishra,singh,antarctica,namrata,ministry,tv,kriti,guests,education,government,koo,former,law,pact,land,earth,vir,senior,teri,policy,knowledge,treaty,anchor,follow,director,resources,activities,sharma,fb,bills,session,spotlight,bill,twitter,tourism,insta,government act,monsoon,secretary,producer,framework,sciences,india,jitendra,parliament,commission,environment,ambassador,rajeevan,insight
ias,sansad,society,history,smallpox,page,edward jenner,ruler,singh,mughal,invention,tv,koo,afghan,suri,war,immunology,humayun,follow,vaccines,fb,twitter,insta,kannauj,shah,defeat,royal,india,berkeley,narendra,sher,england,producer,today,chausa
ias,sansad,samachar,hour,bulletin,history,sabha,headlines,affair,aaj,online,tv,koo,team,loksabha,follow,ki,morning,stories,hindi,fb,story,twitter,hello,insta,khabar,india,news,parliament,producer,today
ias,sansad,samachar,bulletin,history,ministers,subah,sabha,aaj,day,world,tv,amit,team,conference,film,bharat,festival,loksabha,lok,anchor,ki,coal,stories,telecommunication,hindi,hello,narendra modi,producer,shah,court,shalini,information society,khabar,india,news,parliament,cannes,today
ias,insta,sansad,history,follow,koo,information society,cannes,twitter,parliament,telecommunication,fb,day,world,loksabha,tv
ias,institutes,crore,sansad,bed,hour,bulletin,madras,algorithms,electronics,sabha,society,ecosystem,excellence,iisc,iit,bombay,tv,test,modi,delhi,telecom,technology,technologies,koo,minister,occasion,collaborative,cost,centre,live,pm,jubilee,prime,celebrations,institute,follow,sameer,video,regulatory technology,multi,bangalore,kanpur,hindi,stamp,fb,microwave,research,regulatory,twitter,startups,insta,applied engineering,hyderabad,total,industry,cewit,rs,products,may,generation,solutions,authority,india,news,parliament,narendra,project,wireless,testbed,trai,today,silver
ias,institutes,crore,sansad,bed,algorithms,bulletin,madras,society,electronics,ecosystem,headlines,excellence,iisc,iit,bombay,tv,modi,test,delhi,telecom,technology,technologies,koo,minister,occasion,collaborative,address,cost,centre,live,pm,jubilee,prime,celebrations,institute,follow,sameer,video,regulatory technology,multi,bangalore,kanpur,hindi,stamp,fb,microwave,research,regulatory,twitter,startups,insta,applied engineering,hyderabad,total,industry,cewit,rs,products,may,generation,solutions,authority,today online,india,news,parliament,narendra,project,wireless,testbed,trai,silver
ias,insta,mp,madhya,sansad,follow,rajgarh,tv,koo,twitter,fb,pradesh,nagar
bhava,ias,insta,sansad,anchor,follow,koo,singh,fb,twitter,gmail,preeti,phono,tv
ias,insta,sansad,follow,koo,twitter,fb,tv
ias,sansad,history,power,jayant,arora,vaccine,singh,pardeep,aspects,rights,surender,coronavirus,organisation,property,preeti,world,tv,dasgupta,politics,koo,intellectual centre,wto,pallavi,covid19,tisa,former,access,mukesh,chamber,issue,anchor,organization,follow,vision,del,gupta,video,health,mohan,south,trips,consultant,president,sharma,trade,fb,inequality,twitter,medicines,insta,representation,news director,tpp,assistant,equity,india,kumar,ambassador,related,producer,studies
ias,living,sansad,samachar,hour,bulletin,affairs,saturday,producers,sabha,watch,pandey,headlines,monday,affair,aaj,day,online,culture,tv,abbas,world,elections,vivek,koo,jha,anand,pm,policy,anchor,follow,room,ki,economy,stories,hindi,fb,events,syed,story,atul,twitter,insta,deeksha,assistant,khabar,entertainment,science,news,parliament,kumar,pure,producer,today
sansad,perspective,bse,allotment,ministry,tv,jha,cent,former,tuesday,anchor,president,response,fb,saurabh,account,kaise,rs,india,news,exit,period,share,stock exchanges,producer,crore,valuation,offering,exchange,vijay,basics,investors,bhushan,association,government,term,hai,members,debut,listing,ipo,review,director,stock,twitter,chairman,marathon,industry,experts,blockbuster,conditions,subscription,aggarwal,subhash,times group,price,lic,surender,aaj,national,discount,managing,commerce,policy,follow,chandra,sharma,insta,beginners,scrip,dipp,giant,insight,today,past,ias,sector,pardeep,kal,day,insurance,look,koo,market,kya,issue,date,teena,hold,secretary,may,target,assistant,launch,ipos,kumar,shares
ias,rajiv,living,sansad,current,hour,bulletin,affairs,srivastava,saturday,sabha,producers,watch,headlines,monday,yadav,simple,mishra,affair,day,world,online,tv,kriti,culture,nayar,shiva,vishal,amit,raj,bhawna,elections,koo,jha,pm,loksabha,policy,anchor,follow,room,economy,reporters,copy,stories,fb,teena,events,story,twitter,insta,editors,assistant,khabar,entertainment,dahiya,science,news,parliament,kumar,pure,producer,today
ias,sansad,series,music,ecosystem,mishra,behalf,car,courtesy,day,non,office,tv,kriti,challans,amit,editor,stop,technology,minutes,insurance,koo,space,process,camera,park,party,journey,anchor,follow,alumnus,video,paytm,startup,slots,owners,problem,fb,iim,twitter,founder,startups,insta,management,company,employees,negi,ahmedabad,ali,jitendra,producer
sansad,history,page,singh,tv,test,koo,shahu,chhatrapati,barc,follow,fb,twitter,sambhaji,insta,peshwa,bhosale,may,india,narendra,producer,today,shahuji maharaj
ias,hello,insta,sansad,history,follow,koo,team,morning,twitter,india,news,parliament,fb,producer,loksabha,tv
ias,art,sansad,mishra,north,tv,koo,northeast,land,azadi,beautiful,baat,follow,loom,fb,keywords,mann,narendra modi,neelam,insta,twitter,handloom,governor,sun
ias,insta,sansad,museum,follow,koo,twitter,fb,day,tv
ias,civil,sansad,vendor,struggle,tv,indore,koo,daughter,follow,seller,fb,story,twitter,services,narendra modi,insta,ips,india,pradesh,judge
ias,sansad,history,tv,koo,team,cannes,loksabha,anchor,follow,telecommunication,fb,twitter,hello,insta,shalini,india,parliament,producer
ias,insta,sansad,cabinet,follow,koo,twitter,fb,tv
ias,sansad,pandey,sector,airline,tv,editor,camera,koo,vfx,nilesh,mro,anchor,report,follow,drone,kishan singh,video,graphics,fb,pilot,kohli,shams,teaser,twitter,insta,deeksha,sfx,prashant,industry,career,aviation,kheti,use,producer
ias,insta,mp,sansad,follow,rajgarh,tv,koo,twitter,fb,nagar
ias,affairs,sansad,suraj,govt,sanjay,sabha,urban,ministry,tv,jaleel,member,koo,jha,pm,committee,lok,anchor,mp,report,standing,follow,director,mohan,fb,syed,twitter,insta,secretary,india,kumar,project,housing,producer
ias,ekam,sansad,education,traditions,insta,follow,koo,unity,promo,twitter,orthodox,diversity,fb,vedas,tv
ias,insta,sansad,follow,koo,promo,ke,nayak,twitter,fb,tv
ias,venkaiah,sansad,buddha,vice,sabha,lady,roundup,dreams,tv,modi,delhi,speaker,minister,koo,constitution,democracy,delivery,committee,prime,lok,follow,kit,president,naidu,birla,om,fb,twitter,distribution,insta,episode,event,nepal,india,news,parliament,purnima,narendra,producer,meet
ias,living,sansad,samachar,hour,bulletin,affairs,saturday,producers,sabha,watch,pandey,headlines,monday,affair,aaj,day,online,culture,tv,abbas,world,elections,vivek,koo,jha,anand,pm,policy,anchor,follow,room,ki,economy,stories,hindi,fb,events,syed,story,atul,twitter,insta,deeksha,assistant,khabar,entertainment,science,news,parliament,kumar,pure,producer,today
ias,export,sansad,bans,dr singh,economist,pardeep,price,surender,preeti,longform,journalism,famine,tv,johnson,world,professor,politics,hussain,vladimir,koo,wto,programme,managing,former,ukraine,centre,siraj,corporation,videos,economics,anchor,ashok sharma,war,tonight,follow,joshua,director,associate,films,fb,threats,twitter,chairman,insta,wheat,documentaries,assistant,putin,hunger,news,russia,kumar,crisis,sachin,food,india,producer
ias,rajiv,living,sansad,current,hour,bulletin,affairs,srivastava,saturday,sabha,producers,watch,headlines,monday,yadav,simple,mishra,affair,day,world,online,tv,kriti,culture,nayar,shiva,vishal,amit,raj,bhawna,elections,koo,jha,pm,loksabha,policy,anchor,follow,room,economy,reporters,copy,stories,fb,teena,events,story,twitter,insta,editors,assistant,khabar,entertainment,dahiya,science,news,parliament,kumar,pure,producer,today
sansad,step,end,harmful,reliance,phone,tv,modi,computer,delhi,technologies,terms,collaborative,jha,huzur,tuesday,telecommunications,pm,networks,anchor,phd,vs,fb,rs,india,science,commission,forth,producer,communications,crore,institutes,development,future,facility,tests,digital,iit,test,prime,multi,twitter,chairman,experts,decade,aggarwal,accelerator,engineering,tiwari,aspects,surender,coronavirus,professor,network,technology,speed race,programme,speed,chamber,department,follow,economy,kind,sharma,works,how,insta,show,narendra,sandeep,today,ias,madras,pardeep,sprint,transition,telecom,member,koo,minister,transformation,solution,rollout,committee,institute,change,companies,connectivity,teena,direction,saran,assistant,internet,launch,kumar,project,cost,testbed
ias,sansad,history,nana saheb,page,meerut,singh,post,maratha,revolution,struggle,tv,maharashtra,koo,empire,son,follow,freedom,fb,twitter,insta,bajirao,may,peshwa,india,narendra,ii,producer,today
ias,art,sansad,samachar,bulletin,history,subah,sabha,headlines,aaj,online,tv,amit,koo,team,film,bharat,festival,loksabha,lok,anchor,follow,ki,coal,stories,hindi,fb,twitter,hello,sand,narendra modi,insta,producer,shah,court,tata,shalini,khabar,india,news,parliament,cannes,today
ias,sansad,samachar,bulletin,subah,headlines,kashmir,srilanka,kashmiri,online,tv,covid,fire,koo,team,mundka,pandit,mosque,kerala,follow,coal,jammu,morning,stories,hindi,fb,ngo,twitter,hello,insta,monsoon,producer,court,floods,khabar,india,news,parliament,assam,cannes,today
ias,affairs,sansad,samachar,hour,bulletin,suraj,sanjay,govt,sabha,headlines,urban,affair,aaj,ministry,online,tv,jaleel,guest,member,koo,jha,pm,committee,lok,anchor,mp,report,standing,follow,ki,director,mohan,stories,hindi,fb,syed,story,twitter,insta,secretary,khabar,india,news,parliament,kumar,project,housing,producer,today
ias,sansad,bulletin,vadodara,gen,sabha,headlines,youth,affair,aaj,tv,modi,minister,koo,address,live,karelibaug,pm,prime,follow,ki,video,stories,hindi,fb,story,twitter,insta,may,khabar,young,news,parliament,yuva,narendra,today
ias,venkaiah,sansad,vice,service,tv,defence,koo,address,tamil,nadu,vp,follow,president,naidu,staff,fb,welington,twitter,college,insta,may,ooty
ias,insta,mp,madhya,sansad,follow,rajgarh,tv,koo,twitter,fb,pradesh,nagar
ias,general,topic,sansad,water,usha,challenges,disaster,dr,singh,nations,forum,preeti,bhushan,north,tv,professor,guests,volcano,canada,heat,paris,forests,fire,technology,minister,koo,pradeep,programme,temperature,council,environment,states,surendra,level,warming,sustainability,policy,anchor,meteorological,agreement,department,follow,ceo,chandra,director,international,president,associate,sharma,preparation,fb,environmental,exams,wave,mohanty,twitter,narendra modi,rain,cyclones,insta,monsoon,mina,assistant,school,sciences,india,mohapatra,lead,un,solutions,energy,producer,sea
ias,export,sansad,petrol,biofuels,natural,production,thanol,petroleum,ministry,tv,modi,guest,government,koo,joint,market,decisions,states,public,bharat,sunil,pm,finance,policy,prime,anchor,department,follow,week,enterprise,sharma,oil,make,fb,industry minister,gas,twitter,sandhya,insta,cabinet,secretary,episode,sugar,biofuel,india,kumar,parliament,this,producer
ias,affairs,sansad,sabha,natural,singh,urban,petroleum,world,tv,speaker,koo,minister,conference,bhawan,presence,lok,follow,puri,birla,om,fb,gas,twitter,insta,exhibition,ls,housing
ias,living,sansad,samachar,hour,bulletin,affairs,saturday,producers,sabha,watch,pandey,headlines,monday,singh,affair,aaj,preeti,day,online,culture,tv,abbas,world,elections,vivek,koo,jha,anand,pm,policy,anchor,follow,room,ki,economy,stories,hindi,fb,events,syed,story,atul,twitter,insta,assistant,khabar,entertainment,science,news,parliament,kumar,pure,producer,today
sansad,depth,urban,poverty,tv,covid,finland,jha,pandemic,advisory,timeline,data,anchor,ceo,basic,kapoor,fb,competitiveness,universal,characteristics,scheme,india,prevailing,forth,producer,analysis,singh,nature,education,amit,government,provision,contingent,lot,scotland,variety,prime,health,progress,preparation,inequality,twitter,chairman,measures,charan,elon,consulting,sectors,household,something,surender,strategies,guests,inclusion,uk,programme,council,union,better,reform,honorary,report,follow,foundation,sharma,insta,competitive,show,prof,today,ias,dr,definition,business,economic,income,bibek,editor,koo,minister,market,employment,wednesday,debate,issue,institute,bhattacharjee,musk,indicators,teena,labour,measurement,shock,may,findings,information,standard,state,jobless
ias,sansad,african,gurjit,africa,singh,tv,swarup,koo,former,union,nigeria,author,anchor,ties,follow,vikas,commissioner,fb,twitter,insta,sule,dispatch,promo,india,high,ambassador,ahmed,diplomat
ias,rajiv,living,sansad,current,hour,bulletin,affairs,srivastava,saturday,sabha,producers,watch,headlines,monday,yadav,simple,singh,mishra,affair,day,world,online,tv,kriti,culture,vishal,shiva,raj,amit,elections,koo,jha,pm,loksabha,policy,anchor,follow,room,economy,reporters,copy,stories,fb,teena,events,story,twitter,insta,editors,assistant,khabar,entertainment,dahiya,science,news,parliament,kumar,pure,producer,today
ias,sansad,sleep,dr,max,vijay,cluster,tv,professor,head,medicine,healthcare,hadda,vivek,koo,pulmonary,care,chief,follow,critical,director,pulmonology,fb,respiratory,twitter,disorders,insta,promo,india,principal,hospital,asthma
interfaith,ias,sansad,bahaullah,dr,mishra,singh,bahai,dharma,national,world,tv,education,america,guest,karn,koo,community movement,unity,sarva,ekam,traditions,anchor,prasun,religion,follow,international,fb,vedas,twitter,faith,insta,episode,india,orthodox,darshan,diversity,producer
ias,sansad,macron,ranil,years,al,france,singh,korea,mohammed,sheikh,happenings,zayed,namrata,world,north,johnson,nahyan,tv,elections,nayar,election,rajapaksa,tanvi,panorama,bhawna,philippines,koo,hassan,sri,country,united,anchor,emirates,globe,follow,parliamentary,mohamud,president,south,somalia,sharma,fb,edition,arab,twitter,focus,bin,boris,insta,structure,producer,episode,australia,lanka,show,wickremesinghe,crisis,parliaments,democracies
