capital,fighting,news,bbc,kyiv,news,bbc,military,miles,irpin,people,here,bridge,capital,shells,subscribe,convoy,mortar,front,town,airfield,bbcnews,bombardment,residents,hostomel,russian,kyiv,please,safety
russia,news,bbc,misinformation,invasion,russia,ukraine,news,bbc,images,yatsenko,lviv,here,ukraine,taras,russia,south,subscribe,east,invasion,newsroom,war,videos,hakim,bbc,mr,reports,yalda,bbcnews,bombings,tvoe,mitso,misinformation,please
war,days,news,bbc,world,russia,zelensky,vladimir,ukraine,news,president,bbc,documentary,putin,basement,here,ukraine,waterhouse,russia,centre,developments,days,subscribe,impact,world,james,news,bbc,programme,bbcnews,bombardment,correspondent,colleagues,kyiv,please
help,news,students,news,bbc,hurdles,bbcnews,home,operation,here,ukraine,subscribe,india,please,troops,thousands,citizens
missile,news,bbc,helicopter,news,bbc,crashes,helicopter,moment,bbcnews,forces,missile,here,armed,subscribe,video,please
country,russians,finland,news,bbc,news,bbc,people,here,ukraine,president,demonstrations,government,subscribe,invasion,europe,train,vladimir,putin,country,flights,bbcnews,rumour,way,law,car,border,please
russia,corridors,news,announces,cities,news,bbc,telegram,corridor,message,ministry,here,saturday,council,russia,moscow,zaporizhzhia,time,corridors,authorities,subscribe,region,regime,media,city,defence,volnovakha,place,mariupol,cities,ends,fighting,bbcnews,quietness,ceasefire,population,please
strategy,bbc,news,bbc,assessment,gardner,strategy,security,ukraine,here,troops,targets,plant,capital,russia,infrastructure,subscribe,power,convoy,invasion,bbc,cities,frank,bbcnews,day,nation,correspondent,kyiv,please
board,activity,news,surveillance,bbc,plane,nato,news,bbc,control,here,ukraine,eyes,awacs,flight,system,russia,warning,sky,belarus,subscribe,borders,europe,activity,airborne,events,access,bbc,intensifies,police,airspace,flights,bbcnews,ground,surveillance,border,special,nato,planes,please
warne,news,cricket,shane,news,bbc,family,leg,shanewarne,company,cricketers,privacy,here,villa,shane,thailand,staff,career,year,time,management,keith,sadness,subscribe,cricket,heart,friday,stellar,course,koh,test,australia,warne,details,spinner,efforts,bbcnews,samui,please,matches,attack
country,russia,arms,ukrainians,news,bbc,news,bbc,direction,fight,russia,fighting,bravery,bbcnews,forces,people,un,ukrainians,ukraine,knowledge,subscribe,here,please,patriotism,experience
crabs,australians,camera,underwater,news,captivate,crabs,wildlife,nature,australia,news,bbc,crabs,camera,burnell,fisherman,kayak,andy,footage,underwater,manic,net,adelaide,locals,bbcnews,here,subscribe,surface,please
europe,russia,station,news,power,bbc,news,bbc,trudeau,justin,joe,uk,forces,activities,here,ukraine,president,radiation,plant,facility,russia,levels,site,moscow,zaporizhzhia,jonson,continent,authorities,zelensky,subscribe,power,world,europe,biden,minister,boris,station,leaders,fire,phone,attacks,us,canada,bbcnews,prime,horrific,please,safety,attack
problems,news,oil,west,russia,ukraine,news,bbc,sanctions,ros,west,here,ukraine,exports,buying,vitrenko,gas,naftogaz,revenues,everything,russia,atkins,energy,subscribe,europe,regime,oil,firm,issue,nations,war,bbc,putin,concerns,bbcnews,yuriy,traders,please
stakhovsky,returns,star,tennis,news,bbc,sergiy,russia,ukraine,news,bbc,part,family,win,here,ukraine,sergiy,russia,year,subscribe,scenario,hungary,invasion,open,reserves,tennis,player,stakhovsky,country,bbcnews,home,january,kyiv,please
russia,protest,pensioner,war,news,bbc,news,bbc,russia,woman,moment,yelena,st,bbcnews,activist,here,ukraine,subscribe,petersburg,invasion,osipova,please
bombs,children,bbc,news,russia,ukraine,news,bbc,kyiv,basement,family,here,ukraine,olena,husband,bombing,russia,shelter,subscribe,invasion,children,gnes,childhood,months,city,situation,bbc,order,bbcnews,home,kyiv,please
refugees,bbc,news,poland,ukraine,news,bbc,hungary,children,russia,fighting,correspondents,bbcnews,refugees,poland,here,ukraine,report,borders,bbc,hungary,volunteers,women,subscribe,please
son,police,news,one,justice,pradesh,uttar,muslim,news,india,bbc,uttar,couple,adityanath,here,state,votes,safer,government,subscribe,india,justice,pradesh,minister,muslim,yogi,bbc,son,critics,bbcnews,please
war,plan,bbc,newsnight,attack,news,bbc,military,debate,tv,places,twitter,here,ukraine,campaign,troops,newsnight,meets,website,mark,capital,diplomatic,progress,russia,prisoner,advances,port,facebook,plan,subscribe,urban,city,defence,war,news,bbc,kherson,putin,agility,editor,hours,cities,resistance,attacks,seizure,programme,affairs,reports,army,bbcnews,bombardments,exclusives,interviews,week,analysis,means,dozens,kyiv,please,attack
city,attacks,russia,news,russia,kharkiv,zelensky,ukraine,news,bbc,kherson,putin,kyiv,kiev,control,russia,kharkiv,city,bbcnews,here,mayor,ukraine,subscribe,kherson,overnight,kyiv,please
family,cancer,desperate,news,bbc,russia,kharkiv,childhood,cancer,ukraine,news,bbc,basement,help,family,cancer,here,ukraine,polina,treatment,year,explosion,square,subscribe,type,freedom,childhood,kharkiv,stay,bbc,video,dilemma,source,mother,risk,bbcnews,footage,daughter,please,safety
fuels,war,energy,surge,news,prices,sanctions,eu,danger,homes,west,ukraine,commodities,interest,gas,consumer,russia,threat,business,petrol,living,rise,markets,energy,supply,heating,economy,rate,nord,invasion,electricity,world,commodity,europe,biden,oil,light,costs,shock,china,fuel,war,supplies,gasoline,diesel,news,recession,bbc,inflation,putin,france,trading,kremlin,dollars,barrel,us,risk,states,stream,shortages,increase,pipeline,home,traders,pipe,germany,boycott,prices,goods,warm,cost,here,ukraine,please,edwards,gas,business,rise,energy,subscribe,electricity,oil,top,costs,fuel,war,result,news,bbc,editor,conflict,huw,worldwide,bbcnews,increase,jack,surge,prices,ten,analysts,simon,bills
news,russia,intensifies,cities,kharkov,explosions,sanctions,danger,blasts,ukraine,president,sarah,siege,jets,troops,gas,guerin,russia,nuke,cluster,shelter,zelensky,nato,tanks,convoy,invasion,terror,rainsford,munitions,world,civilians,invade,kharkiv,white,deaths,orla,missiles,defence,war,news,bbc,kherson,putin,mariupol,kremlin,cities,attacks,talks,us,army,bombardment,lavrov,weapons,diplomacy,border,fear,cyber,myrie,kyiv,kiev,attack,forces,here,ukraine,sarah,centres,thousands,capital,guerin,missile,subscribe,presents,hundreds,rainsford,civilians,kharkiv,city,orla,news,bbc,kherson,mariupol,cities,attacks,bbcnews,myrie,ten,kyiv,please
conflict,russia,media,news,bbc,news,bbc,moskvy,broadcasts,pressures,tv,ekho,sources,ros,people,here,ukraine,dozhd,radio,russia,atkins,role,missile,subscribe,tower,channel,invasion,stations,watchdog,media,air,war,station,bbc,battle,information,bbcnews,experiences,kyiv,please,attack
bombing,year,cancer,news,bbc,russia,kharkiv,lviv,ukraine,news,bbc,images,cancer,refugees,lviv,here,ukraine,bath,bombing,distressing,russia,year,shelter,subscribe,east,medicine,kharkiv,city,tub,video,mother,risk,bbcnews,home,please,countries
people,communities,bbc,news,russia,refugees,poland,ukraine,news,bbc,country,russia,bbcnews,shelter,refugees,poland,people,school,here,ukraine,communities,subscribe,border,please,thousands
klitschko,brothers,war,news,bbc,world,news,bbc,brother,society,food,aid,here,ukraine,community,capital,klitschko,russia,water,mayor,democracy,subscribe,world,children,whole,house,city,war,someone,boxers,parents,vitali,support,country,brothers,bbcnews,wladimir,home,school,challenge,kyiv,please
refugees,air,house,news,news,bbc,help,refugees,man,madera,here,kasia,ukraine,husband,russia,year,crisis,subscribe,invasion,world,england,woman,house,bbc,volunteers,son,bbcnews,home,border,correspondent,please
kharkiv,rockets,city,paratroopers,news,russia,ukraine,news,bbc,control,country,russia,kharkiv,city,bbcnews,ministry,paratroopers,defence,authorities,here,ukraine,mayor,subscribe,kherson,troops,please
union,biden,address,state,news,president,ovation,ambassador,russia,ukraine,news,bbc,jill,union,joe,moment,people,here,ukraine,state,president,first,address,russia,subscribe,markarova,invasion,united,biden,guest,oksana,ovation,us,congress,lady,states,bbcnews,please,ambassador
enters,invasion,day,news,russia,kharkiv,ukraine,news,bbc,kherson,kyiv,control,black,here,ukraine,capital,russia,port,subscribe,updates,convoy,invasion,governor,kharkiv,city,kherson,sea,claims,bbcnews,hands,paratroopers,watch,kyiv,please
biden,news,president,bbc,response,biden,sotu,ukraine,news,bbc,putin,union,sanctions,sotu,allies,here,state,ukraine,president,troops,address,russia,north,subscribe,organization,response,treaty,biden,philadelphia,nations,war,us,atlantic,mr,bbcnews,weapons,nato,americans,please
russia,crimes,war,news,bbc,news,bbc,concert,here,ukraine,president,volodymyr,hall,areas,russia,square,zelensky,government,opera,subscribe,heart,offices,freedom,crimes,kharkiv,rockets,city,house,missiles,war,vladimir,criminal,putin,international,investigation,country,bbcnews,russian,please,court,attack
parliament,news,president,bbc,ovation,russia,ukraine,news,bbc,union,mass,contrast,un,here,ukraine,president,volodymyr,members,walkout,price,council,russia,zelensky,government,subscribe,today,plans,european,minister,parliament,human,rights,ovation,speech,bbcnews,weapons,games,meeting,please
bombing,capital,fighting,news,bbc,kyiv,russia,zelensky,ukraine,news,bbc,putin,mile,here,ukraine,president,troops,targets,casualties,capital,bombing,russia,zelensky,subscribe,convoy,vehicles,crimes,city,war,resistance,country,bbcnews,advance,kyiv,please,citizens
invasion,day,bbc,news,russia,zelensky,ukraine,news,bbc,putin,summary,russia,bbcnews,here,ukraine,subscribe,today,please
refugees,bbc,news,refugee,russia,poland,ukraine,news,bbc,country,russia,officials,bbcnews,refugees,authorities,people,here,ukraine,subscribe,border,centres,please
johnson,boris,pm,news,bbc,journalist,russia,eu,politics,johnson,boris,poland,west,war,ukraine,news,nato,bbc,putin,kyiv,family,uk,poland,here,ukraine,three,everything,russia,subscribe,something,combat,world,noose,johnson,minister,boris,press,fly,war,journalist,warsaw,bbcnews,conference,prime,fear,nato,colleagues,kyiv,please
children,board,crowds,news,bbc,women,russia,lyiv,poland,zelensky,un,ukraine,news,bbc,putin,morawiecki,poland,people,un,lviv,ukraine,here,rush,men,wives,russia,board,subscribe,students,women,invasion,children,train,war,station,nationals,goodbyes,support,country,bbcnews,home,zone,please
bbc,thousands,border,tens,news,bbc,family,miles,polachowska,tv,debate,refugees,policy,poland,twitter,un,here,ukraine,newsnight,website,russia,winsbury,maria,facebook,subscribe,invasion,goodall,lewis,crossings,luke,station,news,bbc,editor,programme,affairs,reports,bbcnews,interviews,przemysl,week,analysis,border,please,exclusives
kharkiv,city,crime,war,zelensky,news,president,bbc,attack,russia,kharkiv,ukraine,news,bbc,putin,zelenksy,here,ukraine,president,volodymyr,areas,accounts,monday,russia,zelensky,subscribe,invasion,civilians,crimes,city,allegations,rights,groups,war,criminal,international,investigation,country,bbcnews,please,court,attack
lives,seekers,job,news,pradesh,uttar,news,india,bbc,uttar,unemployment,despair,people,here,state,time,government,crisis,subscribe,india,pradesh,vikas,pandey,election,aspirants,bbc,verma,bbcnews,jobs,ambition,millions,anshul,please,job
news,hundreds,bbc,kite,ban,festival,basant,pakistan,news,bbc,kite,practices,people,here,year,basant,government,subscribe,crackdown,hundreds,festival,province,pakistan,police,ban,bbcnews,punjab,rooftops,kites,please
russia,rages,cluster,bombs,news,cities,kharkov,explosions,sanctions,eu,danger,blasts,uk,fergal,refugees,lviv,ukraine,president,deterrent,flee,siege,jets,troops,gas,blinken,guerin,russia,threat,negotiations,nuke,cluster,shelter,zelensky,nato,tanks,invasion,terror,munitions,civilians,invade,biden,kharkiv,white,deaths,orla,missiles,defence,war,news,bbc,putin,kremlin,cities,attacks,talks,us,risk,army,lavrov,weapons,keane,germany,border,fear,cyber,myrie,kyiv,kiev,attack,heavy,battles,forces,people,here,ukraine,guerin,cluster,crisis,subscribe,presents,munitions,civilians,refugee,kharkiv,city,orla,news,place,bbc,cities,country,fighting,bbcnews,keane,fergal,myrie,ten,kyiv,please
conflict,russia,risk,war,news,bbc,russia,ukraine,news,bbc,mode,decision,uk,ros,forces,peskov,ukraine,deals,president,here,dmitry,clashes,remarks,move,russia,escalation,atkins,moscow,comments,secretary,subscribe,combat,spokesman,history,tensions,others,vladimir,bbc,putin,kremlin,us,bbcnews,alert,foreign,duty,liz,truss,nato,please,attack
mother,month,baby,news,bbc,refugee,russia,ukraine,news,flee,bbc,putin,moment,baby,here,ukraine,husband,thousands,grach,russia,subscribe,hundreds,civilians,interview,country,conflict,bbcnews,home,germany,liza,please
people,troops,news,russia,confront,zelensky,crisis,ukraine,news,bbc,putin,civilians,country,russia,media,bbcnews,others,people,soldiers,here,ukraine,videos,subscribe,tanks,please,troops,towns,cities
state,news,workers,bbc,telecoms,ericsson,islamic,mosul,is,state,news,bbc,iraq,ericsson,mosul,company,here,state,ransom,revelations,fieldwork,islamic,time,documents,permission,report,subscribe,consortium,telecoms,journalists,partners,affan,media,city,lawyer,is,operation,bbc,ericsson,international,engineers,managers,bbcnews,while,week,group,iraq,please
russia,day,news,bbc,invasion,russia,ukraine,news,bbc,putin,zelenksy,russia,north,bbcnews,south,update,here,ukraine,day,ground,east,subscribe,watch,please
conflict,eu,refugees,member,ukraine,calls,news,bbc,refugee,russia,poland,zelensky,ukraine,news,bbc,putin,membership,eu,couple,queues,non,refugees,poland,ukrainians,here,ukraine,president,russia,living,subscribe,walk,train,bbc,hours,morocco,bbcnews,border,please
effect,crashes,news,bbc,currency,invasion,impact,russia,sanctions,crisis,ukraine,news,bbc,currency,sanctions,queues,people,here,ukraine,cash,interest,bank,aggression,points,russia,form,record,subscribe,position,rouble,money,bbcnews,low,rates,please
north,news,bbc,tanks,convoy,kyiv,hardware,russia,zelensky,war,ukraine,news,bbc,putin,drone,military,satellite,images,mile,here,ukraine,president,breakthrough,troops,strikes,convoys,russia,north,belarus,zelensky,subscribe,today,tanks,convoy,hope,assault,talks,bbcnews,footage,ground,fighters,kyiv,please,hardware
arms,news,bbc,volunteers,invasion,citizen,russia,war,ukraine,news,bbc,putin,ukrainians,guns,here,ukraine,men,members,thousands,experience,russia,neighbourhoods,ages,subscribe,invasion,region,minister,defence,country,bbcnews,kyiv,please
aid,invasion,news,bbc,us,russia,uk,ukraine,news,germany,bbc,union,policy,ros,aid,here,ukraine,russia,atkins,time,subscribe,european,history,arms,source,conflict,bbcnews,shift,germany,please
alert,weapons,news,bbc,putin,explosions,sanctions,eu,danger,blasts,ukraine,president,luhansk,donetsk,siege,jets,troops,gas,deterrent,crimea,thousands,launch,russia,threat,negotiations,nuke,shelter,zelensky,nato,tanks,invasion,united,civilians,invade,biden,white,deaths,missiles,defence,war,news,bbc,putin,kremlin,attacks,talks,us,risk,army,bombardment,alert,consequences,lavrov,pipeline,weapons,diplomacy,miscalculation,germany,border,cyber,kyiv,kiev,attack,decision,chief,forces,west,here,ukraine,president,deterrent,ten,words,sarah,smith,staff,russia,escalation,threat,moscow,rosenberg,crisis,subscribe,presents,invasion,combat,washington,regime,history,minister,defence,vladimir,condemnation,news,bbc,putin,statements,steve,country,us,announcement,chiefs,mr,bbcnews,alert,consequences,duty,weapons,way,myrie,escalates,russian,kyiv,please
conflict,alert,news,bbc,deterrent,putin,news,bbc,sanctions,officials,intent,security,here,ukraine,president,deterrent,shoigu,move,aggression,russia,warning,subscribe,towards,response,minister,actions,defence,nations,vladimir,bbc,gordon,putin,corera,us,sergei,alert,bbcnews,weapons,correspondent,way,nato,please
foundation,stewardship,owner,chelsea,news,bbc,care,abramovich,league,chelsea,news,bbc,putin,decisions,stewardship,here,ukraine,interest,russia,chelsea,subscribe,heart,invasion,statement,trustees,foundation,abramovich,club,roman,bbcnews,owner,russian,care,please
depot,oil,toxic,hit,fume,news,bbc,invasion,news,bbc,officials,here,ukraine,troops,gas,depot,capital,russia,explosion,centre,south,fumes,subscribe,vasylkiv,kharkiv,oil,city,air,windows,fears,fire,sirens,bbcnews,residents,pipeline,indoors,kyiv,please
zelensky,news,president,zelensky,news,bbc,putin,kyiv,kiev,talks,country,russia,moscow,bbcnews,belarus,zelensky,here,ukraine,subscribe,president,offer,invasion,kyiv,please
crisis,refugee,news,millions,hunger,union,czech,eu,danger,food,fergal,poland,west,aid,lviv,security,ukraine,flee,death,men,centres,thousands,mark,points,cold,lowen,morawiecki,shelter,crisis,agencies,hungary,women,pressure,europe,tents,camps,refugee,children,biden,trains,rockets,kelensky,missiles,reception,neighbour,news,bbc,putin,agency,escape,williamson,police,roads,lucy,army,keane,germany,millions,moldova,border,life,kyiv,kiev,fergal,poland,people,ukrainians,here,fleeing,centres,thousands,move,mark,lowen,countries,agencies,subscribe,moldova,invasion,croxall,refugee,martine,reception,news,williamson,lucy,bbcnews,keane,millions,border,ten,scenes,please,safety
face,news,bbc,assault,intensifies,resistance,explosions,sanctions,eu,danger,blasts,uk,ukraine,president,luhansk,donetsk,siege,jets,troops,gas,crimea,thousands,blinken,guerin,russia,threat,katya,negotiations,shelter,zelensky,incursion,missile,tanks,invasion,apartment,united,civilians,croxall,invade,biden,white,house,deaths,orla,missiles,defence,war,news,bbc,putin,adler,kremlin,resistance,attacks,talks,us,risk,army,bombardment,pipeline,weapons,germany,border,nato,kiev,attack,explosions,volodomyr,intervention,forces,here,ukraine,president,please,capital,second,guerin,katya,zelensky,subscribe,invasion,gunfire,world,croxall,europe,orla,defence,martine,war,news,assault,bbc,adler,editor,intensifies,resistance,ban,country,bbcnews,weapons,germany,ten,kyiv,kiev
zelensky,news,bbc,response,invasion,atkins,ros,zelensky,news,bbc,putin,ros,here,ukraine,president,volodymyr,comedy,russia,atkins,zelensky,subscribe,response,invasion,look,firm,actor,leader,country,bbcnews,please
refugees,war,borders,news,bbc,news,bbc,slovakia,poland,tens,people,ukrainians,here,ukraine,thousands,casualties,russia,romania,days,agencies,subscribe,hungary,refugee,war,intensifies,arrivals,bbcnews,border,moldova,please,countries
capital,missile,news,bbc,strikes,kyiv,attack,capital,russia,war,ukraine,news,troops,bbc,invasion,airport,floors,here,casualties,saturday,zhuliany,pictures,authorities,subscribe,apartment,evacuation,side,number,building,hole,video,bbcnews,way,kyiv,please
putin,news,bbc,news,bbc,family,decision,ros,view,here,ukraine,president,area,figure,russia,career,atkins,moscow,subscribe,petersburg,world,vladimir,bbc,putin,leader,country,years,st,bbcnews,week,life,please
russia,day,news,bbc,invasion,moments,news,bbc,capital,explosions,russia,morning,message,bbcnews,here,ukraine,subscribe,president,friday,please
woman,confronts,news,bbc,soldier,russia,ukraine,news,bbc,putin,thursday,woman,henichesk,solider,moment,city,bbcnews,weapons,gun,here,ukraine,subscribe,please,soldier,machine
capital,news,bbc,onslaught,kyiv,explosions,sanctions,eu,danger,hill,moment,blasts,ukraine,president,luhansk,donetsk,siege,jets,troops,dire,gas,crimea,doucet,blinken,russia,threat,gaffe,negotiations,lyse,shelter,jane,zelensky,incursion,nato,tanks,invasion,united,civilians,invade,biden,white,house,deaths,missiles,minor,defence,war,news,bbc,putin,kremlin,attacks,us,risk,army,bombardment,states,lavrov,stand,pipeline,border,nick,cyber,kiev,attack,face,hill,here,president,volodymyr,doucet,community,capital,russia,lyse,jane,zelensky,government,subscribe,civilians,firm,vladimir,news,assault,bbc,putin,beake,country,army,bbcnews,nation,nick,ten,kyiv,please,attack
capital,capture,explosions,airbase,forces,news,bbc,kyiv,invade,russia,sirens,vladimir,ukraine,news,bbc,putin,invasion,kyiv,explosions,blasts,here,rounds,capital,north,mayor,subscribe,power,artillery,gunfire,reuters,city,station,news,agency,bbcnews,districts,kyiv,please
family,home,news,bbc,journalist,news,bbc,family,here,giannone,members,malchevska,pictures,set,subscribe,presenter,london,air,news,bbc,building,karin,journalist,mother,interview,bbcnews,home,olga,kyiv,please
leadership,country,news,president,bbc,putin,troops,invade,russia,sirens,vladimir,ukraine,news,bbc,putin,invasion,kyiv,forces,here,president,drug,banderites,wives,nazis,government,subscribe,power,children,addicts,agreement,vladimir,ukrainian,shield,putin,servicemen,bbcnews,hands,gang,kyiv,please
capital,explosion,sky,news,bbc,kyiv,russia,war,ukraine,news,bbc,invasion,video,camera,enemy,ministry,here,ukraine,sound,capital,explosion,sky,time,subscribe,bombs,tanks,poznyaky,outskirts,gunfire,city,defence,bbc,fire,bbcnews,neighbourhood,kyiv,please
news,editor,bbc,escape,kyiv,russia,woman,war,ukrainians,ukraine,news,bbc,capital,countryside,service,shokalo,decision,bbcnews,head,here,subscribe,ukrainian,bbc,please,kyiv,marta,safety
capital,news,bbc,tanks,kyiv,russia,war,ukraine,news,bbc,invasion,enemy,ministry,forces,here,ukraine,area,capital,north,time,centre,subscribe,city,parliament,defence,operatives,district,bbcnews,obolon,kyiv,please
russia,champions,news,bbc,invasion,news,bbc,stade,champions,here,ukraine,russia,gazprom,subscribe,petersburg,friday,invasion,body,match,football,league,france,arena,paris,uefa,st,bbcnews,nation,meeting,please
history,news,bbc,news,bbc,union,eu,slovakia,poland,west,ukrainians,here,ukraine,elections,russia,subscribe,towards,east,hungary,nations,putin,politics,bbcnews,soil,majority,way,favour,please,soviet
officers,news,bbc,death,george,minneapolis,floyd,news,derek,bbc,chauvin,george,bystander,trio,court,encounter,floyd,here,connection,state,death,officer,officers,time,subscribe,alexander,thao,chauvin,thursday,lane,actions,thomas,rights,defendants,street,derek,video,tou,bodycameras,charges,police,minneapolis,footage,keung,bbcnews,june,day,please,george
biden,consequences,war,news,bbc,putin,biden,russia,ukraine,news,bbc,putin,kyiev,sanctions,joe,necessity,ukraine,here,president,russia,twelve,subscribe,invasion,biden,justification,war,assault,putin,provocation,hours,us,country,bbcnews,scale,consequences,please,attack
russia,oil,invades,shares,news,news,bbc,shares,uk,here,ukraine,gas,price,russia,petrol,record,subscribe,exporter,invasion,impact,world,gold,oil,investors,groups,barrel,conflict,years,bbcnews,level,prices,high,please
news,russia,uk,war,news,bbc,invasion,sanctions,russia,bbcnews,putin,economies,force,nations,economy,vladimir,ukraine,action,president,subscribe,here,measures,invasion,please
fireball,airport,hits,missile,news,bbc,invade,russia,sirens,vladimir,ukraine,news,bbc,putin,invasion,kyiv,fireball,airport,places,forces,here,ukraine,targets,ivano,russia,time,south,belarus,missile,subscribe,borders,ally,frankivsk,number,assault,cities,international,reports,parts,bbcnews,border,please
cctv,tanks,news,bbc,border,vehicles,russia,ukraine,news,bbc,invasion,kyiv,cctv,country,russia,bbcnews,footage,directions,ukraine,subscribe,here,bbc,please,vehicles,crimea,cities
explosions,reports,forces,news,assault,news,bbc,explosions,tv,forces,here,ukraine,president,targets,russia,moscow,dawn,subscribe,response,invasion,statement,vladimir,assault,putin,anyone,cities,attacks,country,reports,bbcnews,scale,afterwards,russian,please
history,news,discrimination,hair,hair,us,news,bbc,discrimination,here,companies,backlash,root,kind,subscribe,coils,curls,teens,hair,america,hairstyles,classrooms,us,bbcnews,jobs,toddlers,school,adults,americans,please
russia,crisis,state,news,emergency,bbc,mean,russia,moscow,zelensky,ukraine,news,bbc,putin,kyiv,eu,summit,forces,security,ukraine,state,here,council,russia,days,crisis,subscribe,today,invasion,recommendation,holiday,approval,parliament,brussels,reservists,neighbour,leaders,tomorrow,country,bbcnews,emergency,please,citizens
russia,chief,vladimir,news,bbc,putin,spy,news,bbc,west,people,here,ukraine,president,luhansk,donetsk,please,intelligence,spy,russia,subscribe,top,head,republics,vladimir,putin,recognition,views,accord,service,chiefs,rebel,states,sergei,naryshkin,meeting,mr,bbcnews,peace,situation,independence
covid,news,closures,libraries,philippines,news,bbc,date,children,years,education,covid,resources,bbcnews,here,subscribe,libraries,volunteers,learning,please,schools,philippines
halts,china,beer,imports,beef,news,bbc,dairy,row,news,bbc,eu,behalf,november,beer,here,state,trade,relations,row,capital,lithuania,authorities,days,subscribe,baltic,world,name,taiwan,china,ties,taipei,nations,vilnius,organisation,bbcnews,beef,challenge,dairy,embassy,please,products
app,kids,news,strip,metaverse,clubs,mark,nspcc,meta,zuckerberg,news,bbc,metaverse,girl,people,here,reality,mark,nspcc,threat,meta,year,insults,subscribe,headsets,response,researcher,charity,world,children,posing,material,racist,name,design,findings,zuckerberg,news,bbc,rape,investigation,apps,bbcnews,experiences,metaverse,games,please
troops,borders,news,atkins,news,ros,bbc,ros,here,ukraine,president,personnel,troops,russia,atkins,options,build,crisis,subscribe,borders,invasion,moments,months,units,vladimir,regions,putin,country,range,states,bbcnews,analysts,please
sanctions,russia,news,news,bbc,igor,sanctions,black,uk,americans,general,champions,allies,sanction,here,ukraine,luhansk,donetsk,troops,gas,bank,areas,action,banks,russia,business,permission,gennady,crisis,subscribe,rotenberg,petersburg,nord,olaf,chancellor,season,hold,boris,league,is,businessmen,sea,promsvyazbank,order,uefa,us,country,st,bbcnews,stream,pipeline,germany,law,scholz,rossiya,please,timchenko
year,student,fossil,reptile,island,bbc,scottsh,news,news,bbc,phd,examination,penny,jurassic,fossil,here,scotland,year,subscribe,limestone,coast,skye,world,skeleton,discovery,rocks,jaw,dinosaur,bbcnews,student,reptile,amelia,isle,layer,lizard,wingspan,please,pterosaur
regions,orders,crisis,russia,news,bbc,chair,services,debate,kortunov,tv,uk,prystaiko,general,twitter,here,ukraine,armed,president,troops,director,smith,newsnight,andrey,website,mark,diplomatic,council,russia,committee,adam,facebook,breakaway,subscribe,urban,vehicles,house,war,vladimir,news,bbc,regions,putin,editor,vadym,international,us,programme,affairs,reports,states,footage,bbcnews,interviews,analysis,border,peacekeepers,pretext,please,ambassador,exclusives
decriminalises,pregnancy,colombia,abortions,news,bbc,weeks,news,bbc,abortion,catholic,decision,one,here,pro,laws,reaction,pregnancy,activists,subscribe,church,change,choice,woman,cases,colombia,weeks,rape,country,risk,abortions,bbcnews,law,life,please
sanctions,news,russia,west,biden,russia,sanctions,joe,johnson,boris,crisis,ukraine,news,vladimir,bbc,putin,union,barrage,sanctions,uk,here,ukraine,president,luhansk,donetsk,troops,russia,lot,subscribe,today,invasion,european,johnson,minister,boris,vladimir,place,regions,putin,us,country,announcement,rebel,mr,states,scale,bbcnews,prime,please
people,agency,design,news,jobfish,news,bbc,catfish,madbird,lies,business,work,profiles,company,uk,design,months,pay,employees,people,bbcnews,here,subscribe,universe,please,world
store,department,news,bangkok,bbc,thailand,news,bangkok,bbc,fast,modernity,thai,here,bangkok,pace,interest,thailand,capital,locations,dazzles,form,subscribe,derelict,artists,visitors,city,department,buildings,tradition,development,architects,cities,store,mix,bbcnews,variety,exhibit,eyesores,group,styles,please,art
regions,breakaway,news,bbc,fear,putin,invasion,news,bbc,forces,people,here,ukraine,luhansk,donetsk,rebels,move,russia,subscribe,region,powers,self,republics,vladimir,regions,putin,talks,years,states,bbcnews,ceasefire,home,way,peace,please
part,inequality,solution,news,bbc,problem,billionaires,world,tesla,jeff,musk,billionaire,news,bbc,billionaires,amazon,bezos,elon,arnault,bernard,lifetimes,people,here,men,bezos,poverty,time,figures,end,oxfam,forbes,report,subscribe,givers,elon,charity,world,causes,top,musk,billionaire,pandemic,us,covid,jeff,scale,bbcnews,way,day,please
rebel,states,news,regions,putin,russia,ukraine,news,bbc,putin,forces,west,people,security,ukraine,here,luhansk,area,donetsk,separatist,rebels,areas,council,russia,moscow,subscribe,region,self,republics,vladimir,putin,donbas,states,bbcnews,fear,meeting,please
years,visitors,australia,borders,news,vaccine,covid,australia,coronavirus,borders,news,bbc,pandemic,family,airport,people,here,monday,year,time,bans,subscribe,sydney,hundreds,world,australians,foreigners,australia,march,others,country,years,flights,bbcnews,boost,border,travel,reunions,please
music,star,youtube,entrepreneur,dies,news,bbc,edwards,edwards,news,bbc,services,tracey,star,aj,careers,entrepreneur,here,legend,edwards,tribute,rip,age,sbtv,mbe,subscribe,luton,artists,london,england,youtube,founder,music,dave,chart,ed,status,bbcnews,sheeran,platform,jamal,topper,please,skepta
biden,summit,tensions,principle,news,putin,biden,russia,us,crisis,ukraine,news,bbc,putin,officials,summit,joe,decades,security,ukraine,here,president,intelligence,russia,moscow,principle,crisis,subscribe,europe,biden,suggests,white,house,france,operation,vladimir,neighbour,place,putin,talks,us,bbcnews,solution,crises,meeting,please,denies
hospitals,news,cases,spike,hospitals,covid,coronavirus,kong,china,news,pandemic,bbc,hong,wave,hospitals,intervention,policy,mass,here,president,hongkong,system,jinping,kong,testing,government,comments,subscribe,measures,omicron,region,xi,infections,cases,lockdowns,zero,china,tighter,hong,leaders,covid,bbcnews,healthcare,controls,surge,patients,please
sensation,year,news,bbc,tiktok,choir,tok,news,bbc,tik,grandad,tiktok,tucker,duo,couple,granddaughter,here,john,share,subscribe,media,practice,videos,grandad,chamberlain,video,views,yazzy,songwriter,years,mr,bbcnews,platform,please
elizabeth,tests,covid,news,bbc,news,bbc,wales,prince,palace,buckingham,here,guidelines,queen,attention,cold,duties,windsor,subscribe,statement,symptoms,monarch,son,covid,bbcnews,contact,week,please
signs,johnson,boris,pm,plan,ukraine,news,news,bbc,signs,senses,here,ukraine,evidence,intelligence,capital,russia,plan,subscribe,invasion,europe,raworth,johnson,minister,boris,war,bbc,interview,mr,sophie,bbcnews,prime,kyiv,please
russia,pm,war,news,bbc,news,bbc,signs,senses,people,here,evidence,intelligence,capital,russia,cost,plan,subscribe,invasion,europe,raworth,johnson,minister,boris,war,sheer,bbc,interview,mr,sophie,bbcnews,prime,life,kyiv,please
jet,sensation,tv,stream,eunice,news,bbc,plane,storm,news,bbc,tv,airport,online,here,storm,jerry,dyer,subscribe,viewers,channel,times,winds,london,heathrow,youtube,eunice,enthusiast,big,aircraft,attempts,jet,bbcnews,footage,stream,hit,aviation,approach,planes,please
coach,actions,kamila,news,bbc,valieva,news,bbc,score,wisdom,tutberidze,arm,kamila,spotlight,here,president,coaches,eteri,trimetazidine,drug,figure,doping,committee,coach,year,ice,bach,anti,subscribe,beijing,valieva,questions,olympic,moments,world,thursday,wada,olympics,doctors,thomas,mistakes,hug,scandal,routine,agency,falls,international,investigation,entourage,subject,bbcnews,methods,way,adults,comfort,russian,winter,please
tests,russia,missiles,news,leaders,putin,news,bbc,moment,forces,here,ukraine,president,troops,drills,saturday,russia,moscow,missile,subscribe,invasion,world,johnson,shock,boris,nations,vladimir,leaders,putin,gravity,bbcnews,border,situation,please
biden,warns,joe,invasion,mobilisation,news,bbc,rebels,news,bbc,joe,line,forces,mobilisations,people,here,ukraine,luhansk,president,men,donetsk,territories,age,escalation,russia,moscow,government,subscribe,biden,self,allegation,republics,monitors,attacks,us,rebel,bbcnews,stand,increase,russian,please,denies
part,russia,belarus,news,leaders,drills,news,bbc,part,tv,complex,here,state,president,drills,belarusians,saturday,russians,exchange,yes,alexander,subscribe,combat,co,events,operation,vladimir,phase,putin,tomorrow,leader,lukashenko,bbcnews,lives,exercises,please
spray,news,women,news,bbc,homes,uk,forces,here,deterrent,gates,batch,substance,water,subscribe,person,women,hand,hope,gel,packages,england,light,handles,door,perpetrator,house,technology,ultraviolet,someone,clothing,weeks,abuse,smartwater,police,skin,canister,bbcnews,trap,please,liquid
police,capital,arrest,trucker,news,bbc,leaders,convoy,news,bbc,trudeau,justin,timethe,trucks,here,bank,areas,accounts,capital,monday,trucker,rules,streets,bans,days,subscribe,convoy,measures,vehicles,emergencies,insurance,city,minister,parliament,leaders,police,arrests,canada,protests,stronghold,covid,assembly,bbcnews,ottawa,nation,emergency,law,prime,demonstrators,imposes,please,act
minister,news,viktor,election,news,bbc,race,zay,marki,here,elections,hungarian,opposition,playing,april,alliance,government,opinion,subscribe,power,hungary,polls,parties,peter,media,minister,aims,field,years,viktor,mr,resources,bbcnews,orban,favour,challenge,prime,please
days,ukraine,russia,news,bbc,part,officials,debate,joe,tv,ministry,twitter,west,here,ukraine,president,hysteria,troops,smith,newsnight,website,mark,everything,diplomatic,russia,time,belarus,facebook,subscribe,borders,power,urban,tanks,artillery,biden,air,defence,news,place,bbc,editor,support,us,programme,affairs,reports,bbcnews,exclusives,interviews,analysis,julianne,nato,exercises,kyiv,please,ambassador,attack
rights,news,bbc,women,afghanistan,news,bbc,hunger,sanctions,girls,people,aid,here,time,takeover,subscribe,women,woman,education,work,issue,rights,nations,place,bbc,taliban,country,bbcnews,shortages,afghanistan,lines,literacy,please
russia,escalations,news,bbc,border,leaders,biden,russia,us,zalensky,ukraine,news,bbc,putin,joe,experts,forces,here,ukraine,escalation,russia,call,crisis,subscribe,invasion,village,biden,activity,nations,leaders,fears,efforts,reports,bbcnews,border,please
news,laws,scotland,divide,gender,news,scotland,bbc,people,here,survey,scotland,age,hesitation,government,subscribe,towards,questions,women,changes,sympathy,position,issue,gender,divide,bbc,details,trans,concerns,uncertainty,critics,bbcnews,please,implications
mali,troops,news,years,mali,europe,macron,allies,france,news,bbc,mali,fight,palace,decision,forces,allies,here,president,troops,relations,africa,macron,force,breakdown,militants,subscribe,region,european,sahel,france,withdrawal,junta,night,leaders,period,elysee,emmanuel,hostility,country,mr,month,bbcnews,wednesday,islamist,meeting,please
sex,scale,news,bbc,abuse,sex,italy,priests,news,church,bbc,abuse,complicity,catholic,inquiry,statistics,here,state,seat,culture,italy,priests,documents,subscribe,church,viewers,descriptions,backyard,extent,sex,vatican,number,bbc,abuse,video,country,conceals,bbcnews,scale,please
border,russia,escalation,news,russia,troop,ukraine,news,border,bbc,officials,imagery,here,ukraine,troops,russia,time,days,build,subscribe,window,white,house,nations,statements,bbcnews,diplomacy,border,situation,please,attack
andrew,settlement,bbc,giuffre,newsnight,news,bbc,prince,part,debate,tv,uk,twitter,here,calls,contribution,giuffre,admission,newsnight,website,sum,facebook,settlement,subscribe,afford,sima,york,duke,case,allegations,andrew,news,assault,bbc,abuse,editor,virginia,clarity,us,ms,victim,kotecha,reports,affairs,bbcnews,taxpayer,programme,interviews,payout,analysis,liability,please,exclusives
news,brazil,bbc,petropolis,havoc,mudslide,news,brazil,bbc,landslide,officials,people,here,rescue,janeiro,houses,neighbourhoods,streets,mountains,floodwaters,subscribe,landslides,cars,city,search,mud,brazil,petropolis,flooding,rio,survivors,rainfall,bbcnews,teams,please
causes,tanker,petrol,crash,news,bbc,fire,york,news,bbc,crash,here,island,blaze,long,petrol,firefighters,newyork,subscribe,driver,york,vehicle,litres,tanker,department,news,bbc,fire,hours,gallons,truck,new,wednesday,please
russia,unity,day,president,bbc,news,sanctions,danger,unity,moment,uk,avoid,ukraine,president,luhansk,donetsk,sarah,dire,troops,gas,smith,crimea,afraid,price,blinken,russia,threat,gaffe,negotiations,zelensky,incursion,nato,point,tanks,plans,invasion,rainsford,washington,united,invade,biden,white,house,minor,war,news,bbc,putin,mariupol,kremlin,livne,attacks,talks,us,risk,states,imminent,consequences,lavrov,stand,pipeline,diplomacy,day,border,cyber,myrie,kiev,attack,unity,forces,here,ukraine,president,sarah,volodymyr,troops,intelligence,russia,thousand,government,zelensky,rally,subscribe,estimates,response,presents,invasion,rainsford,news,bbc,fears,us,country,claims,defences,bbcnews,day,nato,myrie,ten,please
chief,withdrawal,news,sign,nato,troops,news,bbc,general,forces,here,ukraine,sign,troops,russia,escalation,moscow,build,secretary,subscribe,bbc,claims,bbcnews,border,nato,please,attack
troops,russia,border,news,news,bbc,concerns,deescalation,russia,future,door,bbcnews,forces,west,days,here,ukraine,ground,subscribe,border,leaders,nato,please,statements
trees,news,storms,bbc,news,bbc,uk,here,climate,warnings,dudley,management,heating,strategies,subscribe,weather,hard,damage,forest,eunice,storms,managers,bbcnews,trees,winter,please
protests,hijab,bans,news,bbc,news,bbc,hinduism,colour,face,university,wearing,hijab,headscarves,here,men,hijabs,khan,muskaan,karnataka,row,rows,campus,year,saffron,subscribe,nationalist,india,students,udupi,women,schools,classroom,muslim,groups,escalating,college,pre,mob,video,hindu,resistance,ban,country,district,protests,bbcnews,student,please
russia,news,bbc,border,life,news,bbc,miles,city,bbcnews,territory,people,shelves,war,ukraine,separatists,subscribe,border,buying,here,mariupol,please
nudes,telegram,news,bbc,telegram,disinformation,twitter,consent,tens,people,here,malaysia,revenge,thousands,pictures,porn,kenya,film,subscribe,gain,global,women,unit,media,azerbaijan,bbc,cuba,tool,users,bbcnews,consequences,please,countries,act
trip,chagos,home,news,bbc,islanders,escort,africa,britain,uk,chagos,news,bbc,islands,mauritius,control,battles,culmination,people,ownership,here,mauritius,boat,africa,trip,britain,chagos,occupation,government,baptiste,subscribe,suzelle,hand,united,history,andrew,archipelago,nations,war,bbc,islands,tug,years,chagosislands,reports,bbcnews,authorisation,harding,correspondent,escort,please,court
ukraine,news,bbc,possibility,attack,biden,ukraine,news,bbc,putin,joe,forces,here,ukraine,president,troops,possibility,remarks,move,russia,subscribe,biden,minister,defence,us,mr,bbcnews,border,cost,please,attack
prince,settles,case,sex,news,assault,giuffre,bbc,virginia,news,bbc,prince,palace,buckingham,here,occasions,giuffre,letter,sum,settlement,subscribe,york,duke,document,comment,case,allegations,andrew,assault,virginia,princeandrew,us,district,ms,bbcnews,tuesday,representatives,please,court
war,putin,russia,news,russia,ukraine,news,bbc,putin,military,security,ukraine,here,president,sign,evidence,troops,russia,escalation,moscow,comments,subscribe,course,europe,tensions,war,withdrawal,vladimir,leaders,putin,concerns,bbcnews,border,russian,please
children,sex,news,bbc,problem,game,us,children,sex,news,bbc,problem,roblox,game,part,here,everyone,ages,players,subscribe,game,world,children,sex,messenger,thirds,spaces,problem,sprawling,us,users,bbcnews,roblox,adults,games,please
russia,news,bbc,border,troops,russia,ukraine,news,bbc,putin,confirmation,here,ukraine,president,troops,russia,moscow,build,subscribe,invasion,olaf,chancellor,powers,withdrawal,putin,fears,announcement,bbcnews,border,scholz,please,attack
news,men,grief,miscarriage,podcast,children,dad,birth,dads,baby,babies,loss,news,bbc,rainbow,fc,babies,here,men,feel,idea,dads,subscribe,partners,grief,miscarriage,children,football,club,vilomah,matt,support,podcast,liam,bbcnews,fathers,please
breaks,vaccine,refusal,news,djokovic,silence,news,bbc,part,star,wimbledon,here,serbian,novak,anti,novakdjokovic,subscribe,right,movement,trophies,open,vaccine,tennis,competitions,bbc,covid,bbcnews,stance,djokovic,please
conflict,russia,tensions,bbc,newsnight,news,bbc,hour,polachowska,debate,tv,twitter,here,ukraine,president,troops,interest,newsnight,website,move,scope,mark,diplomatic,russia,concede,moscow,time,maria,facebook,build,negotiation,subscribe,today,urban,garland,olaf,invasion,peace,europe,news,bbc,putin,fears,editor,leader,chance,us,conflict,programme,affairs,reports,bbcnews,interviews,diplomacy,jack,analysis,scholz,kyiv,please,exclusives
homes,time,news,family,news,bbc,families,escalation,russia,family,valentyna,tensions,bbcnews,home,people,war,here,ukraine,subscribe,donetsk,start,please
tens,france,pass,news,bbc,thousands,covid,coronavirus,france,pass,news,bbc,draft,part,eu,coronavirus,people,here,capital,placards,authorities,pass,subscribe,convoy,phrases,brussels,france,passes,paris,introduction,ban,country,effect,intention,protests,bbcnews,law,demonstrators,life,please
unity,declares,day,news,fears,invasion,sanctions,eu,danger,moment,uk,avoid,ukraine,president,luhansk,donetsk,sarah,troops,gas,smith,crimea,thousands,price,blinken,russia,threat,moscow,negotiations,macron,rosenberg,zelensky,incursion,nato,plans,tanks,invasion,rainsford,washington,united,invade,biden,white,house,war,france,news,bbc,putin,kremlin,steve,attacks,talks,us,risk,states,imminent,consequences,lavrov,pipeline,diplomacy,germany,border,cyber,myrie,kiev,attack,february,date,unity,here,ukraine,president,sarah,volodymyr,troops,smith,russia,moscow,time,rosenberg,zelensky,dozen,crisis,subscribe,presents,hope,rainsford,washington,united,ties,nations,news,republic,bbc,kremlin,citizens,steve,us,speech,states,bbcnews,day,nation,border,solution,nato,myrie,ten,kyiv,please,soviet,attack
starvation,news,west,crisis,news,bbc,afghanistan,taliban,families,abuses,food,west,people,aid,here,terrorism,planet,john,markets,economy,crisis,subscribe,power,questions,world,isolation,months,rights,links,edge,leaders,bbc,editor,taliban,years,money,affairs,reports,bbcnews,starvation,approach,simpson,afghanistan,please
hotels,news,cuba,rights,lgbtq,gay,news,lgbt,bbc,cuba,community,part,star,cuban,here,state,island,men,december,please,community,pristine,government,activists,record,subscribe,walk,women,attitudes,camps,attempt,education,pool,rights,lgbtq,hotel,castro,fidel,tourist,cuba,leader,restrictions,service,rule,protests,covid,bbcnews,gay,hotels,rainbow,guests,re
scars,fighting,ukrainians,news,threats,russia,war,ukraine,news,bbc,putin,kyiv,speakers,forces,allies,people,ukrainians,here,ukraine,casualties,russia,threat,subscribe,region,city,veterans,war,dnipropetrovsk,scars,conflict,years,fighting,bbcnews,western,dnipro,kyiv,please
blunt,rule,covid,blasts,baby,zealand,news,shark,protesters,blunt,manilow,vaccine,covid,james,barry,anti,new,baby,zealand,news,vax,bbc,shark,doo,loop,barry,baby,here,mandate,shark,monday,authorities,anti,subscribe,hundreds,world,blunt,attempt,manilow,demonstration,vaccine,hits,james,parliament,song,zealand,newzealand,parents,music,hearts,bbcnews,new,week,hit,fear,sing,please,protesters
years,couple,news,bbc,love,anniversary,jew,yemen,day,news,bbc,israel,love,marriage,orphan,valentines,orphans,persecution,years,zechariah,poverty,yemeni,yemen,faith,culture,bbcnews,shama,here,state,subscribe,israel,jews,please
mother,police,treatment,news,flack,bbc,caroline,caroline,news,bbc,flack,february,christine,family,line,here,death,action,treatment,boyfriend,celebrity,metropolitan,subscribe,flack,complaint,presenter,mum,prosecution,someone,bbc,answers,information,police,support,years,bbcnews,daughter,caroline,please
news,bbc,turkiye,turkey,news,bbc,turkiye,erdogan,recep,pronunciation,civilisation,culture,name,bbcnews,way,change,turkey,subscribe,here,president,nation,values,please,tayyip,turkiye
prepares,city,news,bbc,invasion,mariupol,sanctions,eu,danger,black,moment,corridor,avoid,ukraine,president,luhansk,donetsk,dire,troops,gas,crimea,price,blinken,reeta,guerin,russia,threat,gaffe,negotiations,geneva,fleet,incursion,nato,point,tanks,plans,invasion,united,invade,biden,white,house,orla,chakrabarti,minor,war,news,bbc,putin,sea,mariupol,kremlin,attacks,talks,us,risk,states,imminent,consequences,lavrov,stand,pipeline,diplomacy,germany,border,cyber,kiev,attack,capture,black,target,corridor,land,people,here,ukraine,crimea,reeta,guerin,russia,moscow,port,subscribe,east,invasion,city,orla,chakrabarti,access,news,bbc,sea,mariupol,country,reporting,bbcnews,correspondent,millions,fear,border,ten,please,attack
bbc,news,money,mistakes,news,bbc,wages,customers,money,decisions,costs,bbcnews,reason,energy,businesses,pass,subscribe,here,prices,transport,please,bills,price
urges,embassy,news,news,bbc,enemy,here,state,ukraine,president,words,action,troops,blinken,threat,moscow,countries,dozen,secretary,subscribe,antony,justifies,embassy,us,bbcnews,border,kyiv,please,citizens
news,bbc,news,bbc,russia,tension,months,bbcnews,james,here,ukraine,subscribe,landale,border,bbc,point,please,troops,thousands
firefighter,ice,news,rescue,teens,training,news,bbc,drone,seconds,missouri,officials,here,rescue,lake,brink,action,ice,firefighters,boys,youngsters,subscribe,training,ran,hypothermia,mission,fire,teenagers,bbcnews,footage,please
news,dog,bbc,paraglider,news,bbc,alps,shams,man,paraglider,theory,here,paragliding,pet,subscribe,dog,training,filmmaker,limit,ouka,air,news,bbc,friend,trips,half,month,bbcnews,please
habits,spending,news,news,bbc,habits,uk,food,pay,finances,decades,people,here,spending,influences,squeeze,price,items,year,ben,living,figures,energy,show,subscribe,shopping,household,costs,choices,thompson,solutions,bbc,basket,bbcnews,rises,prices,cost,please,bills
return,practices,choirs,news,news,bbc,moment,covid,uk,bbcnews,here,subscribe,pandemic,start,members,please,choirs,restrictions
russia,role,crisis,news,bbc,nato,atkins,news,ros,bbc,ros,west,here,ukraine,eastern,reaction,russia,atkins,understanding,role,subscribe,europe,tensions,bbc,troop,bbcnews,border,nato,please
russia,resentment,fuel,news,bbc,memories,union,hunger,tension,roots,ukraine,anger,crimea,genocide,bolshevism,russia,threat,moscow,joseph,holodomor,agriculture,killings,murder,collectives,invasion,terror,communism,nationalism,resentment,ussr,kharkiv,deaths,history,memory,victims,legacy,war,news,bbc,atrocity,putin,bolsheviks,kremlin,stalin,nazi,survivors,famine,farms,keane,collectivisation,millions,fergal,great,myrie,kyiv,kiev,attack,demands,roots,ukrainians,here,ukraine,destiny,determination,russia,bitterness,joseph,rise,report,subscribe,nationalism,kharkiv,tensions,self,nations,news,bbc,dictator,stalin,survivors,bbcnews,famine,farms,keane,day,collectivisation,fergal,great,myrie,ten,please
police,johnson,boris,news,questions,parties,principal,penalty,inquiry,coronavirus,break,christmas,penalties,step,notice,champagne,xmas,met,garden,virus,dick,breaches,threat,pictures,rules,breach,metropolitan,secretary,wells,questions,covid19,parties,lockdown,broke,tinsel,photos,party,johnson,ione,boris,drink,events,booze,resign,news,street,bbc,pandemic,resignation,questionnaire,account,restrictions,police,investigation,risk,covid,fine,cressida,law,bring,mps,myrie,yard,uk,people,here,evidence,presence,height,scotland,garden,officers,rules,downing,breach,metropolitan,secretary,wells,subscribe,questions,presents,parties,allegations,johnson,ione,boris,minister,events,may,booze,street,pandemic,place,bbc,news,questionnaire,police,investigation,covid,bbcnews,gathering,law,prime,correspondent,myrie,ten,please
capital,days,news,kyiv,attack,sanctions,eu,danger,moment,uk,avoid,ukraine,president,sarah,dire,troops,gas,edwards,crimea,thousands,price,smith,blinken,russia,threat,gaffe,negotiations,macron,geneva,incursion,nato,point,tanks,plans,invasion,washington,united,invade,biden,white,house,minor,war,france,news,bbc,putin,kremlin,emmanuel,attacks,talks,us,risk,huw,states,imminent,consequences,lavrov,stand,pipeline,diplomacy,germany,border,cyber,kyiv,kiev,attack,officials,here,ukraine,ten,sarah,troops,smith,capital,moscow,build,crisis,subscribe,presents,invasion,washington,training,america,house,white,operation,neighbour,news,bbc,editor,efforts,capability,bbcnews,border,myrie,exercises,kyiv,please,attack
circus,news,bbc,lions,africa,covid,circus,south,news,pandemic,rescue,bbc,lions,sanctuary,circus,here,africa,welfare,south,subscribe,plans,pandemic,southafrica,lions,captivity,years,bbcnews,owner,home,group,lives,please
beach,bbc,news,beach,cornwall,container,uk,lego,news,shipping,bbc,wave,february,miles,uk,land,here,beaches,captain,north,year,end,lego,subscribe,ship,today,phenomenon,york,world,containers,tides,oceans,result,sea,tokio,cornwall,container,pieces,insight,coasts,bbcnews,new,millions,express,please,bound
owners,news,family,nazis,nazi,corinth,news,lovis,bbc,art,regime,family,couple,artist,nazi,struggle,bbcnews,corinth,nazis,war,flowers,here,subscribe,lovis,painting,mayer,please,world
russia,conflict,uk,bbc,ambassador,news,bbc,yesterday,kelin,debate,tv,uk,twitter,here,ukraine,troops,drills,newsnight,andrey,website,mark,diplomatic,russia,moscow,belarus,facebook,subscribe,secretary,urban,counterpart,access,neighbour,news,bbc,sea,editor,kremlin,talks,programme,affairs,bbcnews,liz,interviews,analysis,truss,border,nato,lines,please,ambassador,exclusives
hiv,discoverer,luc,news,montagnier,news,bbc,here,immunodeficiency,virus,discoverer,subscribe,nobel,montagnier,children,seine,work,neuilly,luc,aids,autism,virologist,hiv,claims,covid,prize,bbcnews,tuesday,please
lists,species,news,species,australia,news,bbc,koala,land,clearing,here,climate,koala,habitats,subscribe,east,change,coast,governments,koalas,australia,territory,deterioration,threats,numbers,marsupial,species,states,bbcnews,bushfires,decline,please,disease
figure,gold,test,news,medal,bbc,december,olympic,drug,skater,news,bbc,medals,suspension,decision,kamila,here,december,figure,doping,monday,committee,year,games,testing,anti,drugs,subscribe,beijing,valieva,olympic,skater,gold,test,olympics,issue,agency,international,rusada,bbcnews,russian,please
hospital,brother,year,news,bbc,wait,ireland,northern,nhs,news,bbc,health,mental,hospital,sister,disabilities,here,abbey,subscribe,heart,ireland,history,northern,brigene,abuse,investigation,years,bbcnews,muckamore,nhs,home,discharge,please,bryan
prince,contracts,concern,health,news,charles,wales,elizabeth,prince,hospital,palace,buckingham,danger,coronavirus,nicholas,uk,ill,health,witchell,jabs,queen,virus,vaccination,government,windsor,engagements,covid19,lockdown,sandringham,test,house,vaccine,johnson,doctors,boris,duchess,news,pandemic,bbc,charles,symptoms,fears,public,restrictions,concerns,camilla,cornwall,risk,clarence,covid,unwell,flow,pcr,nick,majesty,myrie,booster,prince,palace,coronavirus,nicholas,here,health,witchell,queen,time,days,subscribe,presents,news,symptoms,bbc,charles,concerns,reporting,covid,bbcnews,myrie,ten,please
police,dick,chief,cressida,news,dame,news,bbc,harassment,series,uk,controversies,discrimination,constables,here,sarah,khan,met,dick,role,sadiq,everard,force,metropolitan,mayor,subscribe,confidence,choice,london,woman,case,sex,head,police,leadership,bbcnews,cressida,commissioner,week,criticism,dame,please
energy,news,fusion,bbc,breakthrough,news,bbc,seconds,tests,earth,uk,here,forms,breakthrough,fusion,radiation,hydrogen,experiments,scientists,record,energy,subscribe,laboratory,world,process,megajoules,amount,carbon,potential,jet,stars,bbcnews,supplies,please
talks,russia,crisis,news,bbc,agreements,russia,johnson,boris,liz,truss,ukraine,news,bbc,event,sanctions,moment,uk,here,ukraine,bois,stakes,warnings,russia,secretary,subscribe,invasion,johnson,minister,talks,intention,bbcnews,foreign,liz,truss,prime,please
france,crisis,news,bbc,cost,living,france,news,bbc,cost,household,country,company,costs,living,bbcnews,increase,france,energy,government,households,subscribe,here,prices,cost,please,world
europe,years,news,bbc,humans,thousands,news,bbc,university,tooth,valley,research,prof,fossils,here,evidence,thousands,africa,advances,homo,finds,periods,rhone,settlement,subscribe,sapiens,journal,europe,discovery,tools,slimak,team,france,neanderthals,child,stone,toulouse,cave,humans,ludovic,years,species,bbcnews,grotte,new,ideas,mandrin,please,science
reprisal,arrests,killings,news,evidence,bbc,taliban,afghanistan,news,bbc,taliban,officials,forces,un,security,here,activists,government,subscribe,deny,women,journalists,regime,rights,number,amnesty,alarm,taliban,pattern,reprisals,protests,bbcnews,afghanistan,please
pain,miscarriage,news,essex,miscarriage,risk,pregnancy,loss,news,bbc,women,trustee,research,uk,here,obstetricians,please,attention,pregnancy,miscarriages,subscribe,women,essex,gynaecologists,reasons,miscarriage,association,college,problem,necati,risk,years,bbcnews,loss,natasha,royal
protests,moves,state,schools,news,india,hijabs,karnataka,india,hijab,news,bbc,court,hijab,decision,behalf,headscarves,here,state,yousafzai,karnataka,row,bench,attention,government,days,subscribe,india,students,women,nobel,schools,justice,violence,classroom,muslim,matter,colleges,protests,bbcnews,prize,malala,wednesday,petitions,please,winner
bosnia,nationalism,conflict,herzegovina,news,bbc,fears,bosnians,union,radovan,dodik,eu,danger,hague,break,srpska,un,serb,bosniak,croat,genocide,mladic,sarajevo,croatian,opposition,srbska,serbska,luca,srebrenica,hungary,croats,treaty,bosnia,yugoslavia,nationalism,biden,herzebovina,prison,snipers,war,fear,news,bbc,serbs,dayton,denial,izetbegovic,croatia,ban,us,banja,karadzic,conflict,ratko,mijatovic,orban,inzko,peace,milorad,independence,fall,homes,tens,herzegovina,people,srpska,serb,here,jeremy,bosniak,croat,edwards,please,thousands,threat,rise,crisis,subscribe,resurgence,cleansing,hundreds,treaty,bosnia,yugoslavia,nationalism,agreement,bowen,muslim,federation,war,entity,dodic,news,bbc,fears,leader,country,conflict,years,huw,parts,bbcnews,peace,milorad,ten,republika
protests,hijab,student,news,india,bbc,row,atkins,news,ros,bbc,kolkata,headscarves,ros,here,state,chennai,karnataka,row,atkins,developments,subscribe,india,women,schools,classroom,muslim,colleges,bbc,cities,ban,country,judge,protests,bbcnews,wednesday,panel,petitions,please,court
media,living,groups,crisis,news,nothing,code,us,media,family,living,news,bbc,cost,family,message,people,here,please,items,salaries,year,facebook,subscribe,purchases,tavoukdjian,plans,something,apartment,york,sevan,city,nothing,buy,alternatives,month,bbcnews,neighbourhood,new,increases,furniture,group,prices,hunt
lives,test,thousands,news,lives,test,news,bbc,whistleblower,cheats,uk,people,here,evidence,flaws,names,newsnight,thousands,exam,britain,documents,list,testing,government,pass,subscribe,office,test,others,conduct,bbc,organisation,concerns,testimony,claims,years,proof,language,bbcnews,home,visa,hardshipexams,data,ets,please
russia,macron,crisis,news,president,bbc,russia,macron,france,ukraine,news,bbc,putin,peninsula,forces,guarantee,west,here,ukraine,president,troops,crimea,escalation,russia,macron,suggestion,crisis,subscribe,borders,plans,assurance,navy,tensions,reporters,vladimir,deterioration,putin,emmanuel,leader,years,bbcnews,meeting,please
capital,protest,locals,trucker,end,news,bbc,freedom,canada,ottawa,news,bbc,convoy,officials,urgency,truckers,trucks,here,covidvax,capital,enforcement,streets,days,subscribe,convoy,measures,vehicles,freedom,mandates,demonstration,vaccine,tickets,country,arrests,disruption,bbcnews,residents,home,ottawa,law,demonstrators,please
cases,pope,news,handling,abuse,errors,news,bbc,catholic,fault,archbishop,here,josef,roles,ratzinger,letter,priests,pope,report,church,benedict,subscribe,cases,firm,sex,vatican,child,tenure,forgiveness,munich,abuse,wrongdoing,bbcnews,january,pontiff,law,meeting,please
savile,backlash,johnson,boris,pm,jimmy,news,claim,bbc,backlash,keir,johnson,boris,news,bbc,starmer,ros,here,reaction,targeting,atkins,keir,sir,subscribe,claim,look,fallout,minister,parliament,starmer,leader,source,talks,bbcnews,labour,please,protesters
adele,news,bbc,brit,awards,moments,news,bbc,habits,o2,lipa,here,please,horizon,career,me,year,ceremony,act,record,subscribe,dua,tiktok,trophies,bad,brits,london,top,shy,album,song,night,total,arena,rockers,pop,adele,songwriter,ed,users,bbcnews,prize,sheeran,home,hit,bring,prizes,williams,robbie
police,ireland,watchdog,behaviour,murders,news,families,marie,collusive,uda,killers,anderson,ormeau,state,apology,evidence,relatives,sinn,edwards,south,emma,killings,murder,informants,gunmen,report,informers,graham,justice,violence,ireland,watchdog,association,belfast,ulster,freedom,loyalists,findings,defence,victims,northern,murders,news,bbc,shot,ombudsman,ira,vardy,police,protestant,huw,fein,collusion,fighters,sean,paramiltaries,royal,ruc,marie,paramilitaries,files,anderson,here,ten,please,edwards,loyalist,behaviour,constabulary,informants,murder,report,gunmen,subscribe,catholics,shop,ireland,association,crimes,belfast,ulster,watchdog,others,gangs,defence,northern,murders,news,bbc,ombudsman,vardy,police,attacks,huw,bbcnews,correspondent,failings,royal,emma,attack
boat,mauritius,islands,chagos,news,bbc,islands,mauritius,purposes,uk,reason,security,here,maurituius,reefs,mauritius,move,boat,sovereignty,trip,britain,chagos,government,tribunal,subscribe,claim,base,united,america,archipelago,nations,mission,islands,disputes,chagosislands,bbcnews,maritime,law,please
escalation,macron,news,bbc,putin,us,russia,macron,france,vladimir,ukraine,news,president,bbc,putin,forces,guarantee,here,ukraine,president,troops,escalation,russia,macron,suggestion,crisis,subscribe,borders,plans,assurance,reporters,vladimir,deterioration,putin,emmanuel,leader,bbcnews,meeting,please
cbeebies,cambridge,tv,duchess,story,news,bbc,news,bbc,jill,who,plop,february,tomlinson,theme,baby,here,health,please,afraid,cbeebies,treatment,year,story,appearance,subscribe,confidence,mental,children,childhood,cambridge,others,duchess,was,runs,book,fears,dark,bedtime,bbcnews,week,owl,royal
ban,news,bbc,jews,dressing,muslims,jew,prayer,muslim,news,bbc,israel,compound,here,israel,dismantling,morris,site,reveal,subscribe,aqsa,east,raphael,mount,muslim,bbc,halawani,jerusalem,replacement,hanady,mosque,status,israeli,bbcnews,activist,quo,jews,temple,please,muslims
funeral,boy,well,news,hundreds,morocco,rayan,news,rescue,bbc,february,oram,respects,rayan,people,rescuers,here,rif,tragedy,monday,fit,site,year,boy,time,mountains,days,subscribe,mourners,village,hundreds,prayer,well,cemetery,hilltop,funeral,efforts,morocco,bbcnews,home,please,moroccans
locksmith,rolle,news,book,tips,teens,leon,london,news,hackney,bbc,part,locksmith,shares,band,here,wembley,adult,audiences,boy,subscribe,turn,hope,hackney,semi,football,club,team,others,mentors,rolle,had,bbc,book,arsenal,rudimental,youth,years,bbcnews,stories,life,please,leon
macron,war,presidents,news,bbc,putin,sanctions,eu,danger,uk,avoid,ukraine,president,sarah,donetsk,luhansk,dire,troops,gas,edwards,crimea,thousands,smith,blinken,russia,threat,negotiations,macron,rosenberg,geneva,incursion,nato,point,tanks,plans,invasion,washington,united,invade,biden,white,house,minor,war,france,news,bbc,putin,kremlin,emmanuel,steve,attacks,talks,us,risk,huw,states,consequences,lavrov,stand,pipeline,diplomacy,germany,border,cyber,kiev,attack,security,ukraine,here,president,sarah,troops,edwards,smith,threat,moscow,macron,alliance,rosenberg,subscribe,invasion,hope,washington,world,tensions,war,vladimir,news,bbc,leaders,putin,fears,emmanuel,leader,steve,country,efforts,huw,bbcnews,border,nato,ten,please
canada,protests,trucker,state,news,emergency,bbc,news,bbc,trudeau,control,justin,truckers,here,state,mandate,health,capital,government,mayor,subscribe,response,convoy,freedom,protest,city,vaccine,minister,jim,battle,restrictions,cities,us,canada,protests,covid,month,watson,bbcnews,week,challenges,ottawa,emergency,prime,border,please
desert,atacama,graveyard,news,fashion,bbc,europe,clothes,atacama,desert,america,us,chile,south,news,bbc,pollution,waste,landfill,tonnes,environment,landfills,here,trade,dire,community,desert,garments,business,year,subscribe,hand,europe,nations,clothing,clothes,us,half,bbcnews,chile,consequences,traders,please
risk,starvation,news,bbc,millions,hunger,crisis,news,afghan,bbc,kabul,afghanistan,taliban,hunger,food,experts,people,un,here,director,crisis,subscribe,beasley,weather,world,children,bbc,programme,david,starvation,bbcnews,famine,executive,millions,supplies,afghanistan,winter,please
