reports,sri,media,news,night,focus,lanka,india,stream,watch,doordarshan,tv,online,dd,india,reports,sri,media,news,in,focus,lanka,india
breakfast,sri,news,crisis,dd,india,stream,watch,doordarshan,tv,online,dd,india,oman,covid,killing,jazeera,journalist,uk,council,crisis,summit,headlines,business,economic,joint,outrage,global,sri,al,lankan,pm,sweden,finland,india
summit,pm,modi,covid,news,updates,stream,covid,doordarshan,jazeera,dd,journalist,indiaoman,council,crisis,tv,summit,watch,hattrick,business,de,global,sri,al,pm,finland,sweden,online,lanka,india,bruyne,oman,killing,jazeera,journalist,uk,council,comprehensive,news,crisis,trick,aspects,lanka,business,show,joint,epl,de,outrage,sri,al,items,sweden,hat,finland,india,bruyne
hangars,aviation,airport,delhi,mro,stream,watch,doordarshan,tv,online,dd,india,hangars,aviation,business,jets,aircraft,airport,delhi,india,mro
struggle,punnoose,rosamma,freedom,saga,fighter,stream,watch,doordarshan,tv,online,dd,india,accama,struggle,punnoose,fighter,rosamma,freedom,person,sister,assembly,saga,member,legislative,kerala,cherian,remembering
council,news,hour,business,joint,updates,beats,stream,covid,doordarshan,dd,rr,uk,indiaoman,council,crisis,dc,tv,summit,watch,hattrick,business,de,global,sri,online,lanka,india,bruyne,beats,covid,killing,jazeera,wickets,journalist,uk,rr,news,comprehensive,ipl,crisis,dc,summit,headlines,watch,aspects,lanka,show,epl,de,outrage,global,sri,al,items,pm,hour,sweden,hat,finland,bruyne
news,finland,uk,stream,covid,doordarshan,dd,uk,indiaoman,council,crisis,tv,summit,watch,hattrick,business,joint,de,global,sri,finland,sweden,online,lanka,india,bruyne,oman,covid,council,news,comprehensive,crisis,summit,headlines,business,joint,epl,show,de,global,sri,pm,lanka,india,bruyne
trick,day,epl,hat,scores,bruyne,sri,indiaoman,council,stream,watch,de,hattrick,lankan,doordarshan,crisis,business,joint,tv,online,dd,india,bruyne,oman,day,prime,uk,council,comprehensive,news,crisis,business,mid,joint,show,updates,sri,lankan,headline,sweden,finland,india
sports,golfer,medal,brazil,deaflympics,dagar,gold,diksha,buzz,jaishankar,stream,watch,europe,doordarshan,tour,eam,tv,online,dd,india,events,dubai,bronze,archery,exhibition,dd,junior,man,ceferin,floyd,medal,breaking,silver,decision,mrinal,asia,news,pair,champions,aleksander,mayweather,league,jerlin,abhinav,fight,archers,premier,prathamesh,uefa,city,medals,competition,updates,stage,president,badminton,gold,doubles,cup,chauhan,teo,fuge,challenge,criteria,boon,india
ranil,today,world,minister,wickremesinghe,srilanka,jaishankar,stream,watch,europe,doordarshan,tour,eam,tv,online,dd,india,un,events,oman,goyal,industry,minister,johnson,dd,investigation,journalist,uk,west,news,need,security,commerce,declarations,increase,business,boris,piyush,bank,updates,engagement,al,office,pm,signs,rights,finland,sweden,demand,death,jazeera,india
summit,pm,modi,covid,address,jaishankar,stream,watch,europe,doordarshan,tour,eam,tv,online,dd,india,events,news,updates,dd,india
co,sharma,interview,apoorva,ideas,founder,ranjan,india,jaishankar,stream,watch,europe,doordarshan,tour,eam,tv,online,dd,india,events,breaking,co,news,sharma,interview,apoorva,ideas,founder,ranjan,updates,dd,india
right,wakefitco,policy,ideas,righttonap,india,jaishankar,stream,watch,europe,doordarshan,tour,eam,tv,online,dd,india,righttonap,events,breaking,news,right,wakefitco,policy,ideas,nap,updates,dd,india
pm,startup,modi,policy,ideas,righttonap,india,jaishankar,stream,watch,europe,doordarshan,tour,eam,tv,online,dd,india,events,breaking,pm,modi,startup,news,policy,madhya,ideas,righttonap,updates,dd,india,pradesh
express,minutes,news,world,updates,jaishankar,stream,watch,europe,doordarshan,tour,eam,tv,online,dd,india,events,news,updates,dd,india
summit,night,pm,news,modi,covid,jaishankar,stream,watch,europe,doordarshan,tour,eam,tv,online,dd,india,events,oman,covid,people,buddha,new,dd,human,ranil,breaking,council,news,respect,nepal,centric,purnima,headlines,lanka,business,joint,nato,updates,wickremesinghe,ukraine,sri,way,meet,pm,rights,approach,finland,india
lineup,cannes,films,festival,ministry,union,stream,watch,doordarshan,tv,online,dd,india,lineup,cannes,films,festival,ministry,union
ranil,sri,news,oath,minister,updates,lanka,wickremesinghe,stream,doordarshan,dd,ranil,tv,shuttlers,summit,watch,lanka,nato,wickremesinghe,russia,ukraine,sri,roundup,pm,sweden,online,finland,india,formula,infant,day,history,comprehensive,news,nepal,shuttlers,summit,headlines,asean,aspects,show,nato,shortage,russia,ukraine,items,sweden,us,finland,elections
president,struggle,freedom,saga,ali,india,stream,watch,doordarshan,tv,online,dd,india,president,struggle,lawyer,freedom,former,saga,ali,ahmed,fakhruddin,politician,india,remembering
breakfast,news,sweden,updates,finland,stream,watch,doordarshan,tv,online,dd,india,formula,infant,day,stutters,history,ranil,nepal,summit,headlines,asean,shortage,russia,wickremesinghe,ukraine,sri,pm,us,lanka,elections
hour,updates,news,elections,stream,watch,doordarshan,tv,online,dd,india,formula,infant,day,junior,ranil,nepal,summit,headlines,asean,lanka,nato,shortage,russia,wickremesinghe,ukraine,sri,pm,world,cup,sweden,us,finland,elections
day,news,summit,sits,stream,doordarshan,issf,dd,junior,tv,watch,nato,russia,ukraine,roundup,sensex,world,cup,sweden,online,finland,india,ukraine,headlines,sensex,world,cup,junior,news,comprehensive,sweden,issf,show,nato,finland,russia
pm,startup,modi,day,policy,stream,watch,doordarshan,tv,online,dd,india,ukraine,summit,asean,day,sweden,us,nato,finland,russia
president,mea,visit,conference,press,jaishankar,stream,watch,europe,doordarshan,tour,eam,tv,online,dd,india,president,events,breaking,news,mea,dd,visit,conference,jamaica,updates,press,india
purnima,pm,modi,mea,occasion,buddha,visit,jaishankar,stream,watch,europe,doordarshan,tour,eam,tv,online,dd,india,events,breaking,purnima,updates,pm,modi,mea,news,occasion,buddha,dd,visit,lumbini,may,briefing,india
sports,team,men,cup,thomas,buzz,jaishankar,stream,watch,europe,doordarshan,tour,eam,tv,online,dd,india,punjab,events,hotspur,arsenal,germany,suhl,issf,horns,rcb,dd,junior,indian,wickets,shooters,super,news,ipl,stan,league,thursday,premier,tottenham,mumbai,match,dominance,updates,djokovic,kings,switzerland,open,thrusday,novak,cup,world,wawrinka,india,chennai
sri,today,office,pm,world,crisis,jaishankar,stream,watch,europe,doordarshan,tour,eam,tv,online,dd,india,zelenskiy,events,biden,troops,leaders,day,move,dd,washington,news,house,dc,commitment,february,white,summit,asean,healthcare,nato,updates,russsia,special,ukraine,china,sweden,us,focus,finland,facilities,india
express,minutes,news,world,updates,jaishankar,stream,watch,europe,doordarshan,tour,eam,tv,online,dd,india,events,news,updates,dd,india
darren,cricketer,encounters,england,jaishankar,stream,watch,europe,doordarshan,tour,eam,tv,online,dd,india,events,darren,breaking,updates,news,encounters,former,england,gough,cricketer,dd,india
ranil,night,news,task,pm,lanka,wickremesinghe,jaishankar,stream,watch,europe,doordarshan,tour,eam,tv,online,dd,india,deal,events,embassy,india,updates,twitter,crypto,news,may,hold,dd,kyiv,meltdown
sri,pm,challenges,focus,lanka,jaishankar,stream,watch,europe,doordarshan,tour,eam,tv,online,dd,india,events,news,updates,dd,india
scan,ranil,sri,lankan,pm,wickremesinghe,jaishankar,stream,watch,europe,doordarshan,tour,eam,tv,online,dd,india,scan,ranil,breaking,events,sri,lankan,pm,news,updates,dd,wickremesinghe,india
president,grenadines,news,day,visit,vincent,updates,stream,watch,doordarshan,tv,online,dd,india,president,ukraine,history,headlines,state,cup,world,thomas,championship,visit,us,jamaica,ceasefire,bank,script,india
hour,updates,news,ceasefire,stream,watch,doordarshan,tv,online,dd,india,state,unsc,jamaica,history,ceasefire,uae,headlines,thomas,reporter,championship,bank,script,president,ukraine,al,today,cup,world,visit,us,death,jazeera,india
emperor,struggle,shah,freedom,saga,bahadur,zafar,stream,watch,doordarshan,tv,online,dd,india,leadership,emperor,struggle,shah,government,freedom,saga,bahadur,zafar,hindustan,delhi,india,mughal
purnima,significance,pm,modi,buddha,visit,stream,watch,doordarshan,tv,online,dd,india,purnima,significance,pm,sharma,modi,buddha,nepal,arun,visit,dd,india
eu,years,partnership,europe,days,opportunities,india,stream,watch,doordarshan,tv,online,dd,india,eu,years,partnership,devmeghna,ambassador,ugo,astuto,celebrations,energy,conversation,dd,year,india,cooperation
history,news,cup,updates,script,stream,state,doordarshan,unsc,jamaica,dd,history,ceasefire,tv,watch,thomas,reporter,championship,president,ukraine,al,cup,world,visit,us,online,jazeera,india,state,unsc,jamaica,comprehensive,news,ceasefire,headlines,reporter,aspects,championship,show,president,ukraine,al,today,items,world,visit,us,jazeera
updates,news,world,championship,stream,state,doordarshan,unsc,jamaica,dd,history,tv,watch,thomas,championship,reporter,ukraine,president,al,cup,world,online,jazeera,india,state,unsc,jamaica,history,comprehensive,news,ceasefire,headlines,thomas,reporter,aspects,show,script,president,ukraine,al,today,cup,visit,us,item,jazeera,india
president,grenadines,news,state,embarks,day,visit,vincent,connect,jaishankar,stream,watch,europe,doordarshan,tour,eam,tv,online,dd,india,events,berlin,meeting,khalifa,dd,history,breaking,zayed,news,nahyan,ministers,ceasefire,uae,sheikh,thomas,championship,nato,updates,script,ukraine,president,al,bin,today,cup,world,sweden,mohamed,demise,us,finland,india
sports,deal,decades,dollar,amendments,chelsea,epl,race,jaishankar,stream,watch,europe,doordarshan,tour,eam,tv,online,dd,india,sports,deal,title,decades,breaking,events,million,uefa,news,dollar,amendments,chelsea,epl,race,updates,dd,india
cannes,india,pride,place,cinema,jaishankar,stream,watch,europe,doordarshan,tour,eam,tv,online,dd,india,events,cannes,india,news,pride,updates,place,dd,cinema
summit,week,pm,covid,gallantry,awards,india,jaishankar,stream,watch,europe,doordarshan,tour,eam,tv,online,dd,india,events,summit,week,pm,covid,gallantry,news,dd,virtual,awards,updates,nepal,india,global
punjab,sc,law,kashmir,terrorists,media,hold,sedition,jaishankar,stream,watch,europe,doordarshan,tour,eam,tv,online,dd,india,punjab,sc,scan,events,law,kashmir,terrorists,media,news,updates,hold,dd,india,sedition
diplomacy,jaishankar,stream,watch,europe,doordarshan,tour,eam,tv,online,dd,india,diplomacy,events,breaking,news,updates,regional,dd,india
president,svg,night,news,state,wheat,policy,visit,export,amendment,jaishankar,stream,watch,europe,doordarshan,tour,eam,tv,online,dd,india,un,biden,covid,ties,new,joe,hours,united,kim,washington,zayed,arab,nahyan,curfew,mohammed,summit,sheikh,headlines,entry,asean,country,curbs,negotiations,nordic,lanka,nato,aide,door,korea,president,leader,spread,north,al,bin,sri,era,turmoil,presidential,sweden,jong,turkey,emirates,us,countries,finland
focus,paradigm,nato,jaishankar,stream,watch,europe,doordarshan,tour,eam,tv,online,dd,india,events,breaking,updates,news,paradigm,nato,focus,dd,india
misty,explorer,jaishankar,stream,watch,europe,doordarshan,tour,eam,tv,online,dd,india,ep,breaking,events,explorer,news,misty,mountains,updates,dd,india
president,grenadines,news,jamaica,saint,updates,stream,watch,doordarshan,tv,online,dd,india,final,venkaiah,new,fa,comprehensive,news,uae,naidu,york,headlines,thomas,aspects,show,gunman,condolences,liverpool,russia,penalties,ukraine,badminton,today,vp,cup,win,item
sukhdev,struggle,freedom,martyr,saga,thapar,singh,stream,doordarshan,dd,sukhdev,socialist,struggle,association,freedom,tv,hindustan,watch,east,singh,company,republican,shah,son,mirza,martyr,saga,thapar,bahadur,zafar,online,harpal,india,mughal,punjab,independence,role,areas,cells,sukhdev,socialist,years,association,administration,forces,war,member,supreme,hindustan,nationalists,command,english,east,hands,rebel,watch,singh,company,jail,republican,shah,north,army,son,mirza,martyr,thapar,bahadur,zafar,rule,harpal,india,mughal
hour,news,russia,stream,watch,doordarshan,tv,online,dd,india,president,york,svg,vice,headlines,today,watch,news,comprehensive,hour,visit,show,jamaica,uae,gunman,condolences,new
president,vice,today,news,condolences,stream,watch,doordarshan,tv,online,dd,india,president,york,ukraine,svg,badminton,headlines,cup,news,comprehensive,thomas,visit,show,jamaica,new,gunman,russia
president,putin,news,nato,finland,stream,watch,doordarshan,tv,online,dd,india,york,headlines,liverpool,fa,welcomes,cup,sweden,penalties,nato,new,gunman,finland
history,badminton,news,cup,beat,connect,indonesia,jaishankar,stream,watch,europe,doordarshan,tour,eam,tv,online,dd,india,events,supermarket,vice,putin,welcomes,mistake,venkaiah,jamaica,new,dd,khalifa,breaking,svg,mass,news,nayan,uae,zayad,shooting,naidu,leadership,york,status,sheikh,headlines,nato,condolences,updates,president,al,bin,today,counterpart,behalf,sweden,demise,visit,us,finland,india
economy,state,advisor,stream,watch,doordarshan,tv,online,dd,india,economy,state,new,feed,dd,india,advisor
param,bhu,edge,supercomputer,shivay,stream,watch,doordarshan,tv,online,dd,india,param,bhu,edge,supercomputer,shivay
sports,cachaza,laliga,interview,champions,md,india,stream,watch,doordarshan,tv,online,dd,india,sports,cachaza,jose,antonio,laliga,dd,interview,new,feed,champions,md,india
dubey,lok,journey,conversation,mp,sabha,stream,watch,doordarshan,tv,online,dd,india,ep,dubey,nishikant,lok,journey,conversation,mp,sabha,new,feed,dd,india
time,machine,stream,watch,doordarshan,tv,online,dd,india,time,ep,machine,new,feed,dd,india
robocon,stream,watch,doordarshan,tv,online,dd,india,feed,dd,india,new
pm,modi,ties,visit,focus,stream,watch,doordarshan,tv,online,dd,india,pm,modi,deepening,ties,dd,visit,new,feed,focus,nepal,india
night,pm,news,modi,visit,stream,watch,doordarshan,tv,online,dd,india,thousands,vice,to,venkaiah,jamaica,new,feed,dd,khalifa,svg,dhabi,zayed,nahyan,and,abortion,naidu,prepares,sheikh,headlines,expansion,nordic,abu,nato,condolences,region,yous,president,al,rights,demise,visit,rally,india
misty,explorer,stream,watch,doordarshan,tv,online,dd,india,ep,explorer,misty,mountains,new,feed,dd,india
pm,modi,visit,updates,dd,india,stream,watch,doordarshan,tv,online,dd,india,president,djokovic,svg,ram,headlines,kovind,mass,open,sixth,shouting,church,visit,jamaica,nath,california
president,breakfast,kovind,news,visit,jamaica,updates,president,shooting,svg,mass,stream,watch,pm,modi,doordarshan,nepal,visit,jamaica,tv,online,dd,india,somali,mass,news,comprehensive,presidency,mohamud,nepal,shooting,california,headlines,watch,modi,aspects,show,breakfast,ex,leader,djokovic,open,items,pm,sixth,church,visit
day,saga,freedom,struggle,stream,state,doordarshan,day,may,dd,struggle,freedom,deori,tv,protectorate,bhimbor,watch,sikkim,assam,lawyer,rule,socioeconomic,online,india,struggle,state,freedom,sikkim,day,part,saga,rule,may,celebrating,india
purnima,pm,modi,buddha,visit,dd,india,stream,watch,doordarshan,tv,online,dd,india,buddha,exclusive,dd,indian,prime,devi,former,temple,ministers,puri,nepal,purnima,significance,prayers,modi,manjeev,discussion,pm,ambassador,visit,lumbini,maya,india
pm,modi,foundation,ceremony,part,lumbini,stone,centre,stream,watch,doordarshan,tv,online,dd,india,confederation,initiative,culture,buddhist,narendra,laying,foundation,pm,modi,ceremony,lumbini,new,stone,delhi,international,nepal,india,centre
devi,pm,modi,news,temple,lumbini,maya,prays,somali,stream,doordarshan,jamaica,dd,devi,svg,mass,presidency,temple,mohamud,tv,shooting,nepal,watch,modi,ex,djokovic,president,pm,sixth,lumbini,visit,maya,online,india,somali,jamaica,devi,svg,mass,presidency,mohamud,nepal,shooting,california,headlines,modi,president,ex,leader,djokovic,open,pm,sixth,church,lumbini,visit,maya
updates,meet,day,india,somali,stream,doordarshan,jamaica,dd,svg,mass,presidency,mohamud,tv,shooting,nepal,watch,modi,ex,djokovic,president,meet,pm,sixth,visit,online,india,somali,jamaica,svg,mass,news,comprehensive,presidency,mohamud,shooting,nepal,california,headlines,watch,modi,aspects,show,breakfast,president,ex,leader,djokovic,open,meet,items,sixth,church,visit,india
pm,modi,visit,report,stream,watch,doordarshan,tv,online,dd,india,relationship,pm,modi,dev,nepal,symbolism,visit,meghna,lumbini,know,correspondent,dd,india
jayanti,pm,modi,program,participates,lumbini,dd,india,stream,watch,doordarshan,tv,online,dd,india,deuba,jayanti,pm,modi,counterpart,buddha,program,friendship,lumbini,bahadur,sher,humanity,event,nepal,india
president,community,kovind,welcomes,dd,india,nath,stream,watch,doordarshan,tv,online,dd,india,president,community,ram,kovid,talks,moment,abhishek,indian,mahajan,visit,jamaica,correspondent,dd,india,nath
sports,deaflympics,bags,medals,buzz,india,jaishankar,stream,watch,europe,doordarshan,tour,eam,tv,online,dd,india,punjab,ipl,patil,delhi,victory,stadium,title,headlines,sets,match,tsitsipas,djokovic,kings,capitals,open,today,novak,stefanos,dy
buddhist,site,significance,heritage,pm,modi,importance,visit,dd,india,stream,watch,doordarshan,tv,online,dd,india,buddhist,site,significance,heritage,pm,preparations,report,dev,place,importance,visit,meghna,correspondent,dd,khushinagar,india
report,informs,days,delhi,dd,respite,stream,watch,summers,doordarshan,delhi,tv,online,dd,india,thunderstorm,dd,meteorological,department,sky,possibility,scientist,delhi,cloudy,heatwave,bhattacharya,days,tomorrow,relief,talks,official,tapas,storm,senior,correspondent,india,imd
premier,team,league,hyderabad,deaf,jaishankar,stream,watch,europe,doordarshan,tour,eam,tv,online,dd,india,premier,team,t20,league,hyderabad,deaf
kushinagar,pm,modi,visits,stupa,jaishankar,stream,watch,europe,doordarshan,tour,eam,tv,online,dd,india,kushinagar,mahaparinirvana,narendra,pm,modi,stupa
lumbuni,today,modi,world,visit,minister,jaishankar,stream,watch,europe,doordarshan,tour,eam,tv,online,dd,india,president,deuba,headlines,talks,ramnath,kovind,counterpart,modi,state,day,bahadur,lumbini,sher,minister,visit,jamaica,prime
minutes,news,express,jaishankar,stream,watch,europe,doordarshan,tour,eam,tv,online,dd,india,minutes,news,express
president,community,kovind,welcomes,jamaica,kingston,nath,jaishankar,stream,watch,europe,doordarshan,tour,eam,tv,online,dd,india,president,community,ram,kovind,welcomes,jamaica,kingston,nath
abdulla,al,bin,marri,economy,interview,minister,touq,jaishankar,stream,watch,europe,doordarshan,tour,eam,tv,online,dd,india,abdulla,al,bin,marri,economy,interview,uae,minister,touq
focus,india,ties,jaishankar,stream,watch,europe,doordarshan,tour,eam,tv,online,dd,india,focus,nepal,india,ties
thakur,film,cannes,festival,anurag,delegation,minister,jaishankar,stream,watch,europe,doordarshan,tour,eam,tv,online,dd,india,thakur,film,cannes,festival,anurag,delegation,minister,india
film,reports,cannes,festival,correspondent,dd,jaishankar,stream,watch,europe,doordarshan,tour,eam,tv,online,dd,india,film,reports,cannes,festival,correspondent,dd,india
film,festival,cannes,films,jaishankar,stream,watch,europe,doordarshan,tour,eam,tv,online,dd,india,film,festival,cannes,films
deuba,night,pm,news,modi,meeting,jaishankar,stream,watch,europe,doordarshan,tour,eam,tv,online,dd,india,president,ranil,ram,headlines,kovind,sri,lankan,wickremesinghe,nation,visit,jamaica,minister,prime,engagement,nath
film,cannes,talks,festival,tourists,correspondent,dd,stream,watch,doordarshan,tv,online,dd,india,film,cannes,talks,festival,tourists,correspondent,dd,india
film,cannes,talks,actor,festival,correspondent,stream,watch,doordarshan,tv,online,dd,india,film,cannes,talks,actor,natalia,festival,correspondent,dd,india
broadcast,cannes,india,stream,watch,doordarshan,tv,online,dd,india,broadcast,cannes,india
news,updates,pm,test,stream,watch,doordarshan,tv,online,dd,india,film,festival,launch,jamaica,cannes,nation,test,address,supreme,headlines,gyanvapi,bed,evacuation,president,indigenous,frontline,ukraine,kovind,sri,court,pm,visit,warships,lanka
navy,news,defence,warships,minister,singh,updates,rajnath,stream,watch,doordarshan,tv,online,dd,india,film,festival,launch,jamaica,cannes,nation,test,address,supreme,headlines,gyanvapi,bed,evacuation,president,indigenous,frontline,ukraine,kovind,sri,court,pm,visit,warships,lanka
struggle,freedom,salbai,saga,treaty,stream,watch,doordarshan,tv,online,dd,india,struggle,maratha,east,freedom,salbai,marathas,saga,war,anglo,may,treaty,company,india
hour,court,news,gyanvapi,stream,watch,doordarshan,tv,online,dd,india,film,stock,festival,launch,jamaica,cannes,nation,test,address,supreme,headlines,lic,gyanvapi,bed,exchange,president,indigenous,frontline,kovind,sri,court,pm,visit,warships,list,lanka,shares
keen,tie,jamaica,fields,ups,india,stream,watch,doordarshan,tv,online,dd,india,pmo,trade,hill,conversation,exclusive,minister,rodriguez,dd,floyd,aubyn,jamaican,natalie,commerce,green,fields,senator,india,government,lynn,campbell,mark
jubilee,silver,trai,mos,event,dd,india,stream,watch,doordarshan,tv,online,dd,india,celebration,phase,jubilee,silver,state,watch,minister,trai,transmitters,broadcasting,murugan_mos,public,availability,union,information,spectrum,broadcaster
news,stock,list,exchange,shares,stream,stock,doordarshan,dd,test,tv,supreme,lic,watch,modi,gyanvapi,bed,exchange,president,ambedkar,india,kovind,court,pm,list,online,avenue,shares,president,sc,ambedkar,headlines,kovind,kingstone,pm,modi,news,test,gyanvapi,bed,comprehensive,launch,warships,show,avenue
president,parliament,day,frontline,cases,shanghai,economy,stream,watch,covid,doordarshan,defence,warships,minister,tv,online,dd,india,frontline,amit,preparedness,shah,headlines,shanghai,economy,cases,pm,covid,security,hm,defence,warships,minister,yatra
williams,mayor,delroy,conversation,kingston,dd,india,stream,watch,doordarshan,tv,online,dd,india,williams,mayor,delroy,conversation,kingston,dd,india
sports,liverpool,chase,buzz,trip,jaishankar,stream,watch,europe,doordarshan,tour,eam,tv,online,dd,india,sen,arsenal,basavaraj,lakh,rupees,united,lakshya,league,blow,bommai,headlines,thomas,newcastle,dream,karnataka,cup,win,cm,champions
community,reaction,jamaica,kingston,dd,india,stream,watch,doordarshan,tv,online,dd,india,president,community,ram,kovind,watch,abhishek,interaction,indian,mahajan,reception,jamaica,kingston,correspondent,dd,india,nath
film,cannes,festival,newspaper,correspondent,dd,jaishankar,stream,watch,europe,doordarshan,tour,eam,tv,online,dd,india,film,cannes,festival,newspaper,correspondent,dd,india
film,reports,cannes,festival,correspondent,dd,jaishankar,stream,watch,europe,doordarshan,tour,eam,tv,online,dd,india,film,reports,cannes,festival,correspondent,dd,india
meets,sri,today,world,parliament,lanka,session,jaishankar,stream,watch,europe,doordarshan,tour,eam,tv,online,dd,india,president,film,cannes,ram,headlines,kovind,today,jamaican,festival,houses,sitting,countries,joint,globe,parliament,nath
minutes,news,express,jaishankar,stream,watch,europe,doordarshan,tour,eam,tv,online,dd,india,minutes,news,express
shyama,programme,kuruvilla,bhushan,patwardhan,conversation,jaishankar,stream,watch,europe,doordarshan,tour,eam,tv,online,dd,india,shyama,programme,kuruvilla,bhushan,dr,patwardhan,conversation
president,kovind,houses,jamaica,parliament,meeting,jaishankar,stream,watch,europe,doordarshan,tour,eam,tv,online,dd,india,president,ram,kovind,houses,joint,jamaica,parliament,meeting,nath
thakur,film,pavilion,cannes,union,festival,tour,anurag,minister,jaishankar,stream,watch,europe,doordarshan,tour,eam,tv,online,dd,india,thakur,film,sea,pavilion,cannes,union,shores,festival,tour,broadcasting,anurag,minister,information,singh,india,mediterranean
abdulla,al,bin,marri,economy,interview,minister,touq,stream,watch,doordarshan,tv,online,dd,india,abdulla,al,bin,marri,economy,interview,uae,minister,touq
film,pavilion,cannes,festival,details,correspondent,dd,jaishankar,stream,watch,europe,doordarshan,tour,eam,tv,online,dd,india,film,pavilion,cannes,festival,details,correspondent,dd,india
film,ridham,cannes,filmmaker,festival,discuss,india,janve,jaishankar,stream,watch,europe,doordarshan,tour,eam,tv,online,dd,india,film,ridham,cannes,filmmaker,festival,discuss,india,janve
film,programme,cannes,festival,jaishankar,stream,watch,europe,doordarshan,tour,eam,tv,online,dd,india,film,programme,cannes,festival
silver,jubilee,night,pm,news,modi,trai,celebrations,jaishankar,stream,watch,europe,doordarshan,tour,eam,tv,online,dd,india,film,cannes,names,headlines,number,winners,hollywood,country,nation,edition,festival,or,honor,newcomers,year,india,selection,palme
film,display,carpet,cannes,diversity,power,festival,star,india,stream,watch,doordarshan,tv,online,dd,india,thakur,display,carpet,cannes,film,union,munmun,power,festival,bhattacharya,anurag,red,event,minister,diversity,correspondent,dd,india
news,updates,cannes,pavilion,stream,watch,doordarshan,tv,online,dd,india,jamaica,pavilion,cannes,peace,negotiation,orange,worsen,headlines,stagnates,alert,flood,assam,russia,president,ukraine,kovind,bengaluru,visit,situation,india
president,breakfast,kovind,news,visit,jamaica,updates,stream,watch,doordarshan,tv,online,dd,india,event,medal,cannes,pavilion,peace,negotiation,orange,headlines,alert,flood,assam,russia,ukraine,team,gold,bengaluru,pistol,situation,india
holness,interview,jamaica,minister,dd,india,stream,watch,doordarshan,tv,online,dd,india,climate,interventions,change,technology,interview,holness,pharmaceuticals,exclusive,collaboration,jamaica,minister,agriculture,andrew,dd,india,prime
film,cannes,actor,part,bhatia,feels,tamannaah,stream,watch,doordarshan,tv,online,dd,india,film,shyama,cannes,mishra,actor,festival,bhatia,tamannaah,correspondent,dd,india
film,preity,cannes,upala,actor,festival,dd,india,stream,watch,doordarshan,tv,online,dd,india,film,preity,cannes,munmun,country,hollywood,actor,upala,festival,bhattacharya,honour,correspondent,dd,year,india
winner,proud,cannes,kej,part,delegation,stream,watch,doordarshan,tv,online,dd,india,winner,film,cannes,kej,festival,grammy,part,ricky,delegation,dd,india
cannes,pavilion,news,hour,updates,stream,watch,doordarshan,tv,online,dd,india,event,jamaica,medal,peace,negotiation,orange,headlines,alert,flood,assam,russia,president,ukraine,team,kovind,gold,bengaluru,pistol,visit,situation,india
film,artist,khan,cannes,folk,festival,mame,india,stream,watch,doordarshan,tv,online,dd,india,film,artist,khan,cannes,folk,festival,mame,dd,india
medal,team,gold,news,pistol,event,updates,india,stream,watch,doordarshan,tv,online,dd,india,jamaica,pavilion,cannes,peace,negotiation,orange,worsen,headlines,stagnates,alert,flood,assam,russia,president,ukraine,kovind,bengaluru,visit,situation,india
mukunda,das,struggle,freedom,poet,saga,patriot,stream,watch,doordarshan,tv,online,dd,india,plays,mukunda,operation,das,struggle,places,barisal,movement,co,freedom,poet,saga,patriot
reliance,china,day,calls,secretary,stream,doordarshan,dd,cannes,pavilion,orange,tv,treasury,reliance,alert,watch,nato,secretary,bengaluru,end,china,sweden,us,online,finland,india,day,jamaica,prime,comprehensive,news,orange,headlines,alert,watch,mid,show,nato,president,kovind,today,bengaluru,sweden,visit,finland
thakur,film,pavilion,cannes,speaks,festival,anurag,minister,inauguration,stream,watch,doordarshan,tv,online,dd,india,thakur,film,pavilion,cannes,india,festival,anurag,minister,feed,dd,new,inauguration
cannes,pavilion,inauguration,india,stream,watch,doordarshan,tv,online,dd,india,pavilion,cannes,new,feed,dd,india,inauguration
film,cannes,pavilion,festival,dd,india,session,film,thakur,pavilion,cannes,stream,watch,minister,festival,deepika,doordarshan,padukone,anurag,union,tv,online,dd,india,session,thakur,film,pavilion,cannes,union,artists,festival,anurag,event,delegation,minister,singh,india,session
sports,buzz,stream,watch,doordarshan,tv,online,dd,india,feed,dd,india,new
film,cannes,pavilion,today,world,festival,nato,finland,stream,watch,doordarshan,tv,online,dd,india,film,cannes,pavilion,today,world,festival,dd,sweden,nato,new,feed,finland,india
interview,holness,jamaica,minister,dd,india,stream,watch,doordarshan,tv,online,dd,india,interview,holness,exclusive,jamaica,minister,andrew,dd,india,prime
film,singer,pavilion,cannes,folk,festival,sings,mame,inauguration,stream,watch,doordarshan,tv,online,dd,india,film,singer,khan,india,pavilion,folk,cannes,festival,sings,mame,new,feed,dd,inauguration
ralph,grenadines,interview,vincent,minister,dd,gonsalves,india,stream,watch,doordarshan,tv,online,dd,india,president,ralph,ram,grenadines,kovind,pm,interview,rama,exclusive,vincent,visit,saint,tyagi,correspondent,dd,gonsalves,india,nath
minutes,updates,news,express,stream,watch,doordarshan,tv,online,dd,india,feed,dd,india,new
cannes,night,news,day,nato,finland,india,stream,watch,doordarshan,tv,online,dd,india,cannes,formally,news,day,sweden,dd,nato,new,feed,finland,india
films,joshi,chairman,cbfc,ministry,incentives,prasoon,dd,india,stream,watch,doordarshan,tv,online,dd,india,films,joshi,chairman,cbfc,ministry,incentives,exclusive,prasoon,dd,india
