official,news,doordarshan,youtube,dd
official,news,doordarshan,youtube,dd
official,news,doordarshan,youtube,dd
news,hearing,official,news,doordarshan,youtube,dd,impaired,news,hearing
official,news,doordarshan,youtube,dd
official,news,doordarshan,youtube,dd
official,news,doordarshan,youtube,dd
official,news,doordarshan,youtube,dd
official,news,doordarshan,youtube,dd
official,news,doordarshan,youtube,dd
official,news,doordarshan,youtube,dd
official,news,doordarshan,youtube,dd
official,news,doordarshan,youtube,dd
official,news,doordarshan,youtube,dd
official,news,doordarshan,youtube,dd
official,news,doordarshan,youtube,dd
official,news,doordarshan,youtube,dd
official,news,doordarshan,youtube,dd
official,news,doordarshan,youtube,dd
official,news,doordarshan,youtube,dd
official,news,doordarshan,youtube,dd
official,news,doordarshan,youtube,dd
official,news,doordarshan,youtube,dd
official,news,doordarshan,youtube,dd
official,news,doordarshan,youtube,dd,events,vice,live,dialects,subscribe,latest,politicalnews,stable,newsinhindi,channel,units,service,cum,minister,hours,dd,videos,prime,channels,platforms,news,bulletins,twitter,hindi,latestnews,facebook,distinction,youtube,sanskrit,fair,follow,country,download,media,english,languages,bharati,watch,more,breakingnews,public,urdu,prasar,updates,mobile,president,todaynews,discussions,name,instagram,app,hindinews,coverage,transmission,repertoire,analysis,broadcaster,india
official,news,doordarshan,youtube,dd,events,vice,live,dialects,subscribe,latest,politicalnews,stable,newsinhindi,channel,units,service,cum,minister,hours,dd,videos,prime,channels,platforms,news,bulletins,twitter,hindi,latestnews,facebook,distinction,youtube,sanskrit,fair,follow,country,download,media,english,languages,bharati,watch,more,breakingnews,public,urdu,prasar,updates,mobile,president,todaynews,discussions,name,instagram,app,hindinews,coverage,transmission,repertoire,analysis,broadcaster,india
sc,official,news,doordarshan,youtube,dd,sc,events,vice,live,dialects,subscribe,latest,politicalnews,stable,newsinhindi,channel,units,service,cum,minister,hours,dd,videos,prime,channels,platforms,news,bulletins,twitter,hindi,latestnews,facebook,distinction,youtube,sanskrit,fair,follow,country,download,media,english,languages,bharati,watch,more,breakingnews,public,urdu,prasar,updates,mobile,president,todaynews,discussions,name,instagram,app,hindinews,coverage,transmission,repertoire,analysis,broadcaster,india
official,news,doordarshan,youtube,dd,events,vice,live,dialects,subscribe,latest,politicalnews,stable,newsinhindi,channel,units,service,cum,minister,hours,dd,videos,prime,channels,platforms,news,bulletins,twitter,hindi,latestnews,facebook,distinction,youtube,sanskrit,fair,follow,country,download,media,english,languages,bharati,watch,more,breakingnews,public,urdu,prasar,updates,mobile,president,todaynews,discussions,name,instagram,app,hindinews,coverage,transmission,repertoire,analysis,broadcaster,india
official,news,doordarshan,youtube,dd,events,vice,live,dialects,subscribe,latest,politicalnews,stable,newsinhindi,channel,units,service,cum,minister,hours,dd,videos,prime,channels,platforms,news,bulletins,twitter,hindi,latestnews,facebook,distinction,youtube,sanskrit,fair,follow,country,download,media,english,languages,bharati,watch,more,breakingnews,public,urdu,prasar,updates,mobile,president,todaynews,discussions,name,instagram,app,hindinews,coverage,transmission,repertoire,analysis,broadcaster,india
prog,bjp,official,news,doordarshan,youtube,dd,events,vice,live,dialects,subscribe,latest,politicalnews,bjp,stable,newsinhindi,channel,units,service,cum,minister,hours,dd,videos,prime,channels,platforms,news,bulletins,twitter,hindi,latestnews,facebook,distinction,youtube,sanskrit,fair,follow,country,download,media,english,languages,bharati,watch,more,breakingnews,public,urdu,prasar,updates,mobile,president,todaynews,discussions,name,instagram,app,full,hindinews,coverage,transmission,repertoire,analysis,prog,broadcaster,india
bjp,official,news,doordarshan,youtube,dd,events,vice,live,dialects,subscribe,latest,politicalnews,bjp,stable,newsinhindi,channel,units,service,cum,minister,hours,dd,videos,prime,channels,platforms,news,bulletins,twitter,hindi,latestnews,facebook,distinction,youtube,sanskrit,fair,follow,country,download,media,english,languages,bharati,watch,more,breakingnews,public,urdu,prasar,updates,mobile,president,todaynews,discussions,name,instagram,app,hindinews,coverage,transmission,repertoire,analysis,broadcaster,india
official,news,doordarshan,youtube,dd,events,vice,live,dialects,subscribe,latest,politicalnews,stable,newsinhindi,channel,units,service,cum,minister,hours,dd,videos,prime,channels,platforms,news,bulletins,twitter,hindi,latestnews,facebook,distinction,youtube,sanskrit,fair,follow,country,download,media,english,languages,bharati,watch,more,breakingnews,public,urdu,prasar,updates,mobile,president,todaynews,discussions,name,instagram,app,hindinews,coverage,transmission,repertoire,analysis,broadcaster,india
official,news,doordarshan,youtube,dd,events,vice,live,dialects,subscribe,latest,politicalnews,stable,newsinhindi,channel,units,service,cum,minister,hours,dd,videos,prime,channels,platforms,news,bulletins,twitter,hindi,latestnews,facebook,distinction,youtube,sanskrit,fair,follow,country,download,media,english,languages,bharati,watch,more,breakingnews,public,urdu,prasar,updates,mobile,president,todaynews,discussions,name,instagram,app,hindinews,coverage,transmission,repertoire,analysis,broadcaster,india
official,news,doordarshan,youtube,dd,events,vice,live,dialects,subscribe,latest,politicalnews,stable,newsinhindi,channel,units,service,cum,minister,hours,dd,videos,prime,channels,platforms,news,bulletins,twitter,hindi,latestnews,facebook,distinction,youtube,sanskrit,fair,follow,country,download,media,english,languages,bharati,watch,more,breakingnews,public,urdu,prasar,updates,mobile,president,todaynews,discussions,name,instagram,app,hindinews,coverage,transmission,repertoire,analysis,broadcaster,india
games,programme,university,khelo,official,news,doordarshan,youtube,dd,events,vice,live,games,dialects,subscribe,latest,politicalnews,stable,newsinhindi,channel,units,service,cum,minister,hours,dd,videos,prime,channels,university,platforms,news,bulletins,twitter,hindi,latestnews,facebook,distinction,youtube,sanskrit,fair,follow,country,download,media,english,languages,bharati,watch,more,breakingnews,public,urdu,khelo,prasar,updates,mobile,president,todaynews,programme,discussions,name,instagram,app,hindinews,coverage,transmission,repertoire,analysis,broadcaster,india
official,news,doordarshan,youtube,dd,events,vice,live,dialects,subscribe,latest,politicalnews,stable,newsinhindi,channel,units,service,cum,minister,hours,dd,videos,prime,channels,platforms,news,bulletins,twitter,hindi,latestnews,facebook,distinction,youtube,sanskrit,fair,follow,country,download,media,english,languages,bharati,watch,more,breakingnews,public,urdu,prasar,updates,mobile,president,todaynews,discussions,name,instagram,app,hindinews,coverage,transmission,repertoire,analysis,broadcaster,india
media,ministry,delhi,centre,session,official,news,doordarshan,youtube,dd,events,vice,live,dialects,subscribe,latest,politicalnews,stable,newsinhindi,channel,event,units,new,service,cum,minister,dd,hours,videos,prime,channels,platforms,news,bulletins,twitter,hindi,latestnews,facebook,distinction,youtube,delhi,officials,sanskrit,fair,follow,country,download,yoga,media,english,bharati,languages,watch,more,breakingnews,ministry,public,urdu,prasar,updates,mobile,national,president,todaynews,discussions,name,instagram,app,hindinews,coverage,transmission,repertoire,analysis,broadcaster,india,centre,session
press,mea,conference,official,news,doordarshan,youtube,dd,events,vice,live,dialects,subscribe,latest,politicalnews,stable,newsinhindi,channel,units,service,cum,minister,hours,dd,videos,prime,channels,platforms,news,bulletins,twitter,hindi,latestnews,conference,distinction,facebook,youtube,sanskrit,fair,follow,country,download,media,english,languages,bharati,watch,more,breakingnews,public,urdu,prasar,updates,mobile,press,president,todaynews,discussions,name,instagram,app,hindinews,coverage,mea,transmission,repertoire,analysis,broadcaster,india
official,news,doordarshan,youtube,dd,events,vice,live,dialects,subscribe,latest,politicalnews,stable,newsinhindi,channel,units,service,cum,minister,hours,dd,videos,prime,channels,platforms,news,bulletins,twitter,hindi,latestnews,facebook,distinction,youtube,sanskrit,fair,follow,country,download,media,english,languages,bharati,watch,more,breakingnews,public,urdu,prasar,updates,mobile,president,todaynews,discussions,name,instagram,app,hindinews,coverage,transmission,repertoire,analysis,broadcaster,india
media,pm,stories,ministry,samachar,centre,session,official,news,doordarshan,youtube,dd,events,vice,live,dialects,subscribe,latest,politicalnews,stable,newsinhindi,channel,units,new,service,cum,minister,dd,hours,videos,prime,channels,platforms,news,bulletins,twitter,hindi,latestnews,facebook,distinction,youtube,delhi,sanskrit,fair,follow,country,download,yoga,media,english,bharati,languages,watch,more,breakingnews,ministry,public,urdu,prasar,updates,mobile,national,president,todaynews,discussions,name,instagram,app,hindinews,pm,coverage,transmission,repertoire,analysis,samachar,broadcaster,india,centre,session
official,news,doordarshan,youtube,dd,events,vice,live,dialects,subscribe,latest,politicalnews,stable,newsinhindi,channel,units,service,cum,minister,hours,dd,videos,prime,channels,platforms,news,bulletins,twitter,hindi,latestnews,facebook,distinction,youtube,sanskrit,fair,follow,country,download,media,english,languages,bharati,watch,more,breakingnews,public,urdu,prasar,updates,mobile,president,todaynews,discussions,name,instagram,app,hindinews,coverage,transmission,repertoire,analysis,broadcaster,india
press,mea,official,news,doordarshan,youtube,dd,events,vice,live,dialects,subscribe,latest,politicalnews,stable,newsinhindi,channel,units,service,cum,minister,hours,dd,videos,prime,channels,platforms,news,bulletins,twitter,hindi,latestnews,facebook,distinction,youtube,sanskrit,fair,follow,country,download,media,english,languages,bharati,watch,more,breakingnews,public,urdu,prasar,updates,mobile,press,president,todaynews,discussions,name,instagram,app,hindinews,coverage,mea,transmission,repertoire,analysis,broadcaster,india
prog,official,news,doordarshan,youtube,dd,events,vice,live,dialects,subscribe,latest,politicalnews,stable,newsinhindi,channel,units,service,cum,minister,hours,dd,videos,prime,channels,platforms,news,bulletins,twitter,hindi,latestnews,facebook,distinction,youtube,sanskrit,fair,follow,country,download,media,english,languages,bharati,watch,more,breakingnews,public,urdu,prasar,updates,mobile,president,todaynews,discussions,name,instagram,app,hindinews,coverage,transmission,repertoire,analysis,broadcaster,india
official,news,doordarshan,youtube,dd,events,vice,live,dialects,subscribe,latest,politicalnews,stable,newsinhindi,channel,units,service,cum,minister,hours,dd,videos,prime,channels,platforms,news,bulletins,twitter,hindi,latestnews,facebook,distinction,youtube,sanskrit,fair,follow,country,download,media,english,languages,bharati,watch,more,breakingnews,public,urdu,prasar,updates,mobile,president,todaynews,discussions,name,instagram,app,hindinews,coverage,transmission,repertoire,analysis,broadcaster,india
prog,official,news,doordarshan,youtube,dd,events,vice,live,dialects,subscribe,latest,politicalnews,stable,newsinhindi,channel,units,service,cum,minister,hours,dd,videos,prime,channels,platforms,news,bulletins,twitter,hindi,latestnews,facebook,distinction,youtube,sanskrit,fair,follow,country,download,media,english,languages,bharati,watch,more,breakingnews,public,urdu,prasar,updates,mobile,president,todaynews,discussions,name,instagram,app,full,hindinews,coverage,transmission,repertoire,analysis,prog,broadcaster,india
conclave,pm,start,modi,participates,madhya,video,official,news,doordarshan,youtube,dd,events,vice,live,dialects,subscribe,latest,politicalnews,stable,newsinhindi,channel,units,service,cum,minister,hours,dd,videos,pradesh,prime,conclave,channels,platforms,news,bulletins,twitter,hindi,latestnews,facebook,distinction,youtube,sanskrit,fair,follow,country,download,media,english,modi,bharati,languages,watch,more,breakingnews,public,madhya,prasar,urdu,updates,mobile,president,todaynews,discussions,name,instagram,app,hindinews,pm,start,coverage,transmission,repertoire,analysis,video,broadcaster,india
official,news,doordarshan,youtube,dd,events,vice,live,dialects,subscribe,latest,politicalnews,stable,newsinhindi,channel,units,service,cum,minister,hours,dd,videos,prime,channels,platforms,news,bulletins,twitter,hindi,latestnews,facebook,distinction,youtube,sanskrit,fair,follow,country,download,media,english,languages,bharati,watch,more,breakingnews,public,urdu,prasar,updates,mobile,president,todaynews,discussions,name,instagram,app,hindinews,coverage,transmission,repertoire,analysis,broadcaster,india
official,news,doordarshan,youtube,dd,events,vice,live,dialects,subscribe,latest,politicalnews,stable,newsinhindi,channel,units,service,cum,minister,hours,dd,videos,prime,channels,platforms,news,bulletins,twitter,hindi,latestnews,facebook,distinction,youtube,sanskrit,fair,follow,country,download,media,english,languages,bharati,watch,more,breakingnews,public,urdu,prasar,updates,mobile,president,todaynews,discussions,name,instagram,app,hindinews,coverage,transmission,repertoire,analysis,broadcaster,india
conclave,pm,start,modi,participates,madhya,video,official,news,doordarshan,youtube,dd,events,vice,live,dialects,subscribe,latest,politicalnews,stable,newsinhindi,channel,units,service,cum,minister,hours,dd,videos,pradesh,prime,conclave,channels,platforms,news,bulletins,twitter,hindi,latestnews,facebook,distinction,youtube,sanskrit,fair,follow,country,download,media,english,modi,bharati,languages,watch,more,breakingnews,public,madhya,prasar,urdu,updates,mobile,president,todaynews,discussions,name,instagram,app,hindinews,pm,start,coverage,transmission,repertoire,analysis,video,broadcaster,india
official,news,doordarshan,youtube,dd,events,vice,live,dialects,subscribe,latest,politicalnews,stable,newsinhindi,channel,units,service,cum,minister,hours,dd,videos,prime,channels,platforms,news,bulletins,twitter,hindi,latestnews,facebook,distinction,youtube,sanskrit,fair,follow,country,download,media,english,languages,bharati,watch,more,breakingnews,public,urdu,prasar,updates,mobile,president,todaynews,discussions,name,instagram,app,hindinews,coverage,transmission,repertoire,analysis,broadcaster,india
conclave,night,pm,news,modi,start,participates,madhya,video,official,news,doordarshan,youtube,dd,events,vice,live,dialects,subscribe,latest,politicalnews,stable,newsinhindi,channel,units,service,cum,minister,hours,dd,videos,pradesh,prime,conclave,channels,platforms,night,news,bulletins,twitter,hindi,latestnews,facebook,distinction,youtube,sanskrit,fair,follow,country,download,media,english,modi,bharati,languages,stories,watch,more,breakingnews,public,madhya,prasar,urdu,updates,mobile,president,todaynews,discussions,name,instagram,app,hindinews,pm,start,coverage,transmission,repertoire,analysis,conferencing,video,broadcaster,india
official,news,doordarshan,youtube,dd,events,vice,live,dialects,subscribe,latest,politicalnews,stable,newsinhindi,channel,units,service,cum,minister,hours,dd,videos,prime,channels,platforms,news,bulletins,twitter,hindi,latestnews,facebook,distinction,youtube,sanskrit,fair,follow,country,download,media,english,languages,bharati,watch,more,breakingnews,public,urdu,prasar,updates,mobile,president,todaynews,discussions,name,instagram,app,hindinews,coverage,transmission,repertoire,analysis,broadcaster,india
official,news,doordarshan,youtube,dd,events,vice,live,dialects,subscribe,latest,politicalnews,stable,newsinhindi,channel,units,service,cum,minister,hours,dd,videos,prime,channels,platforms,news,bulletins,twitter,hindi,latestnews,facebook,distinction,youtube,sanskrit,fair,follow,country,download,media,english,languages,bharati,watch,more,breakingnews,public,urdu,prasar,updates,mobile,president,todaynews,discussions,name,instagram,app,hindinews,coverage,transmission,repertoire,analysis,broadcaster,india
official,news,doordarshan,youtube,dd,events,vice,live,dialects,subscribe,latest,politicalnews,stable,newsinhindi,channel,units,service,cum,minister,hours,dd,videos,prime,channels,platforms,news,bulletins,twitter,hindi,latestnews,facebook,distinction,youtube,sanskrit,fair,follow,country,download,media,english,languages,bharati,watch,more,breakingnews,public,urdu,prasar,updates,mobile,president,todaynews,discussions,name,instagram,app,hindinews,coverage,transmission,repertoire,analysis,broadcaster,india
official,news,doordarshan,youtube,dd,events,vice,live,dialects,subscribe,latest,politicalnews,stable,newsinhindi,channel,units,service,cum,minister,hours,dd,videos,prime,channels,platforms,news,bulletins,twitter,hindi,latestnews,facebook,distinction,youtube,sanskrit,fair,follow,country,download,media,english,languages,bharati,watch,more,breakingnews,public,urdu,prasar,updates,mobile,president,todaynews,discussions,name,instagram,app,hindinews,coverage,transmission,repertoire,analysis,broadcaster,india
official,news,doordarshan,youtube,dd,events,vice,live,dialects,subscribe,latest,politicalnews,stable,newsinhindi,channel,units,service,cum,minister,hours,dd,videos,prime,channels,platforms,news,bulletins,twitter,hindi,latestnews,facebook,distinction,youtube,sanskrit,fair,follow,country,download,media,english,languages,bharati,watch,more,breakingnews,public,urdu,prasar,updates,mobile,president,todaynews,discussions,name,instagram,app,hindinews,coverage,transmission,repertoire,analysis,broadcaster,india
official,news,doordarshan,youtube,dd
official,news,doordarshan,youtube,dd
official,news,doordarshan,youtube,dd
news,hearing,official,news,doordarshan,youtube,dd,impaired,news,hearing
official,news,doordarshan,youtube,dd
official,news,doordarshan,youtube,dd
official,news,doordarshan,youtube,dd
official,news,doordarshan,youtube,dd
official,news,doordarshan,youtube,dd
money,official,news,doordarshan,youtube,dd,money
official,news,doordarshan,youtube,dd
official,news,doordarshan,youtube,dd
official,news,doordarshan,youtube,dd
official,news,doordarshan,youtube,dd
official,news,doordarshan,youtube,dd
official,news,doordarshan,youtube,dd
official,news,doordarshan,youtube,dd
official,news,doordarshan,youtube,dd
official,news,doordarshan,youtube,dd
official,news,doordarshan,youtube,dd
official,news,doordarshan,youtube,dd
official,news,doordarshan,youtube,dd
official,news,doordarshan,youtube,dd
official,news,doordarshan,youtube,dd
official,news,doordarshan,youtube,dd
official,news,doordarshan,youtube,dd
pm,official,news,doordarshan,youtube,dd,events,vice,live,dialects,subscribe,latest,politicalnews,stable,newsinhindi,channel,units,service,cum,minister,hours,dd,videos,prime,channels,platforms,news,bulletins,twitter,hindi,latestnews,facebook,distinction,youtube,sanskrit,fair,follow,country,download,media,english,languages,bharati,watch,more,breakingnews,public,urdu,prasar,updates,mobile,president,todaynews,discussions,name,instagram,app,hindinews,pm,coverage,transmission,repertoire,analysis,broadcaster,india
official,news,doordarshan,youtube,dd,events,vice,live,dialects,subscribe,latest,politicalnews,stable,newsinhindi,channel,units,service,cum,minister,hours,dd,videos,prime,channels,platforms,news,bulletins,twitter,hindi,latestnews,facebook,distinction,youtube,sanskrit,fair,follow,country,download,media,english,languages,bharati,watch,more,breakingnews,public,urdu,prasar,updates,mobile,president,todaynews,discussions,name,instagram,app,hindinews,coverage,transmission,repertoire,analysis,broadcaster,india
ek,programme,bharat,shreshtha,official,news,doordarshan,youtube,dd,events,shreshtha,vice,live,ek,bharat,dialects,latest,subscribe,politicalnews,stable,newsinhindi,channel,units,service,cum,minister,hours,dd,videos,prime,channels,platforms,news,bulletins,twitter,hindi,latestnews,facebook,distinction,youtube,sanskrit,fair,follow,country,download,media,english,languages,bharati,watch,more,breakingnews,public,urdu,prasar,updates,mobile,president,todaynews,programme,discussions,name,instagram,app,hindinews,coverage,transmission,repertoire,analysis,broadcaster,india
official,news,doordarshan,youtube,dd,events,vice,live,dialects,subscribe,latest,politicalnews,stable,newsinhindi,channel,units,service,cum,minister,hours,dd,videos,prime,channels,platforms,news,bulletins,twitter,hindi,latestnews,facebook,distinction,youtube,sanskrit,fair,follow,country,download,media,english,languages,bharati,watch,more,breakingnews,public,urdu,prasar,updates,mobile,president,todaynews,discussions,name,instagram,app,hindinews,coverage,transmission,repertoire,analysis,broadcaster,india
pandey,sudhanshu,country,wheat,availability,conference,official,news,doordarshan,youtube,dd,events,vice,live,dialects,subscribe,latest,politicalnews,stable,newsinhindi,channel,units,service,cum,minister,hours,dd,videos,prime,channels,platforms,news,wheat,bulletins,twitter,department,hindi,latestnews,conference,distinction,facebook,youtube,sanskrit,sudhanshu,fair,follow,country,download,media,english,languages,bharati,watch,more,breakingnews,public,urdu,prasar,updates,mobile,press,food,secretary,pandey,president,todaynews,discussions,name,instagram,app,hindinews,coverage,transmission,repertoire,analysis,availability,distribution,broadcaster,india
pm,official,news,doordarshan,youtube,dd,events,vice,live,dialects,subscribe,latest,politicalnews,stable,newsinhindi,channel,units,service,cum,minister,hours,dd,videos,prime,channels,platforms,news,bulletins,twitter,hindi,latestnews,facebook,distinction,youtube,sanskrit,fair,follow,country,download,media,english,languages,bharati,watch,more,breakingnews,public,urdu,prasar,updates,mobile,president,todaynews,discussions,name,instagram,app,hindinews,pm,coverage,transmission,repertoire,analysis,broadcaster,india
official,news,doordarshan,youtube,dd,events,vice,live,dialects,subscribe,latest,politicalnews,stable,newsinhindi,channel,units,service,cum,minister,hours,dd,videos,prime,channels,platforms,news,bulletins,twitter,hindi,latestnews,facebook,distinction,youtube,sanskrit,fair,follow,country,download,media,english,languages,bharati,watch,more,breakingnews,public,urdu,prasar,updates,mobile,president,todaynews,discussions,name,instagram,app,hindinews,coverage,transmission,repertoire,analysis,broadcaster,india
official,news,doordarshan,youtube,dd,events,vice,live,dialects,subscribe,latest,politicalnews,stable,newsinhindi,channel,units,service,cum,minister,hours,dd,videos,prime,channels,platforms,news,bulletins,twitter,hindi,latestnews,facebook,distinction,youtube,sanskrit,fair,follow,country,download,media,english,languages,bharati,watch,more,breakingnews,public,urdu,prasar,updates,mobile,president,todaynews,discussions,name,instagram,app,hindinews,coverage,transmission,repertoire,analysis,broadcaster,india
pm,official,news,doordarshan,youtube,dd,events,vice,live,dialects,subscribe,latest,politicalnews,stable,newsinhindi,channel,units,service,cum,minister,hours,dd,videos,prime,channels,platforms,news,bulletins,twitter,hindi,latestnews,facebook,distinction,youtube,sanskrit,fair,follow,country,download,media,english,languages,bharati,watch,more,breakingnews,public,urdu,prasar,updates,mobile,president,todaynews,discussions,name,instagram,app,hindinews,pm,coverage,transmission,repertoire,analysis,broadcaster,india
sanskrit,vaartavali,magazine,official,news,doordarshan,youtube,dd,events,vice,live,dialects,subscribe,latest,politicalnews,stable,newsinhindi,channel,units,service,cum,minister,hours,dd,videos,prime,channels,platforms,news,bulletins,twitter,episode,hindi,latestnews,facebook,distinction,youtube,sanskrit,fair,follow,country,download,media,english,languages,bharati,watch,more,weekly,breakingnews,public,urdu,prasar,updates,mobile,president,todaynews,discussions,name,instagram,app,hindinews,coverage,transmission,repertoire,magazine,analysis,vaartavali,broadcaster,india
sports,thakur,yoga,participates,mahotsav,minister,official,news,doordarshan,youtube,dd,events,vice,live,dialects,subscribe,latest,politicalnews,stable,newsinhindi,channel,units,service,minister,cum,hours,dd,videos,prime,channels,platforms,news,bulletins,twitter,hindi,latestnews,facebook,distinction,youtube,sports,sanskrit,fair,follow,country,download,yoga,english,languages,bharati,media,watch,more,breakingnews,public,anurag,urdu,prasar,updates,mobile,president,thakur,todaynews,discussions,name,instagram,app,hindinews,coverage,transmission,repertoire,analysis,mahotsav,broadcaster,india
amit,gathering,home,shah,minister,hyderabad,official,news,doordarshan,youtube,dd,amit,home,events,live,vice,dialects,subscribe,latest,politicalnews,stable,newsinhindi,channel,units,service,minister,cum,hours,dd,videos,hyderabad,prime,gathering,channels,platforms,news,bulletins,twitter,hindi,latestnews,facebook,distinction,youtube,sanskrit,fair,follow,country,download,media,english,languages,bharati,watch,more,breakingnews,public,urdu,prasar,updates,mobile,president,todaynews,shah,name,discussions,instagram,app,hindinews,coverage,transmission,repertoire,analysis,broadcaster,india
sanskrit,anamika,listen,song,movie,official,news,doordarshan,youtube,dd,events,vice,live,song,dialects,subscribe,latest,politicalnews,stable,newsinhindi,channel,units,service,cum,minister,hours,dd,videos,prime,channels,platforms,news,bulletins,twitter,hindi,latestnews,facebook,distinction,youtube,sanskrit,fair,anamika,follow,country,download,media,english,languages,bharati,watch,more,breakingnews,public,urdu,prasar,updates,movie,mobile,president,todaynews,discussions,name,instagram,app,hindinews,coverage,transmission,repertoire,analysis,broadcaster,india
sanskrit,universities,festival,official,news,doordarshan,youtube,dd,events,vice,live,dialects,festival,latest,subscribe,politicalnews,stable,newsinhindi,channel,units,service,cum,minister,hours,dd,videos,prime,channels,platforms,news,bulletins,twitter,hindi,latestnews,facebook,distinction,youtube,sanskrit,fair,follow,country,download,media,english,languages,universities,bharati,watch,more,breakingnews,public,urdu,prasar,updates,mobile,president,todaynews,discussions,name,instagram,utkarsh,app,hindinews,coverage,transmission,repertoire,analysis,mahotsav,broadcaster,india
shastri,prof,shukla,scholars,awardees,tribute,official,news,doordarshan,youtube,dd,events,vice,live,dialects,subscribe,padmashri,latest,scholars,stable,politicalnews,newsinhindi,channel,units,service,cum,minister,hours,dd,videos,prime,channels,platforms,prof,news,bulletins,twitter,hindi,latestnews,facebook,distinction,youtube,sanskrit,fair,shastri,follow,country,download,media,ramakant,english,bharati,languages,dr,watch,more,breakingnews,public,urdu,prasar,updates,mobile,vagish,tribute,president,todaynews,discussions,name,instagram,app,shukla,hindinews,coverage,transmission,repertoire,analysis,awardees,broadcaster,india
ludhiana,chief,jp,nadda,bjp,workers,official,news,doordarshan,youtube,dd,ludhiana,events,vice,live,jp,dialects,latest,subscribe,politicalnews,bjp,stable,newsinhindi,channel,units,service,cum,minister,hours,dd,videos,prime,channels,platforms,news,bulletins,twitter,nadda,hindi,latestnews,facebook,distinction,youtube,sanskrit,chief,fair,follow,country,download,media,english,languages,bharati,watch,more,breakingnews,public,urdu,prasar,updates,mobile,president,todaynews,discussions,name,instagram,app,hindinews,coverage,transmission,repertoire,analysis,broadcaster,india,workers
official,news,doordarshan,youtube,dd,events,vice,live,dialects,subscribe,latest,politicalnews,stable,newsinhindi,channel,units,service,cum,minister,hours,dd,videos,prime,channels,platforms,news,bulletins,twitter,hindi,latestnews,facebook,distinction,youtube,sanskrit,fair,follow,country,download,media,english,languages,bharati,watch,more,breakingnews,public,urdu,prasar,updates,mobile,president,todaynews,discussions,name,instagram,app,hindinews,coverage,transmission,repertoire,analysis,broadcaster,india
official,news,doordarshan,youtube,dd,events,vice,live,dialects,subscribe,latest,politicalnews,stable,newsinhindi,channel,units,service,cum,minister,hours,dd,videos,prime,channels,platforms,news,bulletins,twitter,hindi,latestnews,facebook,distinction,youtube,sanskrit,fair,follow,country,download,media,english,languages,bharati,watch,more,breakingnews,public,urdu,prasar,updates,mobile,president,todaynews,discussions,name,instagram,app,hindinews,coverage,transmission,repertoire,analysis,broadcaster,india
chief,night,news,jp,stories,nadda,bjp,workers,official,news,doordarshan,youtube,dd,ludhiana,events,vice,live,jp,dialects,latest,subscribe,politicalnews,bjp,stable,newsinhindi,channel,units,service,cum,minister,hours,dd,videos,prime,channels,platforms,night,news,bulletins,twitter,nadda,hindi,latestnews,facebook,distinction,youtube,sanskrit,chief,fair,follow,country,download,media,english,languages,bharati,watch,stories,more,breakingnews,public,urdu,prasar,updates,mobile,president,todaynews,discussions,name,instagram,app,hindinews,coverage,transmission,repertoire,analysis,broadcaster,india,workers
official,news,doordarshan,youtube,dd,events,vice,live,dialects,subscribe,latest,politicalnews,stable,newsinhindi,channel,units,service,cum,minister,hours,dd,videos,prime,channels,platforms,news,bulletins,twitter,hindi,latestnews,facebook,distinction,youtube,sanskrit,fair,follow,country,download,media,english,languages,bharati,watch,more,breakingnews,public,urdu,prasar,updates,mobile,president,todaynews,discussions,name,instagram,app,hindinews,coverage,transmission,repertoire,analysis,broadcaster,india
tejaswini,dr,kale,hygiene,parashar,kapile,official,news,doordarshan,youtube,dd,tejaswini,anika,dr,kale,hygiene,naaz,parashar,shraddha,kapile,farheen
official,news,doordarshan,youtube,dd
official,news,doordarshan,youtube,dd
official,news,doordarshan,youtube,dd
official,news,doordarshan,youtube,dd
official,news,doordarshan,youtube,dd
official,news,doordarshan,youtube,dd
official,news,doordarshan,youtube,dd
official,news,doordarshan,youtube,dd
official,news,doordarshan,youtube,dd
centre,official,news,doordarshan,youtube,dd,international,india,centre
official,news,doordarshan,youtube,dd
official,news,doordarshan,youtube,dd
official,news,doordarshan,youtube,dd
official,news,doordarshan,youtube,dd
official,news,doordarshan,youtube,dd
g7,official,news,doordarshan,youtube,dd,g7
official,news,doordarshan,youtube,dd
official,news,doordarshan,youtube,dd
official,news,doordarshan,youtube,dd
official,news,doordarshan,youtube,dd
official,news,doordarshan,youtube,dd
pm,official,news,doordarshan,youtube,dd,events,vice,live,dialects,subscribe,latest,politicalnews,stable,newsinhindi,channel,units,service,cum,minister,hours,dd,videos,prime,channels,platforms,news,bulletins,twitter,hindi,latestnews,facebook,distinction,youtube,sanskrit,fair,follow,country,download,media,english,languages,bharati,watch,more,breakingnews,public,urdu,prasar,updates,mobile,president,todaynews,discussions,name,instagram,app,hindinews,pm,coverage,transmission,repertoire,analysis,broadcaster,india
pm,official,news,doordarshan,youtube,dd,events,vice,live,dialects,subscribe,latest,politicalnews,stable,newsinhindi,channel,units,service,cum,minister,hours,dd,videos,prime,channels,platforms,news,bulletins,twitter,hindi,latestnews,facebook,distinction,youtube,sanskrit,fair,follow,country,download,media,english,languages,bharati,watch,more,breakingnews,public,urdu,prasar,updates,mobile,president,todaynews,discussions,name,instagram,app,hindinews,pm,coverage,transmission,repertoire,analysis,broadcaster,india
pm,official,news,doordarshan,youtube,dd,events,vice,live,dialects,subscribe,latest,politicalnews,stable,newsinhindi,channel,units,service,cum,minister,hours,dd,videos,prime,channels,platforms,news,bulletins,twitter,hindi,latestnews,facebook,distinction,youtube,sanskrit,fair,follow,country,download,media,english,languages,bharati,watch,more,breakingnews,public,urdu,prasar,updates,mobile,president,todaynews,discussions,name,instagram,app,hindinews,pm,coverage,transmission,repertoire,analysis,broadcaster,india
time,history,team,cup,india,official,news,doordarshan,youtube,dd,time,events,vice,live,dialects,subscribe,latest,politicalnews,stable,newsinhindi,channel,units,service,cum,minister,hours,dd,videos,prime,history,channels,platforms,news,bulletins,twitter,hindi,latestnews,facebook,distinction,youtube,sanskrit,fair,follow,country,download,media,english,languages,bharati,thomas,watch,more,breakingnews,public,urdu,prasar,updates,mobile,president,todaynews,team,discussions,name,instagram,app,hindinews,cup,coverage,transmission,repertoire,analysis,broadcaster,india
time,history,pm,cup,stories,samachar,india,official,news,doordarshan,youtube,dd,time,events,vice,live,dialects,subscribe,latest,politicalnews,stable,newsinhindi,channel,units,service,cum,minister,hours,dd,videos,prime,history,channels,platforms,news,bulletins,twitter,hindi,latestnews,facebook,distinction,youtube,sanskrit,fair,follow,country,download,media,english,languages,bharati,thomas,stories,watch,more,breakingnews,public,urdu,prasar,updates,mobile,president,todaynews,discussions,name,instagram,app,hindinews,pm,cup,coverage,transmission,repertoire,analysis,samachar,broadcaster,india
pm,official,news,doordarshan,youtube,dd,events,vice,live,dialects,subscribe,latest,politicalnews,stable,newsinhindi,channel,units,service,cum,minister,hours,dd,videos,prime,channels,platforms,news,bulletins,twitter,hindi,latestnews,facebook,distinction,youtube,sanskrit,fair,follow,country,download,media,english,languages,bharati,watch,more,breakingnews,public,urdu,prasar,updates,mobile,president,todaynews,discussions,name,instagram,app,hindinews,pm,coverage,transmission,repertoire,analysis,broadcaster,india
official,news,doordarshan,youtube,dd,events,vice,live,dialects,subscribe,latest,politicalnews,stable,newsinhindi,channel,units,service,cum,minister,hours,dd,videos,prime,channels,platforms,news,bulletins,twitter,hindi,latestnews,facebook,distinction,youtube,sanskrit,fair,follow,country,download,media,english,languages,bharati,watch,more,breakingnews,public,urdu,prasar,updates,mobile,president,todaynews,discussions,name,instagram,app,hindinews,coverage,transmission,repertoire,analysis,broadcaster,india
official,news,doordarshan,youtube,dd,events,vice,live,dialects,subscribe,latest,politicalnews,stable,newsinhindi,channel,units,service,cum,minister,hours,dd,videos,prime,channels,platforms,news,bulletins,twitter,hindi,latestnews,facebook,distinction,youtube,sanskrit,fair,follow,country,download,media,english,languages,bharati,watch,more,breakingnews,public,urdu,prasar,updates,mobile,president,todaynews,discussions,name,instagram,app,hindinews,coverage,transmission,repertoire,analysis,broadcaster,india
sports,thakur,team,badminton,men,cup,minister,official,news,doordarshan,youtube,dd,events,vice,live,dialects,subscribe,latest,politicalnews,stable,newsinhindi,channel,units,minister,service,cum,hours,dd,videos,prime,channels,platforms,news,bulletins,twitter,hindi,latestnews,facebook,distinction,youtube,sports,sanskrit,fair,follow,country,download,media,english,languages,bharati,thomas,watch,more,breakingnews,public,anurag,urdu,prasar,updates,mobile,president,thakur,todaynews,team,badminton,name,discussions,men,instagram,cup,coverage,app,transmission,hindinews,repertoire,analysis,broadcaster,india
super,param,bhu,computer,iit,shivay,official,news,doordarshan,youtube,dd,events,vice,live,param,dialects,subscribe,latest,bhu,politicalnews,stable,newsinhindi,channel,units,service,cum,minister,hours,dd,videos,prime,channels,super,platforms,news,bulletins,twitter,hindi,latestnews,facebook,distinction,youtube,computer,sanskrit,fair,follow,country,download,media,english,languages,bharati,watch,more,breakingnews,public,urdu,prasar,updates,mobile,shivay,president,todaynews,discussions,name,instagram,app,hindinews,coverage,transmission,repertoire,analysis,broadcaster,india,iit
time,history,pm,cup,stories,samachar,india,official,news,doordarshan,youtube,dd,time,events,vice,live,dialects,subscribe,latest,politicalnews,stable,newsinhindi,channel,units,service,cum,minister,hours,dd,videos,prime,history,channels,platforms,news,bulletins,twitter,hindi,latestnews,facebook,distinction,youtube,sanskrit,fair,follow,country,download,media,english,languages,bharati,thomas,stories,watch,more,breakingnews,public,urdu,prasar,updates,mobile,president,todaynews,discussions,name,instagram,app,hindinews,pm,cup,coverage,transmission,repertoire,analysis,samachar,broadcaster,india
time,history,pm,cup,stories,samachar,india,official,news,doordarshan,youtube,dd,time,events,vice,live,dialects,subscribe,latest,politicalnews,stable,newsinhindi,channel,units,service,cum,minister,hours,dd,videos,prime,history,channels,platforms,news,bulletins,twitter,hindi,latestnews,facebook,distinction,youtube,sanskrit,fair,follow,country,download,media,english,languages,bharati,thomas,stories,watch,more,breakingnews,public,urdu,prasar,updates,mobile,president,todaynews,discussions,name,instagram,app,hindinews,pm,cup,coverage,transmission,repertoire,analysis,samachar,broadcaster,india
official,news,doordarshan,youtube,dd,events,vice,live,dialects,subscribe,latest,politicalnews,stable,newsinhindi,channel,units,service,cum,minister,hours,dd,videos,prime,channels,platforms,news,bulletins,twitter,hindi,latestnews,facebook,distinction,youtube,sanskrit,fair,follow,country,download,media,english,languages,bharati,watch,more,breakingnews,public,urdu,prasar,updates,mobile,president,todaynews,discussions,name,instagram,app,hindinews,coverage,transmission,repertoire,analysis,broadcaster,india
official,news,doordarshan,youtube,dd,events,vice,live,dialects,subscribe,latest,politicalnews,stable,newsinhindi,channel,units,service,cum,minister,hours,dd,videos,prime,channels,platforms,news,bulletins,twitter,hindi,latestnews,facebook,distinction,youtube,sanskrit,fair,follow,country,download,media,english,languages,bharati,watch,more,breakingnews,public,urdu,prasar,updates,mobile,president,todaynews,discussions,name,instagram,app,hindinews,coverage,transmission,repertoire,analysis,broadcaster,india
badminton,pm,modi,cup,champions,indians,official,news,doordarshan,youtube,dd,events,vice,live,dialects,subscribe,latest,politicalnews,stable,newsinhindi,channel,units,service,broadcaster,cum,minister,dd,hours,videos,prime,channels,platforms,news,bulletins,twitter,hindi,latestnews,facebook,distinction,youtube,sanskrit,fair,follow,country,download,media,english,modi,bharati,thomas,languages,watch,more,breakingnews,public,urdu,prasar,updates,mobile,president,todaynews,badminton,name,discussions,instagram,app,pm,cup,coverage,transmission,hindinews,repertoire,analysis,champions,indians,india
badminton,pm,modi,cup,champions,indians,official,news,doordarshan,youtube,dd,events,vice,live,dialects,subscribe,latest,politicalnews,stable,newsinhindi,channel,units,service,broadcaster,cum,minister,dd,hours,videos,prime,channels,platforms,news,bulletins,twitter,hindi,latestnews,facebook,distinction,youtube,sanskrit,fair,follow,country,download,media,english,modi,bharati,thomas,languages,watch,more,breakingnews,public,urdu,prasar,updates,mobile,president,todaynews,badminton,name,discussions,instagram,app,pm,cup,coverage,transmission,hindinews,repertoire,analysis,champions,indians,india
badminton,pm,modi,cup,champions,indians,official,news,doordarshan,youtube,dd,events,vice,live,dialects,subscribe,latest,politicalnews,stable,newsinhindi,channel,units,service,broadcaster,cum,minister,dd,hours,videos,prime,channels,platforms,news,bulletins,twitter,hindi,latestnews,facebook,distinction,youtube,sanskrit,fair,follow,country,download,media,english,modi,bharati,thomas,languages,watch,more,breakingnews,public,urdu,prasar,updates,mobile,president,todaynews,badminton,name,discussions,instagram,app,pm,cup,coverage,transmission,hindinews,repertoire,analysis,champions,indians,india
purnima,pm,modi,buddha,lumbini,official,news,doordarshan,youtube,dd,events,vice,live,dialects,subscribe,latest,buddha,politicalnews,stable,newsinhindi,channel,units,service,cum,minister,hours,dd,videos,prime,channels,platforms,news,bulletins,twitter,hindi,latestnews,facebook,distinction,youtube,nepal,sanskrit,purnima,fair,follow,country,download,media,english,modi,bharati,languages,watch,more,breakingnews,public,urdu,prasar,updates,mobile,president,todaynews,discussions,name,instagram,app,hindinews,pm,coverage,transmission,repertoire,analysis,lumbini,broadcaster,india
purnima,pm,modi,buddha,lumbini,official,news,doordarshan,youtube,dd,events,vice,live,dialects,subscribe,latest,buddha,politicalnews,stable,newsinhindi,channel,units,service,cum,minister,hours,dd,videos,prime,channels,platforms,news,bulletins,twitter,hindi,latestnews,facebook,distinction,youtube,nepal,sanskrit,purnima,fair,follow,country,download,media,english,modi,bharati,languages,watch,more,breakingnews,public,urdu,prasar,updates,mobile,president,todaynews,discussions,name,instagram,app,hindinews,pm,coverage,transmission,repertoire,analysis,lumbini,broadcaster,india
official,news,doordarshan,youtube,dd,events,vice,live,dialects,subscribe,latest,politicalnews,stable,newsinhindi,channel,units,service,cum,minister,hours,dd,videos,prime,channels,platforms,news,bulletins,twitter,hindi,latestnews,facebook,distinction,youtube,sanskrit,fair,follow,country,download,media,english,languages,bharati,watch,more,breakingnews,public,urdu,prasar,updates,mobile,president,todaynews,discussions,name,instagram,app,hindinews,coverage,transmission,repertoire,analysis,broadcaster,india
purnima,night,pm,news,modi,stories,buddha,lumbini,official,news,doordarshan,youtube,dd,events,vice,live,dialects,subscribe,latest,buddha,politicalnews,stable,newsinhindi,channel,units,service,broadcaster,cum,minister,dd,hours,videos,prime,channels,platforms,night,news,bulletins,twitter,hindi,latestnews,facebook,distinction,youtube,nepal,sanskrit,purnima,fair,follow,country,download,media,english,modi,bharati,thomas,stories,languages,watch,more,breakingnews,public,urdu,prasar,updates,mobile,president,todaynews,badminton,name,discussions,instagram,app,pm,cup,coverage,transmission,hindinews,repertoire,analysis,lumbini,champions,indians,india
kushinagar,pm,modi,official,news,doordarshan,youtube,dd,events,vice,live,dialects,subscribe,latest,politicalnews,stable,newsinhindi,channel,units,service,cum,minister,hours,dd,videos,prime,channels,platforms,news,bulletins,twitter,hindi,latestnews,facebook,distinction,up,youtube,sanskrit,fair,follow,country,download,media,english,modi,bharati,languages,watch,more,breakingnews,public,urdu,prasar,updates,mobile,president,kushinagar,todaynews,discussions,name,instagram,app,hindinews,pm,coverage,transmission,repertoire,analysis,broadcaster,india
news,nation,india,stories,official,news,doordarshan,youtube,dd,events,vice,live,dialects,subscribe,latest,politicalnews,stable,newsinhindi,channel,units,service,cum,minister,hours,dd,videos,prime,channels,platforms,news,nation,bulletins,twitter,hindi,latestnews,facebook,distinction,youtube,positive,sanskrit,fair,follow,country,download,media,english,languages,bharati,watch,stories,more,breakingnews,public,urdu,prasar,updates,mobile,president,todaynews,discussions,name,instagram,app,hindinews,coverage,transmission,repertoire,analysis,broadcaster,india
official,news,doordarshan,youtube,dd
rakshak,official,news,doordarshan,youtube,dd
official,news,doordarshan,youtube,dd
official,news,doordarshan,youtube,dd
news,hearing,official,news,doordarshan,youtube,dd,impaired,news,hearing
official,news,doordarshan,youtube,dd
official,news,doordarshan,youtube,dd
official,news,doordarshan,youtube,dd
official,news,doordarshan,youtube,dd
official,news,doordarshan,youtube,dd
official,news,doordarshan,youtube,dd
official,news,doordarshan,youtube,dd
official,news,doordarshan,youtube,dd
official,news,doordarshan,youtube,dd
official,news,doordarshan,youtube,dd
iit,bhu,official,news,doordarshan,youtube,dd,iit,bhu
official,news,doordarshan,youtube,dd
official,news,doordarshan,youtube,dd
official,news,doordarshan,youtube,dd
official,news,doordarshan,youtube,dd
official,news,doordarshan,youtube,dd
official,news,doordarshan,youtube,dd
official,news,doordarshan,youtube,dd
official,news,doordarshan,youtube,dd
official,news,doordarshan,youtube,dd
event,official,news,doordarshan,youtube,dd,event
official,news,doordarshan,youtube,dd
official,news,doordarshan,youtube,dd
official,news,doordarshan,youtube,dd
official,news,doordarshan,youtube,dd
official,news,doordarshan,youtube,dd
official,news,doordarshan,youtube,dd
official,news,doordarshan,youtube,dd
official,news,doordarshan,youtube,dd
official,news,doordarshan,youtube,dd
official,news,doordarshan,youtube,dd
official,news,doordarshan,youtube,dd
prog,official,news,doordarshan,youtube,dd,prog,full
official,news,doordarshan,youtube,dd
official,news,doordarshan,youtube,dd
official,news,doordarshan,youtube,dd
official,news,doordarshan,youtube,dd
official,news,doordarshan,youtube,dd
official,news,doordarshan,youtube,dd
official,news,doordarshan,youtube,dd
official,news,doordarshan,youtube,dd,am
official,news,doordarshan,youtube,dd
official,news,doordarshan,youtube,dd
official,news,doordarshan,youtube,dd
official,news,doordarshan,youtube,dd
official,news,doordarshan,youtube,dd
iit,bhu,official,news,doordarshan,youtube,dd,iit,bhu
official,news,doordarshan,youtube,dd
official,news,doordarshan,youtube,dd
official,news,doordarshan,youtube,dd
pm,official,news,doordarshan,youtube,dd,pm
official,news,doordarshan,youtube,dd
official,news,doordarshan,youtube,dd
official,news,doordarshan,youtube,dd
official,news,doordarshan,youtube,dd
official,news,doordarshan,youtube,dd
official,news,doordarshan,youtube,dd
official,news,doordarshan,youtube,dd
official,news,doordarshan,youtube,dd
official,news,doordarshan,youtube,dd
official,news,doordarshan,youtube,dd
official,news,doordarshan,youtube,dd
news,hearing,official,news,doordarshan,youtube,dd,impaired,news,hearing
official,news,doordarshan,youtube,dd
official,news,doordarshan,youtube,dd
official,news,doordarshan,youtube,dd
official,news,doordarshan,youtube,dd
official,news,doordarshan,youtube,dd
official,news,doordarshan,youtube,dd
official,news,doordarshan,youtube,dd
official,news,doordarshan,youtube,dd
official,news,doordarshan,youtube,dd
official,news,doordarshan,youtube,dd
official,news,doordarshan,youtube,dd,indiaatcannes
official,news,doordarshan,youtube,dd
official,news,doordarshan,youtube,dd
official,news,doordarshan,youtube,dd
official,news,doordarshan,youtube,dd
official,news,doordarshan,youtube,dd
official,news,doordarshan,youtube,dd
stamp,jubilee,silver,pm,modi,trai,celebrations,official,news,doordarshan,youtube,dd,stamp,jubilee,silver,pm,modi,trai,celebrations
jubilee,silver,pm,modi,trai,celebrations,testbed,official,news,doordarshan,youtube,dd,jubilee,silver,pm,modi,trai,celebrations,testbed
film,evolution,prospects,pm,bharat,atmanirbhar,official,news,doordarshan,youtube,dd,film,evolution,prospects,pm,bharat,telecom,atmanirbhar
celebrations,pm,modi,trai,official,news,doordarshan,youtube,dd,celebrations,pm,modi,trai
union,silver,vaishnaw,speaks,jubilee,trai,celebrations,minister,official,news,doordarshan,youtube,dd,ashwini,union,silver,vaishnaw,jubilee,trai,celebrations,minister
silver,jubilee,pm,modi,trai,address,celebrations,event,video,official,news,doordarshan,youtube,dd,silver,jubilee,full,pm,modi,trai,address,celebrations,event,video
official,news,doordarshan,youtube,dd
official,news,doordarshan,youtube,dd
official,news,doordarshan,youtube,dd
official,news,doordarshan,youtube,dd
official,news,doordarshan,youtube,dd
official,news,doordarshan,youtube,dd
official,news,doordarshan,youtube,dd
official,news,doordarshan,youtube,dd
official,news,doordarshan,youtube,dd,events,vice,live,dialects,subscribe,latest,politicalnews,stable,newsinhindi,channel,units,service,cum,minister,hours,dd,videos,prime,channels,platforms,news,bulletins,twitter,hindi,latestnews,facebook,distinction,youtube,sanskrit,fair,follow,country,download,media,english,languages,bharati,watch,more,breakingnews,public,urdu,prasar,updates,mobile,president,todaynews,discussions,name,instagram,app,hindinews,coverage,transmission,repertoire,analysis,broadcaster,india
pm,modi,testbed,official,news,doordarshan,youtube,dd,events,vice,live,dialects,subscribe,latest,politicalnews,stable,newsinhindi,channel,project,units,service,cum,minister,hours,dd,videos,prime,channels,platforms,news,bulletins,twitter,test,madras,multi,hindi,latestnews,facebook,distinction,youtube,sanskrit,fair,follow,country,download,institutes,english,modi,bharati,languages,media,bed,watch,more,breakingnews,public,institute,urdu,prasar,updates,total,collaborative,mobile,president,todaynews,discussions,name,instagram,app,hindinews,pm,coverage,transmission,repertoire,analysis,broadcaster,india,iit
ats,official,news,doordarshan,youtube,dd,events,vice,live,dialects,subscribe,latest,politicalnews,stable,newsinhindi,channel,units,service,cum,minister,hours,ats,dd,videos,prime,channels,platforms,news,bulletins,twitter,hindi,latestnews,facebook,distinction,youtube,sanskrit,fair,follow,country,download,media,english,languages,bharati,watch,more,breakingnews,public,urdu,prasar,updates,mobile,president,todaynews,discussions,name,instagram,app,hindinews,coverage,transmission,repertoire,analysis,broadcaster,india
official,news,doordarshan,youtube,dd,events,vice,live,dialects,subscribe,latest,politicalnews,stable,newsinhindi,channel,units,service,cum,minister,hours,dd,videos,prime,channels,platforms,news,bulletins,twitter,hindi,latestnews,facebook,distinction,youtube,sanskrit,fair,follow,country,download,media,english,languages,bharati,watch,more,breakingnews,public,urdu,prasar,updates,mobile,president,todaynews,discussions,name,instagram,app,hindinews,coverage,transmission,repertoire,analysis,broadcaster,india
official,news,doordarshan,youtube,dd,events,vice,live,dialects,subscribe,latest,politicalnews,stable,newsinhindi,channel,units,service,cum,minister,hours,dd,videos,prime,channels,platforms,news,bulletins,twitter,hindi,latestnews,facebook,distinction,youtube,sanskrit,fair,follow,country,download,media,english,languages,bharati,watch,more,breakingnews,public,urdu,prasar,updates,mobile,president,todaynews,discussions,name,instagram,app,hindinews,coverage,transmission,repertoire,analysis,broadcaster,india
official,news,doordarshan,youtube,dd,events,vice,live,dialects,subscribe,latest,politicalnews,stable,newsinhindi,channel,units,service,cum,minister,hours,dd,videos,prime,channels,platforms,news,bulletins,twitter,hindi,latestnews,facebook,distinction,youtube,sanskrit,fair,follow,country,download,media,english,languages,bharati,watch,more,breakingnews,public,urdu,prasar,updates,mobile,president,todaynews,discussions,name,instagram,app,hindinews,coverage,transmission,repertoire,analysis,broadcaster,india
official,news,doordarshan,youtube,dd,events,vice,live,dialects,subscribe,latest,politicalnews,stable,newsinhindi,channel,units,service,cum,minister,hours,dd,videos,prime,channels,platforms,news,bulletins,twitter,hindi,latestnews,facebook,distinction,youtube,sanskrit,fair,follow,country,download,media,english,languages,bharati,watch,more,breakingnews,public,urdu,prasar,updates,mobile,president,todaynews,discussions,name,instagram,app,hindinews,coverage,transmission,repertoire,analysis,broadcaster,india
official,news,doordarshan,youtube,dd,events,vice,live,dialects,subscribe,latest,politicalnews,stable,newsinhindi,channel,units,service,cum,minister,hours,dd,videos,prime,channels,platforms,news,bulletins,twitter,hindi,latestnews,facebook,distinction,youtube,sanskrit,fair,follow,country,download,media,english,languages,bharati,watch,more,breakingnews,public,urdu,prasar,updates,mobile,president,todaynews,discussions,name,instagram,app,hindinews,coverage,transmission,repertoire,analysis,broadcaster,india
official,news,doordarshan,youtube,dd,events,vice,live,dialects,subscribe,latest,politicalnews,stable,newsinhindi,channel,units,service,cum,minister,hours,dd,videos,prime,channels,platforms,news,bulletins,twitter,hindi,latestnews,facebook,distinction,youtube,sanskrit,fair,follow,country,download,media,english,languages,bharati,watch,more,breakingnews,public,urdu,prasar,updates,mobile,president,todaynews,discussions,name,instagram,app,hindinews,coverage,transmission,repertoire,analysis,broadcaster,india
official,news,doordarshan,youtube,dd,events,vice,live,dialects,subscribe,latest,politicalnews,stable,newsinhindi,channel,units,service,cum,minister,hours,dd,videos,prime,channels,platforms,news,bulletins,twitter,hindi,latestnews,facebook,distinction,youtube,sanskrit,fair,follow,country,download,media,english,languages,bharati,watch,more,breakingnews,public,urdu,prasar,updates,mobile,president,todaynews,discussions,name,instagram,app,hindinews,coverage,transmission,repertoire,analysis,broadcaster,india
pm,modi,test,stories,bed,samachar,official,news,doordarshan,youtube,dd,events,vice,live,dialects,subscribe,latest,politicalnews,stable,newsinhindi,channel,project,units,service,cum,minister,hours,dd,breakingnews,videos,prime,channels,platforms,news,bulletins,twitter,test,madras,multi,hindi,latestnews,facebook,distinction,youtube,sanskrit,fair,follow,country,download,institutes,english,modi,bharati,languages,stories,bed,media,watch,more,public,institute,urdu,prasar,updates,total,collaborative,mobile,president,todaynews,discussions,name,instagram,app,hindinews,pm,coverage,transmission,repertoire,analysis,samachar,broadcaster,india,iit
thakur,delegation,cannesfilmfestival,official,news,doordarshan,youtube,dd,events,vice,live,dialects,cannesfilmfestival,latest,subscribe,politicalnews,stable,newsinhindi,channel,units,service,cum,minister,hours,dd,videos,prime,channels,platforms,news,bulletins,twitter,hindi,latestnews,facebook,distinction,youtube,sanskrit,fair,follow,country,download,media,english,languages,bharati,watch,more,breakingnews,public,anurag,delegation,prasar,urdu,updates,mobile,president,thakur,todaynews,discussions,name,instagram,app,hindinews,coverage,transmission,repertoire,analysis,broadcaster,india
official,news,doordarshan,youtube,dd,events,vice,live,dialects,subscribe,latest,politicalnews,stable,newsinhindi,channel,units,service,cum,minister,hours,dd,videos,prime,channels,platforms,news,bulletins,twitter,hindi,latestnews,facebook,distinction,youtube,sanskrit,fair,follow,country,download,media,english,languages,bharati,watch,more,breakingnews,public,urdu,prasar,updates,mobile,president,todaynews,discussions,name,instagram,app,hindinews,coverage,transmission,repertoire,analysis,broadcaster,india
pragna,mohan,games,triathlete,india,official,news,doordarshan,youtube,dd,events,south,vice,mohan,live,games,dialects,subscribe,latest,politicalnews,stable,newsinhindi,channel,units,service,cum,minister,hours,dd,videos,prime,channels,platforms,news,bulletins,twitter,triathlete,hindi,latestnews,facebook,distinction,youtube,sanskrit,fair,follow,country,download,media,english,languages,bharati,watch,more,breakingnews,public,urdu,prasar,medals,updates,mobile,national,president,pragna,todaynews,discussions,name,instagram,app,hindinews,coverage,transmission,repertoire,analysis,broadcaster,india
nook,wellness,country,corner,dr,mansukh,mandaviya,centre,official,news,doordarshan,youtube,dd,events,vice,live,wellness,health,corner,dialects,subscribe,latest,politicalnews,stable,newsinhindi,channel,units,minister,service,cum,hours,dd,videos,prime,nook,channels,platforms,news,bulletins,twitter,mansukh,hindi,latestnews,facebook,distinction,youtube,sanskrit,fair,follow,country,download,media,english,languages,bharati,watch,dr,more,breakingnews,public,urdu,prasar,updates,mobile,president,todaynews,discussions,name,instagram,app,hindinews,coverage,transmission,repertoire,analysis,mandaviya,broadcaster,india,centre
ram,news,madhav,executive,member,rss,official,news,doordarshan,youtube,dd,events,vice,live,dialects,subscribe,latest,madhav,politicalnews,stable,newsinhindi,channel,units,service,cum,minister,hours,dd,videos,prime,channels,platforms,news,bulletins,twitter,executive,member,hindi,latestnews,rss,distinction,facebook,youtube,sanskrit,fair,ram,follow,country,download,media,english,languages,bharati,watch,more,breakingnews,public,urdu,prasar,updates,mobile,national,president,todaynews,discussions,name,instagram,app,hindinews,coverage,transmission,repertoire,analysis,broadcaster,india
official,news,doordarshan,youtube,dd,events,vice,live,dialects,subscribe,latest,politicalnews,stable,newsinhindi,channel,units,service,cum,minister,hours,dd,videos,prime,channels,platforms,news,bulletins,twitter,hindi,latestnews,facebook,distinction,youtube,sanskrit,fair,follow,country,download,media,english,languages,bharati,watch,more,breakingnews,public,urdu,prasar,updates,mobile,president,todaynews,discussions,name,instagram,app,hindinews,coverage,transmission,repertoire,analysis,broadcaster,india
official,news,doordarshan,youtube,dd,events,vice,live,dialects,subscribe,latest,politicalnews,stable,newsinhindi,channel,units,service,cum,minister,hours,dd,videos,prime,channels,platforms,news,bulletins,twitter,hindi,latestnews,facebook,distinction,youtube,sanskrit,fair,follow,country,download,media,english,languages,bharati,watch,more,breakingnews,public,urdu,prasar,updates,mobile,president,todaynews,discussions,name,instagram,app,hindinews,coverage,transmission,repertoire,analysis,broadcaster,india
premiere,film,comedy,cannes,zombie,festival,cut,official,news,doordarshan,youtube,dd,film,events,vice,zombie,live,final,dialects,festival,latest,subscribe,politicalnews,stable,newsinhindi,channel,units,service,cum,minister,hours,dd,videos,prime,comedy,channels,cannes,platforms,night,news,bulletins,twitter,hindi,latestnews,facebook,distinction,youtube,tuesday,premiere,sanskrit,fair,follow,country,download,media,english,languages,bharati,watch,more,hazanavicius,breakingnews,public,urdu,prasar,updates,mobile,president,todaynews,discussions,name,instagram,michel,app,hindinews,coverage,transmission,repertoire,analysis,cut,broadcaster,india
president,kovind,happiness,visit,diaspora,members,official,news,doordarshan,youtube,dd,events,vice,live,dialects,subscribe,latest,happiness,politicalnews,stable,newsinhindi,channel,units,jamaica,service,cum,minister,hours,dd,videos,prime,channels,platforms,news,bulletins,twitter,hindi,latestnews,facebook,distinction,youtube,sanskrit,fair,follow,country,download,media,english,languages,bharati,watch,more,breakingnews,public,urdu,diaspora,prasar,members,updates,mobile,president,todaynews,discussions,kovind,name,instagram,app,hindinews,coverage,transmission,repertoire,analysis,visit,broadcaster,india
official,news,doordarshan,youtube,dd,events,vice,live,dialects,subscribe,latest,politicalnews,stable,newsinhindi,channel,units,service,cum,minister,hours,dd,videos,prime,channels,platforms,news,bulletins,twitter,hindi,latestnews,facebook,distinction,youtube,sanskrit,fair,follow,country,download,media,english,languages,bharati,watch,more,breakingnews,public,urdu,prasar,updates,mobile,president,todaynews,discussions,name,instagram,app,hindinews,coverage,transmission,repertoire,analysis,broadcaster,india
night,pm,news,modi,test,bed,stories,official,news,doordarshan,youtube,dd,events,vice,live,dialects,subscribe,latest,politicalnews,stable,newsinhindi,channel,project,units,service,cum,minister,hours,dd,breakingnews,videos,prime,channels,platforms,night,news,bulletins,test,madras,multi,twitter,hindi,latestnews,facebook,distinction,youtube,sanskrit,fair,follow,country,download,institutes,english,modi,bharati,languages,stories,bed,media,watch,more,public,institute,urdu,prasar,updates,total,collaborative,mobile,president,todaynews,discussions,name,instagram,app,hindinews,pm,coverage,transmission,repertoire,analysis,broadcaster,india,iit
film,cannes,festival,cut,official,news,doordarshan,youtube,dd,film,events,vice,zombie,live,final,dialects,festival,latest,subscribe,politicalnews,stable,newsinhindi,channel,units,service,cum,minister,hours,dd,videos,prime,comedy,channels,cannes,platforms,night,news,bulletins,twitter,hindi,latestnews,facebook,distinction,youtube,tuesday,premiere,sanskrit,fair,follow,country,download,media,english,languages,bharati,watch,more,hazanavicius,breakingnews,public,urdu,prasar,updates,mobile,president,todaynews,discussions,name,instagram,michel,app,hindinews,coverage,transmission,repertoire,analysis,cut,broadcaster,india
official,news,doordarshan,youtube,dd,events,vice,live,dialects,subscribe,latest,politicalnews,stable,newsinhindi,channel,units,service,cum,minister,hours,dd,videos,prime,channels,platforms,news,bulletins,twitter,hindi,latestnews,facebook,distinction,youtube,sanskrit,fair,follow,country,download,media,english,languages,bharati,watch,more,breakingnews,public,urdu,prasar,updates,mobile,president,todaynews,discussions,name,instagram,app,hindinews,coverage,transmission,repertoire,analysis,broadcaster,india
pm,modi,test,stories,bed,samachar,official,news,doordarshan,youtube,dd,events,vice,live,dialects,subscribe,latest,politicalnews,stable,newsinhindi,channel,project,units,service,cum,minister,hours,dd,breakingnews,videos,prime,channels,platforms,news,bulletins,twitter,test,madras,multi,hindi,latestnews,facebook,distinction,youtube,sanskrit,fair,follow,country,download,institutes,english,modi,bharati,languages,stories,bed,media,watch,more,public,institute,urdu,prasar,updates,total,collaborative,mobile,president,todaynews,discussions,name,instagram,app,hindinews,pm,coverage,transmission,repertoire,analysis,samachar,broadcaster,india,iit
president,parliament,kovind,jamaica,official,news,doordarshan,youtube,dd,events,vice,live,dialects,subscribe,latest,politicalnews,stable,newsinhindi,channel,units,jamaica,service,cum,parliament,minister,dd,hours,videos,prime,channels,platforms,news,bulletins,twitter,hindi,latestnews,facebook,distinction,youtube,sanskrit,fair,follow,country,download,media,english,languages,bharati,watch,more,breakingnews,public,urdu,prasar,updates,mobile,president,todaynews,discussions,kovind,name,instagram,app,hindinews,coverage,transmission,repertoire,analysis,broadcaster,india
official,news,doordarshan,youtube,dd,events,vice,live,dialects,subscribe,latest,politicalnews,stable,newsinhindi,channel,units,service,cum,minister,hours,dd,videos,prime,channels,platforms,news,bulletins,twitter,hindi,latestnews,facebook,distinction,youtube,sanskrit,fair,follow,country,download,media,english,languages,bharati,watch,more,breakingnews,public,urdu,prasar,updates,mobile,president,todaynews,discussions,name,instagram,app,hindinews,coverage,transmission,repertoire,analysis,broadcaster,india
official,news,doordarshan,youtube,dd,events,vice,live,dialects,subscribe,latest,politicalnews,stable,newsinhindi,channel,units,service,cum,minister,hours,dd,videos,prime,channels,platforms,news,bulletins,twitter,hindi,latestnews,facebook,distinction,youtube,sanskrit,fair,follow,country,download,media,english,languages,bharati,watch,more,breakingnews,public,urdu,prasar,updates,mobile,president,todaynews,discussions,name,instagram,app,hindinews,coverage,transmission,repertoire,analysis,broadcaster,india
official,news,doordarshan,youtube,dd,events,vice,live,dialects,subscribe,latest,politicalnews,stable,newsinhindi,channel,units,service,cum,minister,hours,dd,videos,prime,channels,platforms,news,bulletins,twitter,hindi,latestnews,facebook,distinction,youtube,sanskrit,fair,follow,country,download,media,english,languages,bharati,watch,more,breakingnews,public,urdu,prasar,updates,mobile,president,todaynews,discussions,name,instagram,app,hindinews,coverage,transmission,repertoire,analysis,broadcaster,india
film,ridham,munmun,cannes,talks,director,bhattacharya,ashwamegh,janve,official,news,doordarshan,youtube,dd,film,events,munmun,vice,live,dialects,subscribe,latest,politicalnews,stable,newsinhindi,channel,units,service,cum,minister,hours,dd,videos,janve,prime,ridham,cannes,channels,platforms,news,director,bulletins,twitter,hindi,latestnews,facebook,distinction,ashwamegh,youtube,sanskrit,fair,follow,country,download,media,english,languages,bharati,watch,more,breakingnews,bhattacharya,public,urdu,prasar,updates,mobile,president,todaynews,discussions,name,talks,instagram,app,hindinews,coverage,transmission,repertoire,analysis,broadcaster,india
official,news,doordarshan,youtube,dd,events,vice,live,dialects,subscribe,latest,politicalnews,stable,newsinhindi,channel,units,service,cum,minister,hours,dd,videos,prime,channels,platforms,news,bulletins,twitter,hindi,latestnews,facebook,distinction,youtube,sanskrit,fair,follow,country,download,media,english,languages,bharati,watch,more,breakingnews,public,urdu,prasar,updates,mobile,president,todaynews,discussions,name,instagram,app,hindinews,coverage,transmission,repertoire,analysis,broadcaster,india
programme,official,news,doordarshan,youtube,dd,events,vice,live,dialects,subscribe,latest,politicalnews,stable,newsinhindi,channel,units,service,cum,minister,hours,dd,videos,prime,channels,platforms,news,bulletins,twitter,hindi,latestnews,facebook,distinction,youtube,sanskrit,fair,follow,country,download,media,english,languages,bharati,watch,more,breakingnews,public,urdu,prasar,updates,mobile,president,todaynews,programme,discussions,name,instagram,app,full,hindinews,coverage,transmission,repertoire,analysis,broadcaster,india
film,cannes,festival,cut,official,news,doordarshan,youtube,dd,film,events,vice,zombie,live,final,dialects,festival,latest,subscribe,politicalnews,stable,newsinhindi,channel,units,service,cum,minister,hours,dd,videos,prime,comedy,channels,cannes,platforms,night,news,bulletins,twitter,hindi,latestnews,facebook,distinction,youtube,tuesday,premiere,sanskrit,fair,follow,country,download,media,english,languages,bharati,watch,more,hazanavicius,breakingnews,public,urdu,prasar,updates,mobile,president,todaynews,discussions,name,instagram,michel,app,hindinews,coverage,transmission,repertoire,analysis,cut,broadcaster,india
official,news,doordarshan,youtube,dd,events,vice,live,dialects,subscribe,latest,politicalnews,stable,newsinhindi,channel,units,service,cum,minister,hours,dd,videos,prime,channels,platforms,news,bulletins,twitter,hindi,latestnews,facebook,distinction,youtube,sanskrit,fair,follow,country,download,media,english,languages,bharati,watch,more,breakingnews,public,urdu,prasar,updates,mobile,president,todaynews,discussions,name,instagram,app,hindinews,coverage,transmission,repertoire,analysis,broadcaster,india
prog,official,news,doordarshan,youtube,dd,prog,full
official,news,doordarshan,youtube,dd,events,vice,live,dialects,subscribe,latest,politicalnews,stable,newsinhindi,channel,units,service,cum,minister,hours,dd,videos,prime,channels,platforms,news,bulletins,twitter,hindi,latestnews,facebook,distinction,youtube,sanskrit,fair,follow,country,download,media,english,languages,bharati,watch,more,breakingnews,public,urdu,prasar,updates,mobile,president,todaynews,discussions,name,instagram,app,hindinews,coverage,transmission,repertoire,analysis,broadcaster,india
official,news,doordarshan,youtube,dd
official,news,doordarshan,youtube,dd
news,hearing,official,news,doordarshan,youtube,dd,impaired,news,hearing
official,news,doordarshan,youtube,dd
official,news,doordarshan,youtube,dd
official,news,doordarshan,youtube,dd
official,news,doordarshan,youtube,dd
official,news,doordarshan,youtube,dd
official,news,doordarshan,youtube,dd
official,news,doordarshan,youtube,dd
official,news,doordarshan,youtube,dd
official,news,doordarshan,youtube,dd
official,news,doordarshan,youtube,dd
official,news,doordarshan,youtube,dd
official,news,doordarshan,youtube,dd
official,news,doordarshan,youtube,dd
official,news,doordarshan,youtube,dd
ddexclusive,official,news,doordarshan,youtube,dd,dd,exclusive
official,news,doordarshan,youtube,dd
official,news,doordarshan,youtube,dd
official,news,doordarshan,youtube,dd
official,news,doordarshan,youtube,dd
official,news,doordarshan,youtube,dd
official,news,doordarshan,youtube,dd
official,news,doordarshan,youtube,dd
official,news,doordarshan,youtube,dd
official,news,doordarshan,youtube,dd
official,news,doordarshan,youtube,dd
official,news,doordarshan,youtube,dd
official,news,doordarshan,youtube,dd
official,news,doordarshan,youtube,dd
official,news,doordarshan,youtube,dd
official,news,doordarshan,youtube,dd
official,news,doordarshan,youtube,dd
official,news,doordarshan,youtube,dd
official,news,doordarshan,youtube,dd
cannes,pavilion,inauguration,minister,official,news,doordarshan,youtube,dd,pavilion,cannes,minister,india,inauguration
official,news,doordarshan,youtube,dd
event,official,news,doordarshan,youtube,dd,event
iffi,official,news,doordarshan,youtube,dd,iffi
pm,official,news,doordarshan,youtube,dd
official,news,doordarshan,youtube,dd,continental
official,news,doordarshan,youtube,dd
official,news,doordarshan,youtube,dd
official,news,doordarshan,youtube,dd
official,news,doordarshan,youtube,dd
official,news,doordarshan,youtube,dd
pm,official,news,doordarshan,youtube,dd,iffi
official,news,doordarshan,youtube,dd
official,news,doordarshan,youtube,dd
official,news,doordarshan,youtube,dd
official,news,doordarshan,youtube,dd
official,news,doordarshan,youtube,dd
official,news,doordarshan,youtube,dd
official,news,doordarshan,youtube,dd
official,news,doordarshan,youtube,dd
official,news,doordarshan,youtube,dd
official,news,doordarshan,youtube,dd
official,news,doordarshan,youtube,dd
official,news,doordarshan,youtube,dd
official,news,doordarshan,youtube,dd
official,news,doordarshan,youtube,dd
official,news,doordarshan,youtube,dd
official,news,doordarshan,youtube,dd
official,news,doordarshan,youtube,dd
official,news,doordarshan,youtube,dd
official,news,doordarshan,youtube,dd
official,news,doordarshan,youtube,dd
official,news,doordarshan,youtube,dd
official,news,doordarshan,youtube,dd
official,news,doordarshan,youtube,dd
shivir,pm,temple,vadodara,address,vc,official,news,doordarshan,youtube,dd,shivir,pm,temple,vadodara,yuva,address,shree,vc,swaminarayan
official,news,doordarshan,youtube,dd
official,news,doordarshan,youtube,dd
official,news,doordarshan,youtube,dd
official,news,doordarshan,youtube,dd
pm,official,news,doordarshan,youtube,dd,pm
cannes,live,forum,official,news,doordarshan,youtube,dd,cannes,india,forum
amit,home,speech,dept,science,seminar,univ,minister,delhi,official,news,doordarshan,youtube,dd,amit,home,shah,university,speech,ata,science,seminar,department,swaraj,ideas,minister,political,delhi,new,india
film,cannes,festival,forum,india,official,news,doordarshan,youtube,dd,film,cannes,festival,forum,india
thakur,film,cannes,festival,forum,address,delivers,anurag,minister,official,news,doordarshan,youtube,dd,thakur,film,cannes,hub,world,festival,forum,address,delivers,anurag,minister,india
punjab,leader,president,jakhar,jp,nadda,bjp,sunil,congress,presence,official,news,doordarshan,youtube,dd,punjab,leader,president,jakhar,jp,nadda,bjp,sunil,congress,presence
waqt,official,news,doordarshan,youtube,dd,waqt,iss
waqt,official,news,doordarshan,youtube,dd,waqt,iss
waqt,official,news,doordarshan,youtube,dd,waqt,iss
official,news,doordarshan,youtube,dd
samachar,official,news,doordarshan,youtube,dd,samachar
entertainment,culture,programme,rang,official,news,doordarshan,youtube,dd,culture,programme,entertainment,weekly,rang,tarang
samachar,official,news,doordarshan,youtube,dd,samachar
samachar,official,news,doordarshan,youtube,dd
women,finals,khel,enter,world,championships,samachar,official,news,doordarshan,youtube,dd,women,finals,khel,zareen,enter,world,championships,boxing,samachar
summit,pm,modi,visit,press,brief,official,news,doordarshan,youtube,dd,summit,japan,pm,modi,mea,quad,visit,press,brief
pradesh,official,news,doordarshan,youtube,dd,desh,pradesh
summit,japan,pm,modi,samachar,official,news,doordarshan,youtube,dd,summit,japan,pm,modi,quad,samachar,may
discussion,official,news,doordarshan,youtube,dd,discussion
night,news,official,news,doordarshan,youtube,dd,news
president,kovind,grenadines,vincent,parliament,session,official,news,doordarshan,youtube,dd,president,ram,kovind,grenadines,st,vincent,parliament,nath,session
samachar,official,news,doordarshan,youtube,dd
duniya,ki,news,world,updates,khabar,official,news,doordarshan,youtube,dd
