law,mahua,debate,development,india,sedition,sc,constitution,history,upsc,law,case,court,news,ipc,pdf,charges,india,sedition,time,re,case,turn,state,july,network,subscribe,latest,moitra,trading,google,parliament,et,petitioner,governments,cases,law,channels,mahua,twitter,opposition,updated,android,lok,member,examination,wwwetnownewscom,facebook,supreme,hold,stocks,victory,sedition,newshour,download,store,media,debate,colonial,sabha,business,charges,union,members,times,development,play,reconsideration,apple,india,app,government,social,court,stay,era,act,website,links,democracy,tune,courts,bail,centre
market,speaks,news,situation,parson,crash,market,recommendations,tips,news,stock,fall,nick,update,hindi,markets,share,parson,india,head,couple,network,stock,subscribe,latest,kind,carnage,trading,google,et,parson,volume,history,channels,twitter,updated,android,wwwetnownewscom,facebook,pop,sense,sessions,stocks,newshour,download,store,media,strategy,debate,research,business,times,play,bit,apple,thomaslloyd,market,capitulations,social,stay,website,nick,links,us,video,situation,app,yesterday
david,yr,month,cpi,madden,inflation,station,control,japan,states,government,biden,news,inflation,rate,impact,admin,deflation,stagflation,economics,april,time,network,month,cpi,subscribe,madden,inflation,trend,consensus,latest,lot,trading,equity,google,core,et,meeting,david,threat,channels,number,fomc,twitter,updated,android,wwwetnownewscom,facebook,anticipation,estimates,stocks,year,prices,week,newshour,download,store,watch,cryptocurrency,media,debate,energy,business,march,bitcoin,food,times,pressure,play,apple,india,app,social,stay,website,building,links,us,markets,mark
lambregts,jan,cpi,expectation,inflation,april,prediction,data,crash,preview,report,cpi,oil,inflation,print,rate,food,bitcoin,price,prices,pro,apr,april,head,time,lambregts,network,month,cpi,subscribe,trend,inflation,latest,consensus,trading,google,equity,core,et,meeting,threat,channels,financial,fomc,twitter,rabobank,updated,android,wwwetnownewscom,facebook,estimates,stocks,prices,week,newshour,download,store,media,cryptocurrency,debate,research,energy,business,bitcoin,food,development,pressure,global,times,play,apple,india,app,social,stay,jan,website,links,us,markets,video,mark
dipali,q4,welspun,goenka,india,target,today,news,results,q4,welspun,analysis,result,ltd,share,price,india,head,material,couple,ceo,stock,network,subscribe,latest,q4,miss,welspun,inflation,industry,trading,google,md,et,cotton,price,channels,twitter,updated,android,wwwetnownewscom,facebook,sense,quarters,stocks,prices,performance,factors,newshour,download,store,media,debate,business,joint,goenka,coal,play,times,commodity,apple,dipali,app,today,stay,social,website,win,links,video,situation,india
money,show,event,google,flagship,slate,events,live,streaming,phone,setup,expectations,news,tensor,recap,release,pixel,event,facebook,google,smartphone,io,flagship,display,smart,hub,gadget,dhruv,network,subscribe,latest,teach,ecosystem,day,editor,event,nest,google,new,may,trading,buzz,developer,et,channels,freak,tech,twitter,android,updated,wwwetnownewscom,conference,bhutani,authority,facebook,tuesday,stocks,california,newshour,download,store,media,search,debate,giant,business,pixel,shoreline,times,play,apple,segment,social,stay,website,links,street,amphitheater,app,software
rice,dewan,news,basmati,business,company,target,prediction,market,investment,today,news,business,krbl,analysis,review,share,stocks,price,shares,rice,network,stock,subscribe,latest,position,trading,google,fy24e,sales,et,channels,neeraj,middle,asia,updated,android,twitter,now,facebook,stocks,mirror,recovery,dewan,download,store,watch,east,media,krbl,business,southeast,basmati,company,pressure,times,play,apple,market,today,stay,social,website,margin,pick,links,share,investors,app
market,yields,news,relation,markets,bond,crash,prices,yield,market,currency,government,rates,yields,stock,forex,impact,interest,mortgage,markets,bonds,stocks,bond,network,subscribe,latest,trading,google,et,channels,yields,news,twitter,updated,android,relation,facebook,stocks,bond,mirror,download,store,watch,media,business,times,play,apple,market,social,stay,website,links,between,markets,app
capital,shah,earnings,ceo,envision,md,digits,trends,capital,market,shah,news,fund,sensex,amc,interview,envision,mf,markets,et,kotak,months,earnings,fall,correlation,subscribe,latest,network,inflation,fundamentals,sector,trading,google,nilesh,et,digits,channels,twitter,updated,android,spoilsport,now,wwwetnownewscom,facebook,stocks,nasdaq,space,factors,newshour,download,store,watch,media,debate,pb,spot,business,pricing,valuations,company,times,play,pressure,leader,apple,shah,app,social,pain,stay,website,it,links,interview,markets,online,fintech,india,insurance
market,tips,queries,asketnow,risk,ideas,share,market,live,today,updates,news,stock,cryptocurrency,english,business,analysis,channel,trading,tv,share,india,live,tips,network,stock,subscribe,latest,google,which,et,channels,ask,news,twitter,updated,android,now,etnow,facebook,stocks,portfolio,mirror,asketnow,buy,download,store,experts,cryptocurrency,media,business,times,play,apple,market,app,queries,social,stay,website,links,share,stockinnews,india
constraints,supply,side,srivastava,quarter,maruti,india,suzuki,shashank,nayantara,srivastava,rai,maruti,ltd,cars,sales,india,suzuki,shashank,suv,network,subscribe,latest,srivastava,trading,google,cars,sales,et,presence,shashank,channels,marketing,twitter,director,updated,android,executive,now,wwwetnownewscom,facebook,stocks,cost,suzuki,dip,newshour,download,store,media,debate,quarter,business,maruti,company,times,play,constraints,apple,segment,app,social,stay,website,side,acquisition,interview,senior,demand,links,india,uncertainties
toubro,larsen,profit,toubro,news,stock,results,infotech,analysis,dividend,share,larsen,toubro,network,inflows,subscribe,latest,account,trading,google,et,larsen,leverage,channels,cr,twitter,order,updated,android,now,basis,wwwetnownewscom,facebook,profit,stocks,qoq,cost,increase,yoy,newshour,download,growth,store,revenue,rs,margins,revenues,media,debate,initiatives,contracts,quarter,guidance,march,business,company,times,play,crore,operating,apple,social,stay,saving,website,building,links,app
tech,aerospace,reddy,parvat,technologies,defence,srinivas,md,mtar,target,news,stock,intraday,reddy,parvat,analysis,technologies,review,srinivas,share,price,mtar,network,aerospace,partnership,subscribe,latest,trading,google,credit,et,benefits,channels,twitter,shareholders,partners,updated,android,array,facebook,pee,wwwetnownewscom,board,stocks,category,newshour,conditions,download,store,media,rs,debate,business,defence,shares,multiple,discussion,times,play,offset,crore,apple,msme,content,stay,social,website,gee,acquisition,links,technologies,terms,potential,app,oems,mtar
trends,market,mehta,flows,news,fund,devang,update,finance,trends,market,post,tips,today,budget,news,stock,times,marathon,trend,suri,share,atul,et,pandemic,months,re,covid,network,subscribe,latest,oil,wealth,trading,google,evaluation,factor,marketnews,et,price,trends,future,channels,mehta,twitter,updated,android,host,war,etnow,facebook,stocks,losses,prices,centrum,factors,mirror,management,download,store,watching,media,business,course,globe,markettrends,russia,times,commodity,play,ukraine,apple,mr,app,social,stay,website,devang,links,markets,india
kumar,accounts,goel,growth,provisions,slippages,pnb,kumar,goel,goyal,ceo,stock,q4,basics,outlook,et,md,multibagger,news,ajay,atul,sharma,pnb,market,results,interview,share,punjab,kumar,stood,goel,ceo,network,subscribe,latest,income,sector,trading,google,md,et,channels,twitter,updated,android,period,wwwetnownewscom,facebook,profit,atul,year,fy23,stocks,newshour,download,store,media,rs,debate,public,quarter,march,amount,business,bank,national,pnb,times,crore,decline,play,apple,loans,social,stay,filing,website,lender,towards,links,interview,january,app
view,market,merani,today,sensex,news,expert,nifty,business,share,stocks,view,stock,wilmar,merani,news,ipo,update,stocks,green,nifty,business,adani,market,today,sensex,transmission,markets,street,share,mahindra,cent,network,subscribe,latest,finance,trading,google,et,channels,merani,twitter,updated,android,wwwetnownewscom,facebook,stocks,bajaj,newshour,adanigreen,download,watch,store,rs,media,expert,pharma,nifty,debate,business,ultratech,bank,times,play,steel,apple,cement,market,today,tata,sensex,hdfc,stay,social,website,indusind,links,sun,nooresh,app
timeline,order,win,texmaco,railways,gupta,execution,target,rail,news,stock,fundamental,texmaco,analysis,shares,share,agm,price,engineering,discipline,months,rail,network,stock,subscribe,latest,details,units,trading,google,wagons,kolkata,et,channels,twitter,director,order,updated,period,multi,android,wwwetnownewscom,facebook,stocks,engineering,unit,newshour,download,store,media,infrastructure,rs,acres,debate,business,shares,company,times,exchange,crore,play,wednesday,apple,outskirts,value,stay,filing,managing,social,website,win,texmaco,links,railways,gupta,app,tender
kalyan,investment,accessory,jewellery,kalyanaraman,fashion,jewellers,target,kalyan,ramesh,kalyanaraman,news,share,price,jewellers,cent,kalyanaraman,tax,network,subscribe,latest,details,trading,google,operations,et,jewellers,channels,jewellery,retailer,director,twitter,updated,android,executive,review,facebook,profit,wwwetnownewscom,stocks,year,ramesh,newshour,download,store,media,revenue,rs,debate,quarter,business,march,company,times,play,crore,decline,apple,kalyan,pat,social,stay,filing,website,links,app,shares
today,tata,news,level,numbers,markets,motors,crash,market,estate,today,housing,news,stock,crypto,day,update,midday,beginners,share,april,months,earnings,level,network,cpi,subscribe,latest,languishes,day,rupee,trading,google,marketnews,et,profitability,evening,channels,currency,twitter,dollar,updated,android,low,etnow,mark,facebook,stocks,prices,mirror,headlines,big,growth,watching,revenue,download,store,media,rout,numbers,business,jlr,times,play,commodity,apple,data,market,app,sentiment,today,tata,headlinestoday,stay,record,social,website,hour,impact,links,street,markets,important,motors,india
market,tax,stock,sensex,news,income,demand,krbl,buzz,relief,market,live,today,tax,news,stock,income,krbl,business,taxation,demand,trading,stocks,shares,rice,exporters,traders,refund,tax,network,subscribe,latest,income,liability,trading,google,et,lakh,channels,twitter,wheat,updated,android,department,companies,wwwetnownewscom,facebook,release,stocks,exporter,alternative,newshour,download,store,consumption,media,rs,debate,inventories,krbl,business,press,company,relief,crore,times,play,apple,app,social,stay,website,authorities,impact,worth,links,demand,focus,appeals
view,shankar,sharma,selloff,investors,shares,tips,stock,selling,delivery,trading,beginners,startegies,invest,tech,lists,hindi,advice,investment,strategy,business,investor,profession,data,market,selloff,network,banks,trade,mistake,subscribe,latest,correction,sector,spending,trading,google,hit,et,channels,shankar,years,twitter,updated,android,now,wwwetnownewscom,facebook,stocks,prices,recovery,newshour,store,download,watch,sharma,media,pharma,debate,business,times,play,commodity,apple,market,way,social,stay,website,links,interview,app
cio,investment,pain,ravi,advisors,valuequest,markets,run,dharamshi,election,makers,market,picks,updates,stock,experts,ravi,interview,markets,dynamics,share,et,dharamshi,transition,network,banks,ravi,subscribe,trend,latest,sector,trading,google,et,channels,twitter,updated,android,now,wwwetnownewscom,facebook,see,exposure,stocks,estate,newshour,download,store,watch,media,digitisation,pharma,debate,energy,business,revival,times,play,apple,market,india,app,social,pain,stay,website,links,interview,manufacturing,markets,run,dharamshi
bhasin,corner,iifl,days,storm,sanjiv,market,stock,meaning,corrections,correction,hindi,share,india,time,pli,term,earnings,network,banks,subscribe,latest,corrections,correction,rupee,trading,google,ajaya,industries,et,channels,bhasin,incentive,iifl,disappointment,twitter,pessimism,updated,android,etnow,wwwetnownewscom,sanjiv,facebook,stocks,portfolio,newshour,download,store,media,sharma,infrastructure,debate,days,spot,business,upside,times,play,securities,contender,apple,market,mr,weakness,app,social,stay,website,it,links,bull,manufacturing,markets,boon,investors,india
motors,eicher,yoy,expectations,today,news,results,expectations,quarter,motors,sector,result,business,tomorrow,share,company,eicher,auto,network,subscribe,latest,earning,trading,google,product,price,sales,et,vs,leverage,channels,number,spends,hikes,eichermotors,twitter,ad,download,updated,android,etnow,basis,wwwetnownewscom,facebook,enfield,q4fy21royal,stocks,increase,q3fy22,factors,royal,yoy,q4fy22,newshour,ebitda,growth,revenue,rs,margins,expansion,benefit,debate,numbers,media,asps,quarter,business,rs74325cr,back,company,eicher,mix,rs3228cr,realization,times,play,apple,jump,app,comparison,social,stay,website,margin,vecv,links,line,motors,volumes,store
balance,q4fy22,growth,results,sides,sbi,sheet,market,date,preview,today,results,state,news,expectations,q4,sbi,business,cards,result,march,quarter,share,bank,advances,network,sbiq4fy22results,subscribe,latest,q4,sbi,trend,income,sector,trading,google,may,credit,outlook,rating,et,channels,nims,twitter,q4fy22results,updated,android,analysts,wwwetnownewscom,facebook,profit,stocks,eye,performance,yoy,management,conditions,growth,buy,newshour,download,store,media,commentary,interest,debate,public,business,slippages,bank,back,costs,times,play,crore,operating,apple,eyes,app,social,stay,results,website,npas,links,street,book,mark,deposits
news,expectation,cpi,inflation,business,april,prediction,types,market,pce,news,expectations,cpi,inflation,rate,impact,business,indeces,macroeconomics,economics,april,fuel,economy,network,month,cpi,subscribe,latest,inflation,hersh,trading,fact,may,meeting,et,google,channels,twitter,updated,android,sayta,etnow,wwwetnownewscom,facebook,cpiinflation,stocks,cost,newshour,rbi,rates,download,store,media,debate,business,march,back,food,times,play,apple,app,cycle,talks,stay,social,start,pressures,expectation,website,links,print,us,india
air,ceo,news,campbell,business,md,air,ceo,news,age,wilson,campbell,business,md,india,appointment,airindia,campbellwilson,singapore,ceo,network,sons,subscribe,latest,industry,scoot,service,trading,google,md,officer,et,channels,air,years,twitter,director,updated,android,executive,etnow,wwwetnownewscom,facebook,subsidiary,board,stocks,airlines,approvals,cost,chief,expertise,newshour,download,store,media,wilson,debate,business,times,play,apple,sia,subject,mr,app,today,tata,managing,stay,social,website,links,aviation,campbell,india
tata,loss,print,disappoints,bottomline,motors,target,today,tata,news,results,stock,motor,price,q4,power,et,analysis,motors,business,fy22,share,motots,steel,level,latest,flow,trading,google,outlook,vs,volume,q4fy22results,facebook,q4fy22,download,debate,conso,jlr,flows,stay,links,line,division,app,term,network,card,inflation,et,ebit,twitter,android,wwwetnownewscom,year,improve,management,yoy,store,quarter,business,play,apple,divisions,motors,charge,time,segments,loss,covid,subscribe,fy24,versus,figure,updated,qoq,cash,margins,debt,company,russia,fy26,social,tata,margin,expectation,improvements,volumes,q1,rev,tatamotors,tatamotorsq4results,channels,report,profit,stocks,fy23,newshour,co,ebitda,media,numbers,times,website,china,demand,challenge
crash,money,course,show,trading,equity,options,curve,forex,stock,meaning,tutorial,day,trading,futures,equity,beginners,vs,time,traders,term,network,fall,fingers,care,stock,subscribe,latest,how,trading,kunalbothracoin,google,et,channels,haul,decision,twitter,bothra,updated,android,episode,juncture,wwwetnownewscom,facebook,investments,stocks,charts,guide,newshour,download,store,media,debate,business,show,gain,times,play,apple,kunal,market,today,stay,social,website,links,money,markets,app
allegation,money,show,mf,front,investment,today,economy,news,money,finance,business,stocks,times,shares,dealer,case,question,auditors,ceo,network,amc,subscribe,latest,wealth,event,trading,google,et,matter,lakh,channels,mutual,news,twitter,report,updated,android,episode,mf,facebook,founder,wwwetnownewscom,axis,remember,stocks,portfolio,management,country,newshour,download,store,media,rs,button,debate,business,show,credence,schemes,times,play,crore,assets,apple,shah,today,stay,social,fund,website,manger,money,exit,advisors,kirtan,links,tune,investors,app,front
market,currency,tips,news,crypto,business,share,trading,updates,market,live,sri,today,updates,news,stock,cryptocurrency,english,crisis,business,analysis,channel,trading,share,india,businessnews,live,tips,network,crypto,subscribe,latest,trading,google,et,conclave,channels,financial,currency,news,twitter,updated,android,now,etnow,facebook,stocks,mirror,bazaar,asketnow,buy,download,store,cryptocurrency,media,business,economic,digital,times,livenews,play,apple,market,app,social,stay,website,links,share,india
recovery,news,dollar,mode,index,markets,market,investment,today,economy,news,stock,dollar,money,finance,business,cues,share,climbs,updates,stocks,times,shares,selloff,traders,network,stock,subscribe,latest,oil,day,indices,trading,futures,google,et,channels,bias,yields,twitter,dollar,updated,android,closing,index,cues,facebook,stocks,bond,nasdaq,thursday,mirror,recovery,download,store,media,strength,sgx,nifty,business,commodities,times,play,pressure,wednesday,safety,apple,gold,stay,social,start,cuts,website,links,us,markets,bonds,app
changes,addition,au,finance,bank,msci,standard,economy,stock,finance,indices,msci,news,index,review,stocks,business,bank,times,market,today,world,money,list,shares,standard,couple,addition,case,power,stock,inflows,amc,subscribe,latest,network,finance,trading,additions,may,google,et,msci,channels,range,twitter,updated,au,android,index,facebook,stocks,surprise,mirror,download,store,media,small,jspl,business,adani,bank,times,play,global,apple,brokerages,tata,deletion,hdfc,stay,elxsi,social,website,links,outflow,app
trends,market,investment,renaissance,news,murarka,projections,trends,crash,market,today,patterns,news,stock,trend,correction,analysis,beginners,lines,stocks,time,pankaj,network,decade,subscribe,latest,oil,trading,google,marketnews,et,price,trends,channels,twitter,updated,android,host,war,facebook,stocks,projections,prices,timesnow,mirror,factors,investment,correct,download,watching,store,media,days,business,crude,russia,times,commodity,play,ukraine,apple,market,murarka,renaissance,cycle,way,etnownews,stay,social,website,links,markets,buyers,investors,app
jump,mahindra,tech,news,revenues,q4,fy22,target,market,investment,mahindra,today,economy,news,tech,price,stock,revenue,update,business,analysis,share,stocks,times,shares,usd,mahindra,q4,outlook,issues,range,momentum,tech,verticals,mn,topline,fy23,recovery,acquisitions,revenues,commentary,guidance,base,back,fy22,pressure,jump,margin,demand,tune,bps,street
winner,capital,market,stock,varun,daga,markets,singh,curse,capital,market,tv,today,news,stock,varun,daga,founders,charandeep,update,girik,markets,singh,updates,stocks,shares,case,to,scenario,network,decade,trades,subscribe,people,latest,inflation,trading,google,materials,airtel,et,retail,trends,channels,conclusions,twitter,varun,daga,financials,updated,charandeep,android,now,wwwetnownewscom,facebook,will,exposure,stocks,portfolio,reliance,cap,proof,newshour,download,store,watch,media,things,debate,business,singh,ril,times,buyer,commodity,decline,play,apple,market,social,stay,website,theme,interview,links,markets,holdings,bharti,app
talent,challenges,inflation,markets,price,commodity,toubro,subrahmanyan,stock,sn,finance,larsen,talent,news,update,stocks,business,commodities,commodity,market,today,interview,markets,india,shares,toubro,subrahmanyan,tax,ceo,network,sn,subscribe,latest,details,trading,google,et,larsen,sales,md,poll,channels,cr,orders,figure,middle,accounting,order,updated,analysts,now,android,twitter,wwwetnownewscom,facebook,profit,stocks,year,thursday,yoy,newshour,download,store,watch,revenue,rs,infrastructure,revenues,east,debate,media,quarter,business,march,company,times,play,crore,apple,segment,market,social,stay,website,links,consolidated,app,shares
levels,malik,market,covid,power,news,lalit,demand,business,torrent,pre,malik,nwes,market,news,power,stock,lalit,results,torntpower,q4,interview,business,cfo,stocks,torrent,falls,power,network,lalit,subscribe,latest,income,trading,google,operations,et,malik,channels,limited,twitter,updated,android,dgen,roadmap,facebook,wwwetnownewscom,stocks,year,fy23,newshour,download,store,media,revenue,rs,revenues,debate,statement,numbers,business,shares,cfo,company,times,play,crore,apple,fy,social,stay,website,links,interview,filings,torrent,app,charge
market,news,thakkar,q4,numbers,rasayan,business,update,anupam,market,today,price,news,stock,thakkar,interview,rasayan,business,analysis,stocks,share,rasaysan,anupam,deputy,phase,term,network,subscribe,latest,q4,details,trading,google,anupam,loi,et,vs,volume,channels,cr,twitter,updated,android,now,basis,wwwetnownewscom,facebook,profit,fy2023,stocks,qoq,fy23,chemistry,newshour,download,growth,store,revenue,rs,margins,thakkar,foray,debate,numbers,rasayan,quarter,contracts,share,business,cfo,set,company,fy22,times,play,vishal,apple,lois,social,visibility,stay,website,fluorination,molecules,links,eps,media,app,shares
market,tips,queries,asketnow,risk,ideas,share,market,live,today,updates,news,stock,cryptocurrency,english,business,analysis,channel,trading,tv,share,india,live,tips,network,stock,subscribe,latest,google,which,et,channels,ask,news,twitter,updated,android,now,etnow,facebook,stocks,portfolio,mirror,asketnow,buy,download,store,experts,cryptocurrency,media,business,times,play,apple,market,app,queries,social,stay,website,links,share,stockinnews,india
secy,cpi,inflation,ajay,seth,tictac,dea,april,calculation,types,data,pce,wpi,ppi,news,economics,inflation,rate,deflation,food,india,control,events,months,tightening,measures,economy,network,cpi,disruptions,subscribe,inflation,latest,trading,google,seth,et,channels,twitter,updated,android,wwwetnownewscom,ajay,facebook,stocks,large,supply,newshour,download,rates,store,media,strength,debate,numbers,business,macroeconomic,food,excl,times,global,constraints,play,secy,apple,social,stay,items,website,part,links,situation,app,tictac,dea
tyre,fall,news,prices,focus,stocks,rubber,economy,stock,jk,finance,ceat,price,target,news,mrf,apollo,tyres,investment,birla,business,times,today,tyre,bkt,money,analysis,share,april,material,crisil,months,covid,level,network,subscribe,latest,industry,trading,google,sales,rubber,et,capex,road,cases,channels,jpy,twitter,slowdown,updated,android,facebook,lockdowns,stocks,prices,fy23,mirror,download,store,media,rs,highs,europe,tires,thailand,business,times,play,apple,vehicle,social,stay,kilogram,website,china,links,demand,us,production,cvs,app,costs
rasayan,quarter,anupam,margins,investment,today,price,news,ipo,rasayan,business,analysis,share,anupam,stocks,times,shares,tanfac,q1fy23,phase,network,subscribe,latest,trading,google,potential,anupam,et,capex,channels,customer,twitter,updated,android,basis,plans,facebook,stocks,fy23,chemistry,mirror,download,growth,store,revenue,rs,media,stake,rasayan,contracts,guidance,share,business,company,fy22,times,play,apple,segment,app,social,stay,website,eps,fluorination,molecules,links,loi,volumes
hikes,news,oil,demand,motors,companies,price,fuel,hike,india,diesel,today,modi,petrol,rise,price,prices,state,level,selling,latest,oil,trading,google,englishnews,years,asset,index,facebook,mirror,download,improvement,sectors,stay,links,line,companies,app,india,april,network,month,inflation,et,twitter,gains,android,prices,releases,store,growth,revenue,nifty,quarter,business,headwinds,highest,rise,play,apple,consumer,hour,favour,motors,subscribe,hikes,updated,thursday,country,watching,quality,margins,bank,back,hot,social,tata,headlinestoday,fuel,timesnownews,trend,industry,price,petroleum,channels,realisations,stocks,headlines,media,opening,numbers,ministry,eicher,times,website,demand
fares,months,time,air,fuel,data,jet,hike,recovery,travel,air,management,domestic,news,aviation,industry,fare,fares,agency,price,prices,fuel,airfares,time,months,network,month,subscribe,latest,day,ticket,blanket,consumers,trading,google,place,price,et,jet,channels,twitter,updated,android,reason,wwwetnownewscom,facebook,stocks,year,airlines,prices,routes,hike,date,newshour,download,store,media,debate,business,march,crude,rise,times,play,apple,app,tweaks,social,stay,brent,website,links,demand,india
kumar,life,market,speaks,stock,challenges,insurance,life,kumar,economy,stock,icici,finance,news,update,stocks,training,investment,business,shares,times,learn,market,today,money,insurance,kumar,cio,life,fiis,network,stock,selling,subscribe,latest,challenges,icici,iciciprudentiallife,trading,google,prudential,officer,fed,marketnews,et,channels,years,twitter,updated,android,facebook,stocks,bounces,mirror,chief,investment,reasons,download,store,chances,media,business,region,times,play,apple,market,app,etnownews,stay,social,website,side,links,us,markets,foreigners,video,buyers,india,insurance,meetings
fuel,ministry,approaches,prices,fuel,hike,diesel,today,marketing,hikes,malayalam,oil,petrol,prices,companies,price,india,fuel,instructions,vat,loss,hpcl,excise,subscribe,ioc,oil,latest,network,centre,details,exclusive,finance,favor,consumers,prakash,situation02,trading,google,et,price,petroleum,bpcl,channels,diesel,marketing,twitter,updated,android,petrol,rs2180,omcs,feels,facebook,wwwetnownewscom,steps,board,stocks,increase,prices,losses,freeze,states,newshour,download,model,store,rs,media,debate,days,ministry,revision,duty,business,relief,times,play,apple,sources,government,priyadarshi,stay,pm,social,website,links,companies,taxes,app,litre
range,trading,range,paathshala,bound,strategy,ranges,bear,rules,analysis,chart,rule,malkan,shift,bnsn,sfite,rsi,get,network,stock,subscribe,latest,session,trading,how,do,google,price,et,channels,momentum,twitter,bothra,updated,questions,pathshala,android,episode,index,wwwetnownewscom,facebook,stocks,simpler,indicator,episodes,newshour,buy,conditions,download,store,strength,media,expert,debate,magnitude,business,times,overbought,play,apple,kunal,changes,today,stay,social,website,paper,links,terms,app,rsi
reports,mahindra,margin,numbers,qoq,vs,target,mahindra,date,q4fy22,today,price,tech,results,earnings,transcript,news,q4,stock,business,result,share,fy22,usd,network,subscribe,latest,attrition,trading,google,line,et,vs,deal,ebit,channels,issues,currency,techmahindraq4reuslts,twitter,updated,android,offs,wwwetnownewscom,facebook,estimates,stocks,qoq,performance,supply,q4fy22,newshour,growth,download,revenue,store,margins,media,debate,techmahindra,business,times,bn,play,utilization,apple,social,stay,expectations,website,margin,win,links,street,bps,tune,terms,app
fuel,get,hike,mehengai,price,fuel,protest,economy,oil,finance,price,diesel,news,petrol,stocks,prices,hike,investment,business,times,today,money,india,shares,fuel,partner,measures,network,hpcl,subscribe,ioc,oil,natural,inflation,latest,trading,google,fact,fitch,et,ratings,debasish,petroleum,bpcl,channels,soni,diesel,aadmi,marketing,twitter,director,fuelpricehike,updated,kirit,android,petrol,now,mohit,omcs,etnow,are,facebook,stocks,prices,losses,increase,mirror,deloitte,download,store,model,media,expert,debate,days,ministry,business,pricing,times,development,play,apple,sources,app,government,social,mishra,corporate,stay,website,impact,parekh,gas,policy,links,tune,companies,india
nikunj,investment,tips,entrepreneurs,leaders,wealth,tomorrow,gupta,economy,leaders,wealth,finance,trading,et,news,tv,stocks,portfolio,investment,business,tomorrow,mukherjee,times,today,money,interview,option,sourabh,shares,network,subscribe,latest,trading,google,et,channels,strategies,entrepreneurship,news,twitter,updated,android,facebook,stocks,mirror,nikunj,download,store,media,margins,business,lot_etnow,cfo,times,play,apple,social,point,stay,website,links,importance,tune,catch,gupta,chai,app
drops,news,prices,exports,india,deal,musk,board,twitter,news,stock,tweet,hold,shares,elon,mundka,earnings,level,latest,oil,trading,google,facebook,hold,mirror,download,maruti,etnowheadlines,today,stay,tragedies,links,manufacturing,companies,indiawheatexports,india,app,capital,network,parag,mundkafire,et,twitter,wheat,android,export,factory,year,prices,store,revenue,business,play,effect,apple,musk,hour,say,ceo,subscribe,sbi,platform,kinds,updated,facility,supermarts,suzuki,crores,watching,rs,site,social,expectations,fire,scenarios,users,fuel,billion,tax,people,models,price,petroleum,channels,basis,profit,stocks,agarwal,headlines,media,numbers,ministry,times,website,sonepat,avenue,elon
sbi,review,roes,smallcap,life,cap,growth,card,fund,exam,bluechip,ipo,sbi,hindi,review,equity,clerk,network,subscribe,latest,sbi,provisions,income,hersh,trading,google,credit,et,channels,twitter,updated,android,sayta,wwwetnownewscom,facebook,stocks,roas,management,country,newshour,growth,download,store,media,commentary,interest,debate,business,bank,deposit,times,play,apple,pat,app,social,uptick,results,stay,website,npas,links,street,line,friday,costs
deal,ambuja,holcim,imminent,adani,acc,target,telugu,ambuja,cement,market,today,news,intraday,stock,analysis,beginners,tomorrow,share,price,bids,network,subscribe,latest,trading,google,et,man,deal,ambuja,channels,cr,twitter,updated,android,wwwetnownewscom,facebook,upwards,acc,board,stocks,nayantara,richest,offers,newshour,download,store,rs,outlay,media,debate,announcement,business,adani,gautam,times,development,play,assets,apple,sources,app,today,holcim,stay,social,website,rai,links,group,companies,india
igm,slips,council,pink,vedantu,employees,season,plan,layoffs,work,council,growth,news,start,startups,startup,employees,wells,school,funding,mission,ups,india,thousands,distress,rituparna,jobs,tamanna,ceo,network,subscribe,people,models,seekers,startuplayoffs,latest,promoter,sector,trading,aditya,igmcouncil,google,et,ciel,channels,wallets,startups,startup,night,director,updated,executive,narayan,android,etnow,twitter,wwwetnownewscom,facebook,founder,teamlease,stocks,year,services,layoffs,guests,newshour,download,store,watching,media,debate,business,times,play,hr,hundreds,apple,app,social,mishra,vp,stay,website,links,ganesh,rage,chakraborty,companies,bigbasket,job
devina,earnings,inflation,factor,mehra,market,strategies,stock,economics,inflation,impact,rate,bonds,stocks,cash,earnings,network,subscribe,latest,inflation,trading,google,equity,factor,industries,et,channels,diversification,twitter,updated,android,now,wwwetnownewscom,facebook,stocks,mehra,performer,bottom,devina,newshour,download,watch,store,media,debate,risk,business,sectors,times,play,apple,market,app,social,stay,website,returns,impact,money,interview,countries,links,markets,views,india
inflation,wood,outlook,chris,woods,hartman,hedge,proof,uk,market,supply,estate,meaning,chris,inflation,impact,wood,rate,jason,chain,india,jefferies,tightening,consequence,network,stock,subscribe,latest,oil,outflows,inflation,wood,trading,google,et,chance,channels,tech,twitter,pessimism,updated,android,now,wwwetnownewscom,facebook,profit,stocks,hedge,newshour,download,store,media,debate,shakeout,surge,energy,business,times,yous,play,jefferies,apple,market,printing,etfs,social,stay,website,chris,links,money,interview,us,g7,selloff,app
consumer,adoption,anuj,expansion,sohum,khanna,plans,india,target,today,news,stock,analysis,review,share,price,ceo,network,disruption,subscribe,challenges,latest,details,kind,trading,google,user,sales,et,ebit,vs,future,channels,campaigns,cr,twitter,sohum,updated,android,khanna,now,basis,wwwetnownewscom,facebook,founder,stocks,qoq,q4fy22,newshour,download,watch,revenue,rs,margins,store,media,debate,business,was,company,times,play,affle,apple,pat,market,weakness,app,social,stay,chairman,website,acquisition,links,india,shares
baroda,margins,sanjiv,bps,bank,baroda,bob,today,results,news,stock,q4,analysis,result,share,bank,price,loan,advances,loss,network,round,subscribe,latest,provisions,income,sector,trading,metrics,google,md,et,profitability,versus,channels,cr,asset,twitter,updated,android,period,basis,review,sanjiv,profit,facebook,wwwetnownewscom,stocks,year,increase,points,newshour,download,store,watch,quality,rs,media,improvement,debate,interest,public,quarter,march,slippages,chadha,business,growthnet,back,bank,times,play,baroda,apple,social,stay,website,margin,lender,links,interview,app
market,tips,queries,asketnow,risk,ideas,share,market,live,today,updates,news,stock,cryptocurrency,english,business,analysis,channel,trading,tv,share,india,live,tips,network,stock,subscribe,latest,google,which,et,channels,ask,news,twitter,updated,android,now,etnow,facebook,stocks,portfolio,mirror,asketnow,buy,download,store,experts,cryptocurrency,media,business,times,play,apple,market,app,queries,social,stay,website,links,share,stockinnews,india
shekhar,chandra,bandhan,ceo,q4,bank,ghosh,md,target,bandhan,today,results,news,stock,q4,share,result,bank,price,advances,shekhar,network,subscribe,latest,income,trading,google,ghosh,officer,et,channels,asset,twitter,director,updated,android,multi,period,executive,now,wwwetnownewscom,facebook,profit,stocks,year,chief,bandhan,q4fy22,newshour,download,store,quality,rs,media,improvement,debate,interest,numbers,quarter,non,march,business,bank,times,play,crore,assets,apple,jump,chandra,social,stay,filing,managing,website,npas,links,fy21,app
performance,avenue,yoy,supermarts,performance,today,news,stock,analysis,supermarts,share,price,avenue,supermart,ebidta,merchandise,covid,network,maharashtra,subscribe,latest,inflation,clarity,details,consumers,trading,google,sales,fmcg,et,optimization,channels,vinnii,twitter,updated,android,wave,commerce,facebook,supermarts,shift,estimates,wwwetnownewscom,quarters,stocks,stores,cost,discretionary,performance,yoy,management,store,ebitda,growth,revenue,newshour,expansion,download,media,debate,business,non,motiwala,times,play,karnataka,apple,app,social,stay,website,margin,impact,links,line,avenue
vignette,leaders,speaker,tomorrow,season,guests,investment,today,economy,news,season,leaders,money,finance,business,lot,tomorrow,stocks,times,shares,planet,entrepreneur,network,ravi,people,subscribe,latest,trading,google,career,et,trends,channels,mass,entrepreneurship,news,twitter,updated,android,facebook,founder,stocks,mirror,download,sets,store,media,venkatesan,energy,skill,business,lot_etnow,times,alliance,play,global,apple,social,stay,chairman,website,links,tune,catch,app
earnings,mittersain,business,nazara,technologies,seasonality,today,results,news,q4,analysis,technologies,nazara,result,share,price,policies,covid,network,subscribe,latest,trading,google,operations,et,platform,channels,change,twitter,updated,android,period,nazara,esports,facebook,profit,wwwetnownewscom,stocks,year,increase,sports,environment,newshour,download,ebitda,watch,revenue,rs,store,media,gaming,debate,statement,guidance,quarter,business,march,headwinds,digital,company,fy22,times,crore,play,apple,segment,india,app,social,stay,website,impact,money,interview,links,technologies,friday
star,tyres,ratings,government,tyres,apollo,pakistan,tyre,information,mrf,jk,dunlop,tires,star,ceat,michelin,car,ratings,season,vs,fuel,standard,domestic,power,network,bharat,subscribe,latest,details,exclusive,industry,trading,star,google,industries,rating,ratings,et,channels,atma,twitter,forces,efficiency,updated,android,feels,facebook,wwwetnownewscom,stocks,mission,cost,tyres,vehicles,country,newshour,download,store,media,curb,debate,ministry,use,business,substandard,times,consultation,dixit,play,apple,sources,market,app,government,social,stay,tyre,website,govt,links,arai,lines,heavy,appliances,sameer
revenue,rises,vinati,organics,today,news,stock,results,vinati,analysis,review,organics,share,price,network,expenses,subscribe,latest,trading,google,chemicals,price,et,capex,channels,phenol,twitter,vinati,updated,android,products,basis,wwwetnownewscom,facebook,stocks,year,investment,specialty,newshour,download,store,revenue,rs,margins,media,debate,guidance,business,butyl,organics,back,rise,company,arm,estimations,crore,realizations,times,atbs,play,pat,app,mtpa,apple,social,stay,website,capacity,links,plant,niche,volumes
set,trade,numbers,today,news,results,enterprises,stock,analysis,result,share,price,amber,rs572,latest,units,trading,google,issues,cr,racs,facebook,download,debate,guidance,surge,jul,b2b,input,market,stay,links,app,network,customers,product,sales,et,twitter,android,bottomline,wwwetnownewscom,lockdowns,tensions,components,rac,yoy,management,store,revenue,lag,summers,quarter,business,headwinds,play,constraints,operating,apple,share,jun,covid,subscribe,challenges,q4,consensus,shortages,brands,updated,estimates,problems,cost,amber,supply,rs,margins,commentary,days,company,fy22,pressure,social,volumes,months,geo,tax,chain,industry,channels,mn,players,profit,stocks,fy23,newshour,media,times,mix,results,pressures,website,china,demand,focus,costs
purnima,headlines,pm,modi,buddha,tomorrow,market,headlines,today,news,stories,headline,day,et,business,markets,trading,tv,street,times,life,grey,foundation,corporation,trade,subscribe,latest,buddha,ceremony,network,centre,dalal,trading,google,et,deal,culture,buddhist,channels,asset,twitter,updated,android,npa,debut,etnow,wwwetnownewscom,facebook,nepal,stocks,par,purnima,headlines,bandhan,lic,heritage,newshour,quality,modi,download,store,media,debate,business,adani,shares,tomorrow,bank,set,international,listing,bn,topheadlinesoftheday,times,baroda,play,apple,jump,cement,market,listen,app,social,holcim,pm,stay,website,discount,maker,links,ratio,street,stone,india,insurance
brand,equity,relevance,goa,martin,today,news,model,sorrell,meaning,definition,brand,explanation,business,hindi,awareness,que,equity,stocks,times,shares,loyalty,capital,cosmetics,ceo,network,subscribe,club,latest,journey,conversation,join,industry,famous,trading,aditya,anniversary,equity,google,officer,sugar,et,tac,channels,marketing,twitter,updated,android,cco,brand,ajay,founder,facebook,vineeta,stocks,sinha,kamble,captains,mirror,performance,chief,download,birla,store,media,advertising,business,kakar,singh,times,play,president,goafest,apple,sonali,app,krishna,raj,havas,stay,vp,social,website,links,innovations,group,partha,india
discount,prediction,date,strategies,today,news,listing,strategy,ipo,day,review,gain,price,gmp,issue,life,size,network,month,subscribe,latest,insurer,participants,trading,google,et,etc,channels,twitter,updated,android,ipo,wwwetnownewscom,facebook,stocks,holders,return,lic,newshour,rates,download,store,rs,media,debate,interest,business,tomorrow,times,listing,play,apple,market,app,social,stay,website,china,discount,links,bourses,policy,share,selloff,investors,india
trends,market,news,equities,finance,bang,pai,projections,crash,trends,market,today,studies,news,stock,patterns,trend,correction,analysis,beginners,stocks,levels,tips,economy,band,network,subscribe,latest,oil,inflation,trading,google,marketnews,et,trends,future,channels,twitter,updated,android,grains,war,etnow,financenews,facebook,pai,stocks,prices,projections,increase,mirror,nirmal,download,store,watching,media,business,institutional,russia,food,commodity,times,ukraine,play,apple,market,mr,way,app,social,stay,website,record,equities,links,metals,india,shares
entrepreneurship,amisha,mumbai,leaders,somaiyaa,vora,tomorrow,landscape,leader,today,news,leaders,s10,masterclass,business,awards,show,tomorrow,award,stocks,et,season,capital,tips,ceo,network,whiteoak,leaders,subscribe,latest,trading,google,equity,landscape,md,et,channels,entrepreneurs,entrepreneurship,amisha,startups,twitter,updated,spotlight,somaiyaa,android,episode,aashish,facebook,investments,stocks,mirror,guests,revolution,management,owner,download,mumbai,city,store,prabhudas,lilladher,debt,media,vora,business,joint,tomorrow,times,play,apple,social,stay,website,links,group,app
ambuja,aggarwal,news,stake,finance,adani,acc,takeover,port,cements,price,wilmar,target,deal,ambuja,news,acc,stake,holcims,adani,gautam,set,cement,group,analysis,share,buys,liladher,network,subscribe,latest,industry,sector,trading,google,marketnews,et,future,ambuja,channels,exception,news,moves,possibilities,updated,android,twitter,players,weighs,etnow,facebook,acc,stocks,mirror,country,aggarwal,entry,watching,experts,prabhudas,download,store,stake,media,business,adani,discussion,times,play,speculation,apple,cement,market,app,social,stay,website,competitors,take,links,companies,india
cabinet,readies,sale,finmin,notes,psus,beml,privatisation,sale,privatization,news,disinvestment,meaning,stake,cel,mrunal,dipam,psus,sector,psu,upsc,undertakings,state,latest,notes,sector,handicrafts,trading,inter,google,decision,officers,facebook,secretaries,guarantee,download,sale,debate,corp,ltd,sectors,development,aayog,stay,links,policy,line,app,india,consultations,network,corporation,et,cabinet,committee,twitter,android,export,wwwetnownewscom,closure,june,store,business,handlooms,play,others,apple,discussions,mmtc,affairs,niti,subscribe,finance,chemicals,jute,updated,fluorocarbons,commerce,hindustan,psu,petrochemical,dpe,national,fertiliser,social,finmin,textile,credit,cotton,channels,psus,stocks,approval,week,newshour,media,enterprises,pharma,ministry,times,manufacturers,website,dipam,group
show,money,debt,solutions,card,help,credit,news,funds,harshvardhan,performance,forgiveness,debt,show,securities,vardhan,market,conquer,end,roongta,money,problem,rungta,harsh,life,time,loan,procedure,infact,network,banks,subscribe,latest,urge,trading,google,et,channels,englishnews,yes,beware,only,twitter,ad,themoneyshow,updated,answer,period,android,episode,wwwetnownewscom,facebook,founder,well,approval,stocks,institutions,newshour,payments,rates,download,store,things,media,debate,days,interest,business,goodorbaddebt,show,times,play,advisor,assets,debts,click,fee,apple,today,stay,social,website,roongta,links,money,video,harsh,app
tomorrow,money,listing,show,singhvi,anil,kharide,details,launch,price,news,ipo,review,telugu,date,hai,lic,gmp,kaise,show,gain,listing,tamil,malayalam,money,kya,share,policyholders,life,licipo,term,network,corporation,stock,subscribe,latest,no,insurer,sector,ones,trading,aditya,equity,holdings,google,et,channels,twitter,themoneyshow,updated,android,ipo,wwwetnownewscom,facebook,pop,profit,investments,stocks,portfolio,lic,consist,newshour,download,store,media,debate,public,business,investor,tomorrow,listing,times,play,apple,allotment,shah,social,stay,website,links,jst,bourses,markets,tune,book,app,insurance
misra,market,rally,td,securities,misra,market,wall,priya,news,stock,today,trade,journal,expert,action,st,business,cues,bell,street,markets,dow,network,fall,stock,subscribe,latest,day,correction,indices,trading,google,et,misra,channels,jones,steak,twitter,updated,android,update,cues,stockmarket,facebook,wwwetnownewscom,comeback,stocks,td,week,high,weeks,investment,usmarket,priya,newshour,strategy,download,views,store,expert,debate,media,business,red,share,times,play,securities,apple,market,app,wall,stay,social,website,record,losing,links,us,street,video,rally,globalcues,friday,shares
doorstep,humsafar,diesel,fuel,diesel,dispensers,news,tech,startup,partners,delivery,kakkar,okara,group,humsafar,india,trips,amidst,network,subscribe,latest,inflation,electricity,how,trading,google,price,et,pump,doorstep,gensets,channels,diesel,ev,twitter,startup,updated,spotlight,android,temperatures,petrol,crisis,omcs,episode,roadmap,facebook,founder,wwwetnownewscom,roof,delhi,mayank,stocks,space,agarwal,newshour,co,startupcentral,consumption,model,look,download,store,media,debate,energy,business,company,times,play,apple,team,mercury,north,way,mercy,app,topic,stay,social,website,links,demand,suc,tune,humsafar,india,degrees
rk,heatwave,interview,jenamani,scientist,india,imd,parts,rk,heat,news,grips,heatwave,update,wave,jenamani,delhi,updates,heatwaves,india,punjab,time,cover,south,monsoon,network,subscribe,areas,latest,haryana,disturbance,jenamani,do,trading,google,et,cloud,channels,winds,rajasthan,twitter,updated,android,wwwetnownewscom,orange,facebook,scientist,delhi,kerala,stocks,prediction,country,conditions,rk,alert,newshour,download,heatwave,store,bay,debate,media,business,tomorrow,bengal,development,times,play,apple,parts,north,temperature,today,heat,stay,social,website,links,senior,convection,daanish,thunderstorms,anand,heatwaves,app,imd
cement,entry,mean,debate,development,sector,india,deal,inamdar,cement,digvijay,holcim,tamanna,helcimo,shree,interview,debate,industry,adani,gautamadani,development,sector,acc,india,singhvi,anil,network,subscribe,latest,sector,trading,google,materials,et,deal,half,diligence,ambuja,channels,twitter,updated,complications,executive,android,now,wwwetnownewscom,facebook,acc,stocks,approvals,firm,space,infra,entry,digvijay,newshour,download,store,media,stake,debate,shree,business,adani,gautam,set,times,development,play,apple,cement,sources,premium,app,today,holcim,mean,chairman,stay,social,website,links,group,offer,tune,companies,india,session
wheat,debate,ban,export,development,option,india,inamdar,supply,import,news,wheat,tamanna,debate,crisis,ban,export,imbalance,development,russiaukraine,agriculture,exports,india,bans,levels,play,crop,spurt,worldwide,network,subscribe,latest,option,trading,google,may,et,analyst,channels,twitter,wheat,former,updated,android,crisis,commerce,ajay,facebook,wwwetnownewscom,devinder,stocks,prices,increase,high,supply,newshour,download,store,media,sharma,nandakumar,debate,surge,business,dua,back,agriculture,russia,implications,development,food,ukraine,effect,ex,secy,secretary,times,app,government,apple,stay,social,website,spite,mismatch,record,impact,links,demand,ban,policy,markets,tune,production,exports,wake,india
today,news,stocks,shorts,phone,upload,video,camera
recovery,markets,makers,market,screener,tracker,news,stock,expert,analysis,cues,share,markets,handover,updates,selloff,usd,network,seng,subscribe,latest,oil,inflation,indices,trading,futures,google,et,fed,channels,hikes,tech,twitter,gains,dollar,updated,android,index,wwwetnownewscom,cryptos,facebook,stocks,nasdaq,newshour,download,growth,store,drag,media,sgx,debate,nifty,business,rebound,bitcoin,commodities,back,times,play,pressure,apple,gold,stay,social,website,links,rate,us,markets,app,hang
levels,recovery,covid,vip,fy22,pre,industries,news,stock,strategy,journey,analysis,industry,review,business,share,vip,industries,levels,q1fy23,restrictions,ebidta,loss,covid,month,subscribe,latest,network,trading,google,industries,price,et,channels,twitter,updated,android,turnaround,basis,wwwetnownewscom,facebook,stocks,year,hike,travel,newshour,download,growth,store,revenue,rs,margins,media,opening,debate,numbers,quarter,business,march,base,schools,vip,company,times,crore,luggage,pre,play,apple,social,stay,office,website,links,demand,app
helios,capital,fund,manager,markets,founder,arora,samir,helios,capital,market,news,times,interview,markets,arora,share,investments,et,samir,months,term,network,volatility,subscribe,latest,correction,trading,google,et,channels,twitter,financials,updated,android,ipo,now,wwwetnownewscom,facebook,stocks,weeks,lic,newshour,download,watch,store,media,settles,debate,business,sectors,technology,times,play,apple,consumer,market,india,app,themes,decouple,stay,social,website,links,interview,us,markets,arora,samir
rai,union,bank,rajkiran,india,investment,today,economy,news,money,finance,business,stocks,times,shares,nim,network,subscribe,latest,income,trading,google,et,profitability,channels,twitter,director,updated,android,basis,wwwetnownewscom,facebook,profit,stocks,year,points,yoy,newshour,download,store,watch,media,rs,debate,interest,reporting,quarter,business,march,union,bank,rise,times,play,crore,apple,app,social,stay,website,margin,rai,links,interview,ratio,rajkiran,india
hindalco,morgan,earnings,stock,jp,q4,trading,industries,price,news,hindalco,strategy,expert,ideas,company,market,morgan,results,analysis,q3,share,levels,network,stock,month,subscribe,latest,monday,sell,trading,google,outlook,price,et,capex,vs,target,channels,twitter,updated,android,index,downstream,wwwetnownewscom,facebook,fii,stocks,novelis,dii,newshour,hindalco,relative,download,store,rs,margins,highs,averages,debate,days,nifty,business,valuations,upside,peers,times,play,apple,market,morgan,ytd,social,stay,website,aluminium,links,share,metals,ownership,media,app
market,news,lists,discount,business,share,stocks,investors,target,market,recommendations,lic,news,ipo,stck,share,stocks,price,shares,issue,life,businessenglishnews,cent,state,corporation,stock,subscribe,latest,network,day,note,trading,google,behemoth,et,channels,news,twitter,lists,updated,android,ipo,stockmarket,facebook,wwwetnownewscom,stocks,bidding,qib,lic,store,newshour,english,experts,rs,nse,insight,stake,debate,download,media,business,pricelic,amount,listing,exchange,times,crore,play,apple,market,app,government,today,portion,stay,social,website,discount,links,offer,share,investors,run,insurance
market,tips,queries,asketnow,risk,ideas,share,market,live,today,updates,news,stock,cryptocurrency,english,business,analysis,channel,trading,tv,share,india,live,tips,network,stock,subscribe,latest,google,which,et,channels,ask,news,twitter,updated,android,now,etnow,facebook,stocks,portfolio,mirror,asketnow,buy,download,store,experts,cryptocurrency,media,business,times,play,apple,market,app,queries,social,stay,website,links,share,stockinnews,india
cr,orders,rs,orderbook,madhavan,hal,today,results,news,q4,hal,result,hindustan,share,aeronautics,network,trade,subscribe,latest,q4,details,hal,trading,google,outlook,sales,et,aeronautics,channels,cr,twitter,updated,android,period,now,wwwetnownewscom,facebook,profit,hindustan,stocks,year,fy23,property,cmd,preview,newshour,download,store,media,rs,instruments,debate,inventories,surge,quarter,business,amount,rise,fy22,times,play,lease,assets,apple,expenditure,market,social,stay,website,andequipment,interview,links,madhavan,plant,fy21,app
bhanu,travel,chopra,travels,rategain,result,travel,results,news,tech,q4,rategain,technologies,result,fy22,q3,share,price,levels,bhanu,stood,travels,loss,covid,ceo,subscribe,latest,q4,network,details,trading,google,et,vs,channels,cr,twitter,updated,android,period,products,ota,wwwetnownewscom,facebook,founder,stocks,year,unit,yoy,newshour,airline,martech,growth,revenue,rs,margins,revenues,ebitda,debate,download,rategain,business,daas,quarter,company,times,play,pre,apple,pat,chopra,social,stay,website,links,distribution,media,app,shares,store
market,results,update,finance,analysis,business,bse,share,securities,kamlesh,market,shah,today,news,stock,results,q4,update,finance,business,interview,videos,share,india,securities,cent,network,subscribe,latest,q4,existence,finance,industry,trading,metrics,google,et,channels,years,twitter,director,updated,android,update,wwwetnownewscom,bse,facebook,stocks,year,performance,businesslatestupdate,newshour,download,growth,store,revenue,rs,media,shareindiasecurities,debate,business,quarter,total,company,fy22,times,crore,securities,kamlesh,play,apple,market,shah,app,social,stay,results,website,sharemarket,links,analysis,share,india
kec,orders,cr,ceo,kejriwal,rs1147,md,marketplace,kec,market,vimal,price,ceo,vimalkejriwal,stock,watch,kejriwal,times,group,analysis,railways,share,et,prices,rpg,segments,ceo,network,subscribe,latest,details,trading,google,md,et,kec,channels,orders,twitter,middle,updated,cabling,android,epc,facebook,stocks,mirror,crores,projects,civil,download,store,media,infrastructure,rs,east,kejriwal,business,ltd,shares,international,company,times,play,rpg,apple,data,vimal,app,hydrocarbon,social,stay,website,transmission,links,interview,group,railways,distribution,india,centre,americas
tata,balaji,semiconductor,pb,crisis,funding,motors,capex,tips,ev,tata,news,stock,foray,update,analysis,motors,group,share,price,opex,capex,come,network,subscribe,semiconductor,latest,details,kind,trading,google,price,et,capex,target,channels,hikes,twitter,updated,verticals,android,update,crisis,plans,funds,now,facebook,where,wwwetnownewscom,stocks,cost,increase,newshour,download,store,media,debt,margins,debate,pb,business,cfo,company,times,play,apple,input,social,tata,balaji,stay,website,impact,interaction,interview,group,links,motors,app,shares
market,stock,day,update,debut,business,markets,wise,tips,economy,stock,finance,news,ipo,review,stocks,investment,buy,business,listing,times,market,today,money,policy,analysis,share,india,shares,helios,summary,capital,network,stock,subscribe,shenoy,latest,day,wealth,hersh,metrics,trading,google,price,regard,et,channels,englishnews,twitter,stockmarkets,updated,ipo,sayta,valuation,debut,deepak,haria,android,facebook,stocks,ladha,mirror,mind,madhukar,investment,lic,download,store,media,greenedge,digant,key,share,business,times,play,apple,elara,app,today,stay,social,website,links,arora,views,investors,samir
pandey,tuhin,speaks,news,listing,kanta,ceremony,update,dipam,secretary,tuhin,insurance,kanta,launch,price,news,ipo,update,regulator,sebi,date,lic,papers,secretary,pandey,today,filing,dipam,policyholders,tuhin,licipo,role,network,subscribe,kanta,latest,trading,google,marketnews,et,channels,twitter,updated,android,ipo,companies,etnow,facebook,stocks,mirror,lic,country,conditions,watching,modi,download,store,media,numbers,business,company,listing,times,secretary,play,pandey,apple,reality,market,mr,social,stay,pm,website,links,rate,dipam,countries,buyers,app,insurance
meets,lending,das,market,guv,rbi,rates,economy,news,banks,shaktikanta,lending,das,investment,today,economy,news,rbi,rates,money,finance,business,governor,shaktikanta,stocks,times,shares,meets,guv,economy,network,banks,subscribe,latest,sbi,flow,sector,trading,google,credit,marketnews,et,mpc,indian,central,das,bob,channels,asset,news,twitter,updated,android,review,facebook,stocks,increase,repo,mirror,rbi,cmds,rates,mumbai,quality,download,store,boi,media,public,business,shaktikanta,bank,pnb,times,heads,play,lending,rbigovernor,apple,market,app,way,today,meet,expectations,stay,banking,social,website,links,rate,shaktikantadas,bps,governor,india
relaxation,government,economy,news,wheat,port,export,kandla,notification,investment,today,economy,news,wheat,port,kanda,money,finance,business,export,kandla,stocks,times,shares,notification,systems,network,port,trade,letter,subscribe,latest,restriction,trading,google,credit,et,cases,governments,channels,requests,consignments,wheat,twitter,order,egypt,security,updated,android,examination,facebook,stocks,mirror,permission,country,download,store,media,situations,business,food,allows,needs,times,play,apple,customs,mt,app,government,social,consignment,stay,website,govt,links,commitments,countries,kandla,situation,exports,india,centre
president,bajaj,speaks,news,sanjiv,et,cii,president,capital,vice,investment,bajaj,today,economy,news,interview,finance,business,sanjiv,cii,resident,stocks,et,finserv,voices,time,measures,should,economy,network,banks,nbfcs,subscribe,latest,inflation,how,do,trading,google,et,inc,cii,recession,channels,twitter,updated,android,ipo,sanjiv,facebook,stocks,year,bond,mirror,nayantara,bajaj,lic,rbi,rates,download,store,media,fiscal,business,heightened,times,play,president,apple,app,social,stay,website,rai,links,interview,markets,activity,india
q4fy22,outperforms,news,business,peers,airtel,investment,today,economy,news,results,stock,q4,finance,business,airtel,result,analysis,share,bharti,stocks,price,shares,network,expenses,subscribe,latest,q4,finance,trading,google,airtel,et,tariff,analyst,channels,arpu,twitter,gains,updated,android,facebook,profit,estimates,stocks,mirror,hike,crores,q4fy22,download,ebitda,growth,revenue,rs,store,media,numbers,quarter,subscribers,business,base,back,mobile,set,peers,company,times,play,apple,segment,app,social,stay,website,links,operator,bharti,india,front,costs
categories,money,fund,show,news,money,funds,show,advice,risks,types,network,subscribe,latest,economictimes,trading,google,equity,et,channels,englishnews,number,santosh,twitter,updated,android,episode,funds,wwwetnownewscom,facebook,stocks,timesnow,options,newshour,categories,coo,download,store,media,debt,debate,business,show,hybrid,schemes,bifurcations,times,play,apple,today,stay,social,fund,website,links,money,navlani,tune,app
manufacturers,market,news,inflation,impact,types,wpi,economy,newws,cpi,inflation,rate,reserve,bank,food,india,material,time,medium,network,fall,msmes,subscribe,latest,clients,inflation,ones,consumers,new,trading,google,cartons,et,packaging,channels,patterns,orders,goods,twitter,updated,android,facebook,advance,stocks,components,prices,mirror,download,store,media,enterprises,small,business,shortage,times,play,decline,manpower,apple,manufacturers,app,micro,social,stay,website,impact,capacity,delays,refrigerators,links,fasteners,production,companies,electricals,negotiations,volumes,oems,bearings
money,biases,show,money,news,biases,show,life,events,time,amit,experience,network,subscribe,latest,habits,trading,experiences,google,et,decisions,channels,detail,kukreja,twitter,order,updated,android,episode,etnow,wwwetnownewscom,facebook,founder,stocks,losses,timesnow,newshour,download,store,media,situations,debate,advisory,business,show,peers,times,play,apple,biases,today,stay,social,website,person,links,money,share,theetmoneyshow,app,wwwamitkukrejacom
trends,thomaslloyd,news,markets,projections,parsons,crash,trends,market,today,patterns,news,stock,trend,correction,analysis,beginners,share,stocks,dow,speaks,network,subscribe,latest,oil,inflation,trading,google,marketnews,et,price,united,nickparsons,channels,jones,years,twitter,updated,android,host,war,etnow,facebook,bleaker,stocks,projections,prices,mirror,expertise,states,reasons,download,watching,experts,store,indicators,media,days,business,globe,commodities,russia,times,parsons,play,ukraine,apple,thomaslloyd,market,alex,stay,social,website,nick,person,links,markets,situation,matter,app,shares
head,musk,twitter,debate,saga,development,india,investment,today,economy,news,money,finance,business,stocks,times,shares,accounts,takeover,head,question,ceo,network,month,subscribe,latest,agrawal,parag,trading,google,hours,price,effort,microblogging,et,deal,platform,channels,bots,tweets,twitter,climbdown,updated,android,conference,founder,invact,facebook,tesla,stocks,mirror,summit,maheshwari,store,download,manish,twist,media,debate,statement,business,series,metaversity,technology,miami,company,development,times,play,apple,app,musk,social,stay,website,links,hint,offer,tune,india,elon
term,debate,debut,development,street,investors,india,singhvi,anil,kharide,day,launch,price,news,ipo,review,telugu,date,hai,lic,gmp,kaise,strategy,gain,listing,tamil,today,kya,share,policyholders,life,tuhin,kanta,latest,basumallick,trading,google,lakh,facebook,mirror,download,debate,secretary,development,pandey,market,stay,right,discount,links,line,app,insurance,india,capital,term,network,corporation,dalal,et,md,prime,twitter,gains,android,ipo,intelsense,ipos,chief,lic,store,growth,expert,business,play,crore,apple,mr,independent,issue,kumar,database,subscribe,insurer,haldea,updated,kondawar,majority,rs,abhishek,advisor,capitalisation,social,expectations,chairman,size,industry,aditya,equity,price,channels,now,debut,valuation,pranav,stocks,media,listing,times,website,dipam,street,tune,focus,investors,shares
lal,dr,pathlabs,roadmap,fy23,target,labs,today,news,stock,lal,path,dr,results,analysis,pathlabs,review,share,price,network,subscribe,latest,q4,details,trading,prakash,google,operations,et,channels,manchanda,twitter,director,updated,android,period,pathlabs,wwwetnownewscom,facebook,profit,stocks,year,newshour,download,store,media,revenue,lal,rs,dr,debate,statement,quarter,business,march,company,times,play,crore,apple,om,social,stay,website,links,january,app,shares
dollar,falls,inflation,index,markets,fed,vouches,makers,market,screener,tracker,news,stock,expert,analysis,cues,share,markets,updates,levels,network,trade,subscribe,latest,oil,inflation,trading,google,et,fed,central,channels,momentum,twitter,asia,updated,android,index,wwwetnownewscom,facebook,handover,tuesday,stocks,prices,nasdaq,recovery,newshour,though,rates,download,store,media,sgx,debate,nifty,business,rebound,commodities,bank,positivity,times,pressure,play,apple,market,today,point,stay,social,website,links,economies,markets,app,chair
cannes,films,look,shorts,cannes2022,phone,upload,video,camera
q4fy22,growth,colume,cigarette,itc,target,today,news,results,stock,q4,analysis,result,review,itc,dividend,share,price,pent,to,network,subscribe,latest,details,itc,shops,trading,google,outlook,price,fmcg,et,ebit,volume,inroads,hotel,channels,vinnii,twitter,updated,android,purpose,grocery,wwwetnownewscom,facebook,stocks,stores,mobility,factors,recovery,q4fy22,newshour,growth,ebitda,watch,download,margins,store,improvement,debate,media,business,motiwala,digit,times,mix,kirana,play,apple,social,stay,agri,margin,paper,website,links,increases,demand,cigarette,businesses,distribution,exports,app
downgrades,pratik,earnings,slowdown,gupta,crash,market,investment,tips,today,economy,news,stock,pharma,money,finance,business,beginners,share,stocks,times,india,shares,scenario,safer,network,subscribe,latest,trading,google,pratik,reward,et,channels,twitter,updated,android,now,facebook,opportunities,stocks,cash,mirror,cap,country,download,store,media,pharma,risk,business,bet,wait,times,play,apple,eyes,market,premium,app,flows,stay,social,website,it,equities,links,markets,gupta,investors,india
covid,therapy,pharma,innovation,takeaway,vohra,target,date,today,results,news,stock,cipla,q4,vora,interview,et,analysis,result,umang,share,price,profits,ceo,network,cipla,subscribe,latest,trading,google,vohra,operations,et,md,poll,analyst,channels,drug,twitter,figure,updated,android,now,estimate,facebook,profit,tuesday,stocks,year,portfolio,mirror,download,growth,acute,revenue,rs,watch,store,media,milestone,quarter,business,march,umang,company,times,play,crore,global,apple,drop,app,social,stay,website,links,interview,prescription,india,trajectory
exports,outlook,prices,cotton,time,hike,market,high,crop,today,news,hits,record,records,increases,demand,prices,information,todays,price,india,cotton,tt,material,oct,network,subscribe,latest,clients,gokaldas,sanjay,ganapathi,details,trading,google,industries,price,md,cotton,et,channels,jain,hikes,orders,twitter,delay,updated,android,are,export,facebook,sense,stocks,prices,increase,mirror,download,store,watch,media,business,sivaramakrishnan,any,ltd,share,times,play,apple,social,uptick,stay,concern,website,impact,links,increases,demand,reduction,companies,exports,app
goyal,minster,piyush,union,prices,cotton,punjab,market,india,pakistan,today,rates,grain,support,production,quintal,price,prices,cotton,latest,exclusive,trading,google,meeting,exemption,decision,council,facebook,download,priority,debate,piyush,agriculture,secretary,kotak,import,government,stay,links,exports,app,india,bills,measures,domestic,traders,network,yarn,textiles,et,man,committee,twitter,amid,android,export,wwwetnownewscom,steps,prices,holders,store,contracts,business,duty,play,apple,situation,issue,subscribe,representatives,details,minister,suresh,yields,updated,member,supply,though,stake,members,dixit,social,september,consideration,goyal,textile,industry,may,industries,farmer,cotton,channels,apparel,basis,stocks,newshour,mumbai,media,ministry,commissioner,times,website,demand,sameer
surfactants,galaxy,revenue,rises,galaxy,surfactants,news,results,result,share,price,network,care,subscribe,developed,inflation,latest,concerns,trading,google,et,galaxy,analyst,channels,twitter,gains,egypt,updated,age,android,products,basis,wwwetnownewscom,facebook,estimates,stocks,year,fy23,points,management,specialty,newshour,growth,ebitda,revenue,rs,margins,download,store,debate,media,guidance,business,company,times,play,apple,mt,app,surfactants,inventory,preservatives,stay,social,website,side,links,manufacturing,plant,markets,share,volumes
ceo,subramaniam,markets,sundaram,sunil,md,midcaps,market,recovery,subramanian,subramanyam,fund,caps,liquidity,subramaniam,mf,sundaram,sunil,et,time,network,volatility,nbfcs,subscribe,latest,correction,sector,trading,google,outlook,et,fmcg,channels,twitter,updated,android,now,facebook,stocks,prices,mirror,download,growth,watch,store,media,subramaniam,business,sunil,rise,times,play,apple,themes,social,stay,website,it,links,interview,markets,app
market,tips,queries,asketnow,risk,ideas,share,market,live,today,updates,news,stock,cryptocurrency,english,business,analysis,channel,trading,tv,share,india,live,tips,network,stock,subscribe,latest,google,which,et,channels,ask,news,twitter,updated,android,now,etnow,facebook,stocks,portfolio,mirror,asketnow,buy,download,store,experts,cryptocurrency,media,business,times,play,apple,market,app,queries,social,stay,website,links,share,stockinnews,india
tushar,cement,bhajanka,star,company,costs,cement,tushar,today,results,news,bhajanka,q4,quarter,analysis,result,star,share,tushar,ed,network,subscribe,latest,trading,star,google,outlook,sales,et,deal,channels,twitter,bhajanka,updated,android,facebook,profit,stocks,year,fy23,space,mirror,store,download,watch,media,rs,net,quarter,adani,march,business,times,play,crore,apple,cement,social,holcim,stay,website,consolidation,links,app
sapphire,concerns,foods,target,today,news,ipo,analysis,review,sapphire,foods,share,price,gmp,loss,network,subscribe,latest,q4,day,sapphire,concerns,trading,hut,google,operations,hours,et,taco,volume,channels,franchisee,twitter,gains,updated,android,players,wwwetnownewscom,facebook,profit,stocks,year,management,q4fy22,store,growth,newshour,download,rs,media,debate,numbers,business,ltd,set,company,times,pizza,crore,play,apple,market,app,sri,social,stay,lankan,website,links,kfc,bell,foods,situation,share,india
market,updates,news,cuts,nse,bse,share,bofa,tips,stock,videos,chart,crash,target,irctc,news,index,charts,nifty,tomorrow,bank,securities,market,today,analysis,share,bofa,levels,view,case,scenario,beats,term,july,easing,network,subscribe,latest,inflation,trading,google,may,average,et,target,channels,hikes,bottoming,news,twitter,updated,android,valuation,index,wwwetnownewscom,bse,facebook,fii,estimates,stocks,prices,downside,june,hike,newshour,download,store,english,media,nse,debate,nifty,risk,business,base,crude,multiple,times,long,play,securities,apple,loading,market,shah,inr,shock,app,stay,social,website,cuts,returns,links,rate,us,prints,share,india,bofa
growth,tech,verticals,bhutoria,ajay,zensar,today,news,tech,results,q4,analysis,technologies,zensar,share,medium,term,ceo,network,greenshoots,subscribe,latest,clients,revisions,trading,metrics,google,md,et,deal,target,channels,range,client,tech,twitter,updated,verticals,android,now,ajay,facebook,stocks,mirror,download,growth,watch,strategy,store,margins,media,bhutoria,business,pricing,teen,zensar,company,wins,times,play,apple,social,point,stay,website,it,impact,links,app
change,tyre,industry,star,rating,tyres,apollo,pakistan,tyre,information,mrf,jk,dunlop,tires,story,star,ceat,michelin,car,ratings,season,benchmark,latest,exclusive,sector,trading,google,misra,facebook,tyres,pointers,categories,download,debate,cargo,stay,links,app,india,skid,network,consumers,move,ratings,et,limited,twitter,efficiency,android,c2,wwwetnownewscom,imports,owner,grip,conditions,chat,store,business,technology,parameters,play,apple,consumer,money,subscribe,jk,star,road,change,c3,updated,cost,vehicles,quality,social,tyre,end,fuel,initiative,weight,months,technical,industry,industries,rating,channels,director,stocks,newshour,media,friction,times,vehicle,slippery,govt,c1,website,terms,noise,heavy
levels,tandon,inox,leisure,occupancy,target,inox,today,news,results,leisure,q4,analysis,result,share,price,pvr,levels,south,tandon,ceo,covid,expenses,subscribe,latest,q4,network,trading,google,operations,et,channels,limited,inox,twitter,updated,android,period,now,orchid,basis,mall,ncr,facebook,stocks,year,losses,mirror,theatre,download,watch,store,rs,kalaburagi,leisure,media,quarter,business,multiplex,region,company,times,play,crore,karnataka,apple,app,social,stay,website,occupancy,links,cinema,alok,costs
lending,msme,microfinance,focus,jain,target,today,iifl,results,news,q4,finance,analysis,result,share,partner,vision,direction,network,subscribe,latest,finance,trading,google,et,channels,financial,iifl,twitter,updated,android,sections,wwwetnownewscom,facebook,founder,stocks,neobank,nirmal,yoy,q4fy22,country,growth,newshour,download,store,media,aspects,initiatives,debate,business,nbfc,company,times,play,apple,pat,mr,open,jv,talks,stay,results,social,website,links,focus,jain,app
today,news,q4,casinos,numbers,gaming,itc,online,gst,tips,stock,q1,cnbc,q4,q2,trading,itc,number,news,awaaz,tv,quarters,revenue,numbers,makers,market,today,september,analysis,share,network,banks,america,subscribe,q4,casinos,latest,itc,trading,google,airtel,marketnews,fmcg,et,half,target,channels,twitter,updated,android,etnow,facebook,psu,tuesday,stocks,year,gst,online,points,performance,mirror,environment,headlines,download,store,watching,revenue,tandem,media,gaming,nifty,numbers,bridge,business,bank,set,gain,times,play,pressure,apple,social,headlinestoday,stay,website,end,occupancy,hour,rate,lowers,links,markets,chess,realty,bharti,exports,app
money,cover,show,sufficient,cover,tamil,health,news,care,benefit,individual,group,company,insurance,premiums,cover,health,network,employer,people,subscribe,latest,trading,google,basics,et,channels,emergency,change,news,twitter,crutch,updated,android,episode,wwwetnownewscom,facebook,illness,diseases,stocks,cost,plan,reasons,newshour,download,instances,store,media,things,debate,days,business,variant,healthcare,show,members,rise,times,employee,play,sum,apple,app,today,stay,social,website,links,money,family,disease,policy,importance,employees,financialnews,insurance,necessity
show,churn,market,money,market,pakistan,invest,stock,money,markets,stocks,india,april,question,network,month,subscribe,latest,correction,trading,google,equity,which,et,internationalstockmarket,crash,find,channels,amfi,santosh,asset,twitter,opportunity,updated,android,episode,wwwetnownewscom,facebook,tools,exposure,investments,stocks,pf,portfolio,sips,newshour,coo,download,store,experts,media,debate,business,shwow,rise,times,play,apple,data,market,drop,app,today,stay,social,world,fund,website,towards,equities,money,links,markets,th,navlani,investors,financialnews
issues,meet,news,level,business,fm,sector,sugar,sugar,sugars,speciality,today,economy,news,stock,penny,money,finance,business,industry,sector,renuka,stocks,times,india,shares,oct,affairs,network,level,maharashtra,subscribe,latest,finance,haryana,sector,minister,trading,may,credit,meeting,sugar,lakh,et,google,channels,issues,financial,twitter,updated,tonnes,android,department,gujarat,facebook,up,stocks,season,grants,services,mirror,states,download,store,media,cooperative,ministry,business,sugarcane,food,secretary,times,karnataka,play,apple,expenditure,consumer,app,today,meet,stay,social,website,record,crushing,links,availability,production,mills,india
spam,day,debate,development,survey,indians,india,inamdar,spam,data,india,block,app,privacy,tamanna,scam,meaning,debate,calls,discussion,scams,circles,development,issue,accounts,cent,network,indiadevelopmentdebate,subscribe,latest,calls,do,survey,lack,trading,google,et,etc,channels,twitter,disturb,updated,android,telemarketing,frequency,wwwetnownewscom,facebook,founder,stocks,services,estate,majority,newshour,feature,download,store,media,spamcall,debate,subscribers,business,taparia,bank,mobile,times,development,play,localcircles,sachin,apple,spam,data,app,loans,social,privacy,stay,website,links,study,tune,root,indians,india,insurance
tax,debate,development,online,implications,india,india,tax,games,gaming,debate,rate,industry,slab,regime,rule,online,company,gst,development,cent,tax,network,subscribe,structures,casinos,latest,industry,jaladhi,sector,trading,google,entails,et,lokesh,channels,surati,jain,council,twitter,uniformity,consulting,updated,android,update,consultant,courses,ministers,creatives,esports,opportunities,founder,facebook,gom,stocks,gst,wwwetnownewscom,newshour,categories,growth,co,download,store,brunt,media,gaming,debate,announcement,days,business,s8ul,race,set,implications,development,times,play,apple,app,social,stay,website,redseer,links,rate,senior,group,challenge,tune,online,slab,india
