min,newsx,health,neet,letter,writes,union,reschedulement,tv,newsx,live,to,health,entertainment,latest,channel,minister,may,indian,videos,medical,intervention,news,twitter,update,mansukh,facebook,youtube,information,link,newsx,follow,media,watch,more,union,click,handles,instagram,neet,social,pg,dates,visit,mandaviya,exam,association
newsx,demolition,hits,haridwar,drive,tv,newsx,kumar,live,entertainment,magistrate,latest,channel,awadhesh,drive,videos,news,hits,haridwar,administration,twitter,update,facebook,youtube,district,link,newsx,demolition,follow,encroachment,media,city,watch,more,click,handles,instagram,today,social,visit,information
khand,newsx,mgnrega,case,scam,remand,day,pooja,singhal,officer,tv,newsx,live,case,ed,entertainment,remand,latest,day,channel,pooja,officer,videos,rupees,news,twitter,update,facebook,youtube,jharkhand,link,newsx,follow,ias,media,watch,more,crore,click,handles,mgnrega,enforcement,instagram,today,social,scam,visit,directorate,information,singhal
newsx,sl,discussions,sri,imf,crisis,lanka,tv,newsx,live,instability,independence,entertainment,latest,channel,monetary,videos,imf,news,twitter,update,crisis,facebook,youtube,link,newsx,sl,follow,media,watch,more,international,click,handles,discussions,sri,government,social,instagram,fund,visit,information,lanka
newsx,row,today,court,gyanvapi,verdict,masjid,tv,newsx,devotees,live,entertainment,latest,outer,verdict,channel,idols,videos,hindu,news,twitter,update,facebook,youtube,petition,link,newsx,permission,follow,hearing,mosque,media,watch,gyanvapi,more,click,handles,instagram,wall,court,today,social,visit,information,varanasi
vehicles,clash,newsx,erupts,madhya,violence,karedi,pradesh,tv,newsx,hospital,live,entertainment,people,keredi,latest,shop,channel,village,videos,pradesh,ablaze,news,twitter,update,facebook,youtube,information,link,clash,newsx,follow,motorcycles,media,watch,more,madhya,click,handles,instagram,social,groups,visit,situation,control
leader,newsx,rajasthan,tensions,hanumangarh,tv,newsx,protest,vhp,live,entertainment,latest,channel,roads,videos,hanumangarh,hindu,rajasthan,news,twitter,update,facebook,youtube,district,link,newsx,follow,vishva,media,watch,more,functionaries,tension,slogans,click,leader,wednesday,handles,instagram,social,raising,parishad,visit,information,bhilawara,streets
party,president,newsx,post,raga,talks,brass,demand,tv,newsx,live,entertainment,sonia,rahul,latest,bjp,udaipur,channel,congress,videos,news,twitter,update,facebook,youtube,link,leadership,reports,newsx,follow,shivir,media,watch,strategy,more,president,click,handles,instagram,social,gandhi,chintan,visit,information,elections
eyes,newsx,mosque,case,gyanvapi,verdict,varasani,tv,newsx,live,entertainment,latest,channel,videos,news,twitter,update,facebook,youtube,link,newsx,follow,media,watch,more,click,handles,instagram,social,visit,information
gen,services,newsx,sri,crisis,commissioner,chaos,lanka,tv,newsx,live,entertainment,latest,channel,videos,general,news,twitter,update,facebook,youtube,link,services,newsx,follow,activities,media,watch,more,commissioner,commissioners,click,handles,sri,instagram,social,crises,visit,information,lanka,supplies
threat,newsx,alert,tn,intrusion,lanka,dist,tv,newsx,issue,home,intelligence,agencies,live,affairs,entertainment,state,latest,channel,videos,news,twitter,update,facebook,youtube,intrusion,information,link,touch,newsx,follow,alert,media,watch,more,ministry,nadu,click,handles,tamil,sri,instagram,social,lankan,visit,situation,lanka,nationals,districts
newsx,airline,fire,members,passengers,catches,tv,newsx,tibet,live,entertainment,people,latest,channel,videos,catches,plane,news,twitter,update,facebook,youtube,passengers,airlines,link,thursday,newsx,follow,country,media,city,watch,more,crew,members,click,handles,instagram,social,passenger,fire,china,visit,information
newsx,dawood,people,crackdown,hawala,tv,newsx,head,live,case,role,entertainment,terrorist,people,latest,channel,reward,bombings,videos,united,investigating,news,connection,twitter,dawood,update,facebook,youtube,agency,bombay,link,newsx,follow,states,media,watch,more,hawala,national,click,handles,instagram,ibrahim,social,crackdown,visit,information,india
newsx,probe,violence,jahangirpuri,updates,tv,newsx,live,crime,case,entertainment,people,latest,channel,violence,videos,jahngirpuri,news,connection,twitter,update,facebook,youtube,delhi,link,newsx,follow,media,watch,more,click,handles,instagram,social,police,visit,information
president,gotabaya,constitution,newsx,crisis,steps,tv,newsx,constitution,live,entertainment,latest,channel,parliament,videos,gotabaya,news,twitter,amid,update,crisis,facebook,youtube,steps,link,rajapaksa,newsx,follow,country,media,watch,more,tension,contents,president,click,handles,sri,instagram,social,lankan,visit,information,amendment
newsx,curfew,colombo,tomorrow,hrs,tv,newsx,force,live,entertainment,latest,channel,may,videos,news,twitter,update,curfew,colombo,facebook,youtube,link,newsx,follow,media,watch,more,morning,effect,president,click,handles,instagram,today,social,pm,visit,information,division,friday
newsx,senate,rights,bill,abortion,tv,newsx,live,entertainment,latest,channel,basu,videos,joyeeta,united,women,choice,news,twitter,opposition,update,facebook,youtube,abortion,link,newsx,follow,states,media,watch,more,click,wednesday,republican,handles,senate,instagram,social,legislation,countries,us,visit,information,india
newsx,kashmir,delimitation,exercise,fm,illegal,tv,newsx,jammu,live,pakistan,entertainment,latest,fm,channel,minister,attempt,foreign,bilawal,videos,united,claimed,news,twitter,report,update,facebook,youtube,link,pak,demographics,newsx,follow,kashmir,delimitation,media,watch,more,commission,zardari,click,handles,instagram,social,bhutto,visit,information,nations,exercises,india
newsx,probe,pic,accesses,violence,jahangirpuri,tv,newsx,live,entertainment,latest,channel,violence,videos,evidence,news,twitter,image,update,facebook,youtube,delhi,jahangirpuri,link,newsx,follow,crowd,media,watch,more,alais,abdul,morning,click,handles,instagram,social,police,visit,raja,video,information
newsx,flag,mosque,belagavi,taka,saffron,tensions,tv,newsx,live,case,worship,entertainment,latest,channel,place,videos,flag,news,twitter,persons,update,km,saffron,facebook,youtube,district,tensions,link,newsx,follow,mosque,media,watch,more,karnataka,click,wednesday,handles,instagram,belagavi,social,bengaluru,visit,information
leader,clash,newsx,post,rajasthan,internet,hanumangarh,tv,newsx,vhp,post,live,entertainment,latest,channel,videos,attacked,hanumangarh,rajasthan,news,twitter,update,facebook,youtube,link,clash,newsx,follow,media,watch,more,click,leader,handles,instagram,social,visit,internet,information
punjab,newsx,meet,ssps,cm,dist,tv,newsx,punjab,live,entertainment,latest,channel,videos,news,twitter,update,facebook,youtube,link,newsx,follow,media,watch,more,key,all,dist,click,handles,instagram,social,meet,ssps,dcs,cm,visit,information,chair
mla,newsx,khan,court,sp,azam,plea,bail,tv,newsx,reaches,live,entertainment,latest,channel,videos,mla,news,twitter,azam,update,plea,facebook,youtube,link,newsx,khan,follow,media,sp,watch,more,click,handles,instagram,social,court,visit,information,bail
meets,newsx,meet,residence,rana,kirit,bjp,tv,newsx,meets,live,entertainment,residence,latest,bjp,channel,somaiya,videos,news,twitter,kirit,update,facebook,youtube,link,newsx,follow,navneet,media,watch,rana,more,click,handles,instagram,social,meet,visit,information
khand,newsx,mgnrega,case,results,administration,scam,cm,soren,tv,newsx,live,case,entertainment,latest,bjp,channel,soren,videos,news,administration,twitter,update,facebook,youtube,link,newsx,follow,media,watch,more,click,handles,khand,mgnrega,instagram,social,results,scam,cm,visit,information
min,youp,newsx,slams,office,govt,cm,maha,tv,newsx,live,should,entertainment,latest,maha,channel,videos,slams,news,twitter,update,facebook,youtube,link,youp,newsx,follow,mumbai,watch,media,yogi,more,click,min,handles,instagram,social,over,office,govt,cm,visit,information,focus
vhp,clash,chief,post,newsx,forces,internet,hanumangarh,tv,newsx,vhp,post,live,entertainment,latest,channel,videos,attacked,hanumangarh,news,forces,twitter,update,facebook,youtube,link,clash,chief,newsx,follow,alert,media,watch,more,click,handles,instagram,social,visit,internet,information
mahal,newsx,allahabad,row,hc,taj,updates,tv,newsx,mahal,live,entertainment,latest,taj,channel,videos,allahabad,row,news,twitter,update,facebook,youtube,link,newsx,hc,hearing,follow,media,watch,more,updates,click,handles,instagram,social,underway,visit,information
delhi,newsx,demolition,locations,underway,drive,updates,tv,newsx,live,entertainment,latest,channel,drive,videos,news,twitter,update,facebook,youtube,delhi,link,newsx,demolition,follow,locations,media,watch,more,updates,click,handles,instagram,social,underway,visit,information
newsx,pm,modi,goal,address,pmgky,samaroh,tv,newsx,ensure,reaches,live,entertainment,goal,latest,channel,samaroh,videos,news,twitter,address,update,pmgky,facebook,youtube,link,newsx,follow,media,watch,modi,more,all,click,handles,instagram,utkarsh,social,pm,visit,information
bommai,newsx,media,conversion,briefs,cm,taka,bill,push,tv,newsx,live,entertainment,latest,channel,bill,videos,conversion,news,twitter,update,taka,facebook,youtube,push,link,bommai,newsx,follow,media,watch,anti,more,briefs,click,handles,instagram,social,cm,visit,information
madanpur,newsx,demolition,underway,protests,khader,drive,tv,newsx,live,entertainment,latest,protests,khader,channel,drive,videos,news,twitter,update,facebook,youtube,link,madanpur,newsx,demolition,follow,media,watch,against,more,erupt,click,handles,instagram,social,underway,visit,information
verdict,pm,newsx,gyanvapi,tv,newsx,post,live,entertainment,latest,verdict,channel,videos,news,twitter,update,facebook,youtube,link,newsx,follow,delayed,big,media,watch,gyanvapi,more,click,handles,instagram,social,pm,visit,information
newsx,row,gyanvapi,raut,sanjay,masjid,benefits,tv,newsx,live,entertainment,latest,sanjay,channel,videos,benefits,row,news,twitter,raut,update,facebook,youtube,up,link,newsx,follow,media,watch,gyanvapi,more,click,handles,instagram,social,visit,information,masjid
proceedings,eyes,begins,newsx,row,court,gyanvapi,verdict,tv,newsx,live,entertainment,latest,verdict,channel,videos,proceedings,begins,row,news,twitter,update,facebook,youtube,link,newsx,follow,media,watch,gyanvapi,more,click,handles,eyes,instagram,social,court,visit,information
drive,newsx,demolition,ground,report,underway,kalkaji,delhi,tv,newsx,live,entertainment,latest,channel,videos,news,twitter,update,facebook,youtube,link,newsx,follow,media,watch,more,click,handles,instagram,social,visit,information
drive,mla,newsx,demolition,khan,attempt,amanathula,tv,newsx,live,entertainment,latest,channel,videos,news,twitter,update,facebook,youtube,link,newsx,follow,media,watch,more,click,handles,instagram,social,visit,information
newsx,court,orders,gyanvapi,verdict,survey,tv,newsx,live,entertainment,latest,verdict,channel,survey,videos,orders,news,twitter,update,facebook,youtube,link,newsx,follow,media,watch,gyanvapi,more,click,handles,instagram,social,court,visit,information
mla,newsx,khan,encroachment,erupts,amatullah,drive,chaos,aap,tv,newsx,live,entertainment,latest,channel,drive,videos,mla,news,twitter,amid,update,amatullah,facebook,youtube,link,newsx,khan,follow,encroachment,media,watch,erupts,anti,more,aap,click,handles,okhla,instagram,social,visit,information,chaos
newsx,court,copy,order,verdict,accesses,announces,tv,newsx,live,entertainment,latest,verdict,channel,announces,videos,copy,news,twitter,order,update,facebook,youtube,link,newsx,follow,media,watch,gyanvapi,more,click,handles,instagram,social,court,accesses,visit,information,varanasi
newsx,site,court,verdict,survey,gyanpai,tv,newsx,live,entertainment,latest,verdict,channel,survey,out,videos,news,twitter,update,facebook,youtube,link,newsx,follow,big,media,watch,more,allows,gyanpai,click,handles,site,instagram,social,court,visit,information
newsx,court,gyanvapi,side,development,tv,newsx,live,entertainment,latest,channel,move,videos,news,twitter,update,facebook,youtube,link,newsx,follow,big,media,watch,gyanvapi,more,higher,development,click,handles,instagram,social,court,side,visit,information,masjid
time,newsx,elements,provokes,disowns,lobby,tv,newsx,issue,time,norwich,live,entertainment,biden,khalistan,separatist,latest,megha,elements,channel,holyoke,silence,videos,peace,platforms,council,news,twitter,house,update,reason,facebook,youtube,link,white,politicians,newsx,follow,media,city,sharma,watch,anti,more,acts,connecticut,development,click,handles,senate,instagram,social,groups,group,us,visit,support,information,india
newsx,report,tv,newsx,reportage,live,policies,entertainment,state,latest,panellists,megha,uscirf,channel,videos,united,hindu,news,twitter,freedom,report,update,facebook,youtube,year,link,newsx,panel,follow,states,country,media,watch,sharma,more,aim,religious,international,commission,click,handles,instagram,government,social,groups,concern,govt,visit,information,india
ordinance,newsx,conversion,govt,taka,bill,session,tv,newsx,live,entertainment,latest,channel,bill,passes,videos,ordinance,conversion,news,twitter,update,taka,facebook,youtube,link,newsx,follow,media,watch,anti,more,click,handles,instagram,social,govt,visit,information,session
newsx,bhatt,kashmiri,rahul,victim,pandit,tv,newsx,live,entertainment,latest,channel,videos,news,twitter,update,facebook,youtube,link,newsx,follow,media,watch,more,click,handles,instagram,social,visit,information
newsx,pandit,injuries,kashmiri,tv,newsx,live,entertainment,rahul,latest,channel,pandit,videos,attacked,news,twitter,update,facebook,youtube,link,newsx,follow,succumbs,watch,media,more,injuries,click,handles,bhat,instagram,kashmiri,social,visit,information
newsx,rights,hypocrisy,bill,abortion,tv,newsx,issue,live,entertainment,latest,panellists,megha,channel,drive,land,videos,human,election,united,law,news,twitter,deeply,update,facebook,republicans,youtube,information,abortion,link,newsx,campaign,follow,states,country,media,watch,sharma,more,debate,vote,click,handles,senate,instagram,social,right,rights,us,visit,bill,india
time,team,newsx,gyanvapi,survey,approach,india,tv,newsx,issue,time,live,entertainment,latest,megha,channel,survey,may,videos,news,twitter,report,temple,update,debates,facebook,youtube,link,mandir,newsx,follow,mosque,media,watch,sharma,gyanvapi,more,kashi,click,handles,team,instagram,social,court,vishwanath,visit,varanasi,information,masjid,india
ranil,newsx,sri,pm,wickremesinghe,tv,newsx,gets,as,live,entertainment,latest,channel,new,videos,sworn,ranil,news,twitter,update,facebook,youtube,link,newsx,follow,media,watch,more,wickremesinghe,click,handles,sri,instagram,social,pm,visit,information,lanka
hearthelankans,newsx,sri,crisis,chaos,lanka,tv,newsx,amidst,live,entertainment,power,latest,broadcast,megha,channel,videos,gotabaya,hearthelankans,island,nation,opposition,news,twitter,update,crisis,facebook,youtube,stakeholders,link,rajapaksa,newsx,follow,media,watch,sharma,more,powers,president,click,handles,changes,sri,government,social,instagram,lankan,visit,offer,information,chaos,lanka
time,newsx,delimitation,fumes,scrutinise,pak,tv,newsx,issue,jammu,un,time,live,pakistan,economy,entertainment,letter,latest,megha,channel,minister,bilawal,videos,united,shambles,news,twitter,update,war,debates,facebook,youtube,link,officials,newsx,follow,kashmir,delimitation,media,watch,sharma,exercise,more,zardari,scrutinise,click,handles,instagram,social,bhutto,visit,information,nations
bommai,newsx,cm,basavaraj,podium,karnataka,tv,newsx,live,entertainment,latest,channel,basavaraj,videos,news,twitter,update,episode,facebook,youtube,link,podium,bommai,newsx,follow,media,watch,more,karnataka,click,handles,instagram,social,cm,visit,information
justice,newsx,mayor,resolution,ban,sikhs,passes,tv,newsx,agendas,live,independence,biden,entertainment,latest,channel,referendums,holyoke,insurgents,passes,videos,mayor,council,news,administration,twitter,update,facebook,youtube,link,eye,justice,newsx,follow,successionist,media,city,watch,more,yous,click,handles,instagram,resolution,social,declaration,sikh,blind,khalistani,group,ban,sikhs,visit,information,sovereignty,india
newsx,summit,pm,modi,covid,tv,newsx,live,entertainment,covid,latest,channel,be,videos,news,twitter,reformed,update,facebook,youtube,link,summit,newsx,follow,media,watch,modi,more,global,click,handles,instagram,social,pm,visit,information
onwards,policy,exports,politics,tarun,nangia,newsx,news,newx,episode,policy,show,tv,politics,tarun,billion,tarunnangia,live,entertainment,latest,videos,nangia,trillion,news,twitter,update,facebook,politics,newsx,onwards,follow,media,watch,more,policyandpolitics,tarun,handles,instagram,social,policy,visit,cross,information,exports,india
newsx,bhatt,rahul,underway,budgam,rites,tv,newsx,jammu,live,entertainment,rahul,latest,channel,place,pandit,videos,news,twitter,brutal,budgam,rites,update,facebook,youtube,link,newsx,follow,kashmir,media,watch,more,click,handles,instagram,bhatt,kashmiri,social,visit,information
newsx,kashmir,terrorists,cop,cops,tv,newsx,live,entertainment,residence,latest,channel,videos,terrorists,news,twitter,cop,update,facebook,youtube,link,newsx,follow,media,watch,shot,more,gadoora,click,handles,instagram,policeman,social,pulwama,visit,information
everyone,newsx,slain,father,pandit,tv,newsx,live,entertainment,rahul,latest,killing,channel,father,pandit,videos,everyone,news,twitter,update,facebook,youtube,link,newsx,follow,media,watch,slain,more,click,handles,instagram,kashmiri,bhatt,social,visit,information,yesterday
crash,newsx,malfunction,findings,pilots,kills,tv,newsx,helicopter,live,entertainment,state,latest,srivastava,raipur,channel,pilots,videos,evening,news,twitter,update,captain,facebook,youtube,link,thursday,newsx,follow,media,watch,more,airport,click,handles,instagram,social,panda,visit,information,accident
newsx,terrorists,chargesheet,files,arms,tv,newsx,live,case,entertainment,latest,channel,videos,news,twitter,persons,update,facebook,youtube,nia,information,jharkhand,link,ammunition,newsx,supply,follow,media,watch,more,organisations,pilferage,sheet,click,handles,instagram,social,visit,arms,charge
hospital,newsx,spo,riyaz,pulwama,tv,newsx,hospital,live,entertainment,latest,channel,videos,thokar,news,twitter,riyaz,update,facebook,youtube,link,newsx,follow,media,watch,shot,more,click,handles,spo,instagram,social,pulwama,ahmed,visit,information
newsx,case,dawood,crackdown,company,tv,newsx,abubakar,live,shaikh,case,entertainment,latest,chhota,channel,suspects,videos,news,twitter,update,facebook,youtube,nia,link,newsx,follow,arif,media,watch,more,shakeel,company,click,handles,instagram,social,visit,information
newsx,blast,karachi,buildings,tv,newsx,live,entertainment,area,latest,channel,star,cars,videos,karachi,news,twitter,update,facebook,youtube,link,newsx,follow,media,watch,blast,more,lucky,others,click,handles,instagram,social,saddar,visit,information,buildings
meets,newsx,adv,mosque,gyanvapi,commissioner,survey,tv,newsx,live,entertainment,magistrate,latest,kind,channel,survey,arrangements,videos,night,news,twitter,update,ajay,facebook,youtube,district,link,newsx,follow,media,watch,more,commissioner,singh,click,vishal,handles,advocate,discussions,instagram,social,mishra,visit,information,varanasi
executives,takeover,newsx,musk,twitter,ceo,turmoil,elon,tv,newsx,executives,live,entertainment,latest,channel,videos,platform,twitter,news,update,facebook,youtube,link,newsx,follow,owner,stands,media,watch,more,click,handles,instagram,musk,social,messaging,visit,information,elon
ranil,newsx,sri,pm,returns,crisis,rages,lanka,wickremesinghe,tv,newsx,live,economy,entertainment,latest,channel,minister,videos,ranil,unrest,island,nation,news,twitter,update,facebook,youtube,link,newsx,follow,media,watch,more,times,wickremesinghe,click,handles,sri,instagram,social,lankan,visit,information
protest,newsx,kashmiri,victim,pandit,kin,cremation,tv,newsx,live,entertainment,relatives,rahul,terrorist,latest,channel,videos,road,news,twitter,budgam,update,facebook,youtube,friends,link,newsx,follow,media,watch,more,cremation,click,handles,instagram,bhatt,social,visit,information,yesterday
ranil,newsx,sl,economy,pm,returns,wickremesinghe,tv,newsx,live,economy,entertainment,latest,channel,minister,videos,ranil,unrest,island,nation,news,twitter,update,facebook,youtube,link,newsx,follow,media,watch,more,times,wickremesinghe,click,handles,sri,instagram,social,lankan,visit,information
suposhan,sanginis,newsx,child,foundation,narmada,outreach,marriages,tv,newsx,sangini,live,entertainment,foundation,latest,channel,project,videos,years,news,twitter,update,facebook,youtube,link,newsx,follow,media,watch,narmada,more,adani,marriages,click,suposhan,sanginis,handles,instagram,social,visit,information
protest,newsx,bhatt,rahul,budgam,tv,newsx,jammu,live,entertainment,rahul,latest,killing,channel,pandit,videos,cops,news,twitter,budgam,update,facebook,youtube,information,link,newsx,follow,kashmir,media,watch,more,protestors,click,handles,instagram,kashmiri,bhatt,social,ruckus,visit,situation,streets
hangars,newsx,goals,towards,step,airport,delhi,mro,tv,newsx,live,entertainment,state,latest,channel,videos,mro,news,twitter,update,facebook,maintenance,youtube,link,newsx,follow,country,media,watch,more,terminal,airport,indira,international,igi,overhaul,click,handles,instagram,social,gandhi,repair,aviation,visit,information
sc,newsx,row,mosque,gyanvapi,survey,appeal,tv,newsx,sc,live,entertainment,latest,channel,survey,gyanvyapi,videos,row,news,twitter,update,plea,facebook,youtube,link,newsx,follow,mosque,media,watch,more,click,handles,instagram,social,visit,information
newsx,asaduddin,mosque,tv,newsx,live,entertainment,latest,owaisi,channel,videos,row,news,twitter,update,facebook,youtube,link,asaduddin,newsx,follow,mosque,media,watch,gyanvapi,more,click,handles,instagram,social,visit,information
protest,newsx,khan,arrest,bagh,amantullah,jamia,tv,newsx,protest,live,entertainment,latest,bagh,channel,videos,mla,news,twitter,update,jamia,facebook,youtube,link,newsx,khan,follow,media,watch,arrest,more,announcement,click,handles,market,okhla,instagram,today,social,amanatullah,visit,information,association
newsx,demolition,encroachment,nagar,sham,drive,bulldozers,tv,newsx,live,entertainment,area,latest,channel,drive,videos,road,news,twitter,update,facebook,youtube,link,encroachments,newsx,demolition,mcd,follow,media,watch,more,sham,bulldozers,click,handles,instagram,social,visit,information,khayala,nagar
newsx,justice,demands,victim,family,tv,newsx,live,entertainment,rahul,latest,protests,channel,place,videos,terrorists,news,twitter,budgam,rites,update,facebook,youtube,link,newsx,follow,media,watch,more,morning,click,handles,attack,pandits,instagram,kashmiri,bhatt,government,office,today,social,visit,information,valley
safety,justice,newsx,pandits,grows,chorus,tv,newsx,live,entertainment,rahul,latest,protests,channel,place,videos,terrorists,news,twitter,budgam,rites,update,facebook,youtube,link,newsx,follow,media,watch,more,morning,click,handles,attack,pandits,instagram,kashmiri,bhatt,government,office,today,social,visit,information,valley
option,employees,newsx,package,tv,newsx,live,chadoora,entertainment,rahul,letter,latest,channel,pandit,village,videos,solution,news,twitter,update,tehsildar,facebook,youtube,information,resignation,link,newsx,lives,follow,package,media,watch,more,reads,click,handles,bhat,instagram,kashmiri,social,pm,office,visit,option,employees
cold,justice,newsx,rahul,murder,echoes,tv,newsx,live,entertainment,rahul,latest,blooded,channel,videos,news,twitter,update,echoes,facebook,youtube,link,justice,newsx,follow,media,watch,more,who,click,cold,handles,instagram,social,murder,visit,information
deal,newsx,musk,tweets,twitter,hold,elon,tv,newsx,accounts,calculation,live,entertainment,latest,details,channel,videos,inc,deal,twitter,news,update,facebook,youtube,hold,link,newsx,follow,media,watch,more,click,spam,handles,instagram,musk,social,visit,support,information,users,friday,elon
newsx,sl,pm,nation,help,protests,crisis,thanks,tv,newsx,appointment,live,entertainment,help,latest,channel,minister,videos,gulati,prime,ranil,island,nation,news,twitter,update,crisis,facebook,youtube,link,srilanka,aid,savior,newsx,sl,rishabh,follow,media,watch,more,debate,thanks,wickremesinghe,click,handles,sri,instagram,social,pm,visit,information,lanka,india
apple,newsx,tech,china,shop,sector,boeing,india,newsx,news,china,crisis,tv,live,entertainment,setup,covid,technical,latest,channel,sector,lockdown,videos,gulati,rupture,tech,being,news,twitter,update,crisis,facebook,youtube,giants,link,blow,newsx,rishabh,follow,media,watch,superpower,more,dream,debate,dragon,company,click,apple,handles,instagram,social,china,visit,information,companies,employees,india
newsx,mathura,past,ayodhya,kashi,pre,tv,newsx,kashi,gyanvapi,live,disagreements,worship,entertainment,subscribe,latest,clashes,channel,place,videos,gulati,years,news,twitter,temple,update,facebook,youtube,ayodhya,link,newsx,rishabh,mosque,follow,mathura,watch,media,gyanvapi,more,debate,kashi,click,handles,places,instagram,social,visit,information,focus
facts,newsx,gyanvapi,dr,temple,br,asi,adg,tv,newsx,facts,live,entertainment,latest,br,asi,channel,videos,news,twitter,former,location,temple,update,facebook,youtube,link,newsx,follow,media,watch,gyanvapi,dr,more,research,adg,click,handles,instagram,social,mani,visit,information,matter
newsx,pm,modi,tv,newsx,live,entertainment,latest,bjp,channel,videos,gulati,news,twitter,update,facebook,youtube,link,newsx,rishabh,follow,media,watch,modi,more,speculations,debate,statement,face,click,handles,instagram,social,pm,visit,terms,information
newsx,adv,assi,commissioner,survey,tv,newsx,live,entertainment,latest,channel,survey,arrangements,videos,ajai,assistant,news,twitter,location,security,update,member,facebook,youtube,link,proper,newsx,follow,media,watch,gyanvapi,more,commissioner,singh,morning,click,handles,team,advocate,instagram,social,pratap,part,visit,information,matter
newsx,pandits,sainik,police,budgam,colony,meeting,tv,newsx,live,entertainment,sainik,latest,channel,meeting,videos,news,twitter,budgam,update,facebook,youtube,link,newsx,follow,media,watch,more,click,handles,pandits,instagram,kashmiri,social,underway,police,colony,visit,information
newsx,accident,katra,tv,newsx,live,entertainment,latest,channel,videos,news,twitter,update,facebook,youtube,katra,link,newsx,follow,bus,watch,media,more,click,handles,instagram,social,visit,injured,information,accident
newsx,campaign,pandits,kp,rahul,valley,tv,newsx,home,live,entertainment,latest,channel,videos,gulati,news,twitter,update,basis,murders,facebook,will,youtube,link,newsx,rishabh,kashmir,follow,media,watch,more,debate,abrogation,article,click,handles,pandits,instagram,religion,kashmiri,social,visit,information,valley
terror,newsx,hunt,insider,govt,links,jihadis,employees,tv,newsx,time,yesterday,live,entertainment,rahul,latest,channel,pandit,videos,gulati,investigation,insider,news,twitter,update,facebook,youtube,link,newsx,rishabh,follow,media,watch,more,debate,jihadis,click,cold,handles,bhat,instagram,kashmiri,social,murder,police,visit,information,job
newsx,chief,sri,sahgal,crisis,story,ipkf,lanka,tv,newsx,live,entertainment,latest,channel,videos,news,twitter,update,facebook,youtube,link,newsx,follow,media,watch,more,click,handles,instagram,social,visit,information
ja,sc,newsx,jayalal,exams,neet,pg,dr,plea,postponement,newsx,postpone,reschedule,medial,court,neetpg,supreme,tv,association,postponement,live,entertainment,latest,channel,videos,news,twitter,update,facebook,youtube,link,newsx,follow,media,watch,more,click,handles,instagram,social,visit,information
mechanism,education,resolution,dispute,judges,part,newsx,speaking,legallyu,news,tv,live,education,tarunnangia,entertainment,dispute,legallyspeaking,latest,channel,videos,legal,nangia,news,twitter,judges,update,facebook,youtube,link,newsx,follow,media,watch,more,tarun,click,mechanism,handles,instagram,resolution,social,part,visit,information,continuing
mundka,newsx,fire,victim,support,information,delhi,kin,tv,newsx,live,entertainment,latest,channel,anyone,videos,news,twitter,update,member,facebook,youtube,kin,link,newsx,follow,media,watch,more,victims,click,handles,instagram,social,building,family,visit,support,information
mundka,time,justice,newsx,tragedy,fire,victims,delhi,tv,newsx,mundka,live,entertainment,people,latest,channel,videos,metro,news,twitter,update,facebook,youtube,delhi,link,newsx,follow,media,watch,more,story,afternoon,station,click,handles,instagram,social,fire,building,police,visit,information,friday
mundka,newsx,count,fire,death,delhi,tv,newsx,mundka,live,entertainment,people,latest,channel,videos,metro,count,news,twitter,update,facebook,youtube,delhi,link,newsx,follow,media,watch,tragedy,more,rise,afternoon,station,click,handles,instagram,social,fire,building,police,visit,death,information,friday
mundka,newsx,fire,people,bharadwaj,officer,tv,newsx,mundka,live,entertainment,people,latest,channel,officer,videos,satpal,news,twitter,update,facebook,youtube,link,newsx,follow,media,watch,more,click,handles,instagram,social,fire,bharadwaj,visit,information
mundka,newsx,pm,fire,chaudhary,officer,tv,newsx,mundka,live,entertainment,speaks,latest,channel,officer,videos,call,news,twitter,update,facebook,youtube,link,newsx,follow,media,watch,more,chaudhary,sunil,click,handles,instagram,social,pm,fire,visit,information
mundka,newsx,fir,sharma,dcp,owners,fire,company,tv,newsx,mundka,live,entertainment,dcp,latest,channel,floor,videos,fir,news,twitter,update,facebook,youtube,link,newsx,follow,media,watch,sharma,more,company,click,handles,instagram,social,owners,fire,visit,information,matter,sameer
mundka,newsx,satyendra,fire,delhi,focus,jain,tv,newsx,mundka,live,satyendra,speaks,entertainment,latest,channel,videos,news,twitter,update,facebook,youtube,link,newsx,follow,media,watch,more,click,handles,instagram,social,fire,visit,information,focus,jain
mundka,hospital,newsx,fire,help,gandhi,sanjay,desk,delhi,tv,newsx,mundka,hospital,live,aftermath,entertainment,help,people,latest,sanjay,channel,desk,videos,metro,news,twitter,update,facebook,youtube,delhi,link,newsx,follow,media,watch,more,afternoon,station,click,horrific,handles,instagram,social,fire,gandhi,building,police,visit,information,friday
mundka,newsx,site,fire,cm,delhi,tv,newsx,mundka,live,entertainment,latest,arvind,channel,minister,videos,news,twitter,update,facebook,youtube,delhi,link,newsx,chief,follow,incident,watch,media,kejriwal,more,morning,click,handles,site,instagram,social,fire,visit,information
newsx,kashmir,raids,locations,tv,newsx,south,live,entertainment,area,latest,channel,videos,news,twitter,update,facebook,youtube,nia,link,newsx,follow,kashmir,locations,media,watch,more,click,handles,north,instagram,social,raids,visit,youth,th,information
newsx,terrorist,baramulla,arms,ammunitions,tv,newsx,live,entertainment,area,terrorist,latest,channel,videos,rafiabad,news,forces,twitter,security,update,facebook,youtube,district,link,newsx,follow,media,watch,more,baramulla,click,handles,instagram,social,visit,information
newsx,navneet,ravi,rana,chalisa,padyatra,delhi,place,tv,newsx,live,showdown,entertainment,ravi,residence,latest,connaught,channel,new,place,videos,news,twitter,hanuman,temple,update,facebook,youtube,delhi,link,newsx,follow,navneet,media,watch,rana,more,padyatra,click,handles,instagram,social,visit,information
barbell,strategy,message,convocation,india,lessons,tv,newsx,barbell,students,live,entertainment,latest,ceremony,friday,channel,kashipur,videos,sanyal,news,twitter,guest,update,facebook,youtube,link,newsx,follow,speech,media,watch,strategy,more,sanjeev,convocation,click,handles,instagram,social,visit,information,india,iim
newsx,mosque,today,gyanvapi,security,survey,deployment,tv,newsx,submission,live,deadline,entertainment,latest,channel,survey,may,videos,news,twitter,report,update,facebook,youtube,sessions,link,newsx,follow,mosque,media,watch,gyanvapi,more,days,videography,set,click,handles,instagram,social,court,visit,structure,information,varanasi
couple,newsx,chalisa,padyatra,delhi,cp,tv,newsx,live,showdown,entertainment,ravi,residence,latest,connaught,channel,new,place,videos,row,news,twitter,hanuman,temple,update,facebook,youtube,delhi,link,newsx,follow,navneet,media,watch,rana,chalisa,more,padyatra,click,handles,instagram,social,loudspeaker,visit,information
mundka,newsx,dcp,fire,delhi,mission,rescue,tv,newsx,mundka,live,entertainment,dcp,latest,channel,videos,news,twitter,update,facebook,youtube,delhi,mission,link,newsx,follow,media,watch,more,click,handles,instagram,social,fire,visit,information,rescue
mundka,newsx,images,fire,accesses,delhi,tv,newsx,mundka,live,entertainment,goyal,brothers,latest,channel,videos,images,news,varun,twitter,update,facebook,youtube,delhi,link,newsx,follow,media,watch,more,click,handles,instagram,social,owners,fire,warehouse,visit,cctv,information
newsx,work,room,underway,videography,survey,tv,newsx,live,entertainment,latest,channel,survey,videos,work,news,twitter,update,facebook,youtube,link,newsx,follow,mosque,room,media,watch,gyanvapi,more,videography,click,handles,instagram,social,visit,information
summit,newsx,presents,media,batra,awards,anurag,exchange,tv,newsx,tandon,live,entertainment,latest,awards,raveena,event,channel,anupam,videos,news,twitter,update,facebook,youtube,link,personalities,summit,newsx,follow,streaming,media,mumbai,watch,more,kher,exchange,click,handles,instagram,social,visit,information,multitude
burden,newsx,slams,policies,need,chidambaram,tv,newsx,live,policies,entertainment,latest,channel,congress,videos,chidambaram,news,twitter,need,address,update,facebook,youtube,link,newsx,follow,media,watch,more,burden,leader,click,handles,instagram,government,social,visit,information
newsx,sri,pm,govt,lanka,unity,tv,newsx,live,direction,entertainment,latest,channel,minister,videos,prime,investigation,news,twitter,persons,department,update,criminal,facebook,youtube,cid,link,rajapaksa,newsx,follow,media,watch,more,click,handles,sri,lawyer,social,court,lankan,instagram,visit,information,mahinda
mundka,newsx,persons,fire,delhi,rise,tv,newsx,mundka,live,entertainment,latest,channel,videos,number,news,twitter,persons,update,facebook,youtube,link,newsx,follow,media,watch,more,click,handles,instagram,social,fire,visit,information
newsx,wheat,prices,move,exports,india,tv,newsx,live,entertainment,latest,bid,channel,price,videos,news,wheat,twitter,update,facebook,youtube,link,newsx,follow,media,watch,more,surge,effect,click,handles,instagram,social,visit,information,exports,india
mundka,newsx,site,tragedy,fire,kejriwal,cm,delhi,tv,newsx,mundka,live,entertainment,latest,channel,videos,news,twitter,update,facebook,youtube,delhi,link,newsx,follow,media,manish,watch,kejriwal,more,click,handles,site,sisodia,instagram,social,fire,cm,visit,information,dy
ends,newsx,peace,sides,day,survey,tv,newsx,live,entertainment,latest,day,channel,survey,videos,news,twitter,update,facebook,youtube,link,newsx,follow,mosque,media,watch,rest,gyanvapi,more,tomorrow,click,handles,instagram,social,visit,information,masjid
mundka,newsx,fire,remains,death,toll,officials,tv,newsx,mundka,live,entertainment,latest,remains,channel,videos,news,twitter,update,facebook,youtube,link,officials,newsx,follow,media,watch,tragedy,more,click,handles,instagram,social,fire,visit,death,information,toll
newsx,mayor,row,speak,loudspeaker,corporator,tv,newsx,jammu,live,entertainment,latest,channel,videos,corporator,mayor,row,decision,news,twitter,update,facebook,youtube,supreme,link,newsx,follow,kashmir,media,watch,more,responsibility,click,handles,instagram,social,loudspeaker,visit,information,courts
newsx,tenders,kishtwar,fire,building,storey,tv,newsx,live,rush,tenders,entertainment,kishtwar,latest,channel,storey,videos,news,twitter,update,facebook,youtube,link,newsx,follow,media,watch,more,click,handles,instagram,social,fire,building,visit,information
newsx,justice,rahul,bjp,echoes,tv,newsx,protest,live,entertainment,rahul,latest,bjp,channel,videos,stages,news,twitter,update,echoes,facebook,youtube,link,justice,newsx,follow,media,watch,more,click,handles,instagram,social,demand,visit,information
newsx,anthem,debate,mp,haryana,suit,tv,newsx,live,entertainment,latest,haryana,channel,videos,anthem,news,twitter,update,facebook,youtube,link,newsx,follow,media,watch,more,debate,mandatory,national,click,handles,instagram,social,mp,visit,information,suit
tiwari,mundka,newsx,noc,fire,manoj,building,bjp,mp,tv,newsx,tiwari,mundka,have,live,entertainment,manoj,latest,bjp,channel,videos,news,twitter,update,facebook,youtube,link,newsx,follow,media,watch,noc,more,did,click,handles,instagram,social,fire,mp,visit,information
mundka,newsx,ground,updates,probe,tragedy,fire,underway,delhi,tv,newsx,mundka,live,entertainment,latest,channel,videos,news,twitter,update,facebook,youtube,delhi,link,newsx,follow,ground,media,watch,probe,tragedy,more,updates,click,handles,instagram,social,fire,underway,visit,information
mundka,gen,secy,team,kc,newsx,tygai,probe,fire,spl,jdu,tv,newsx,mundka,kc,live,entertainment,latest,channel,videos,tygai,news,twitter,update,facebook,youtube,link,newsx,follow,media,watch,probe,more,spl,jdu,click,gen,secy,team,handles,instagram,social,fire,visit,information
president,newsx,demise,mourns,solidarity,india,tv,newsx,live,entertainment,state,latest,ties,day,panellists,channel,minister,khalifa,videos,prime,zayed,news,twitter,respect,update,nahyan,uae,facebook,youtube,link,newsx,sheikh,follow,narendra,media,watch,modi,more,devika,relations,president,leader,click,handles,india,al,chopra,social,instagram,statesman,visit,death,information,mark
newsx,row,ravi,tn,centre,language,tv,newsx,live,entertainment,ravi,latest,channel,rn,videos,language,row,news,twitter,tn,update,facebook,youtube,link,newsx,follow,media,watch,imposing,more,governor,click,handles,instagram,social,visit,information,centre
newsx,employees,govt,urge,pandit,tv,newsx,live,entertainment,latest,urge,channel,pandit,videos,news,twitter,update,facebook,youtube,link,newsx,follow,media,watch,more,click,handles,instagram,kashmiri,social,govt,us,visit,information,employees,appeal
secy,newsx,sahgal,shyam,conversation,saran,story,tv,newsx,live,entertainment,latest,channel,videos,news,twitter,update,facebook,youtube,link,newsx,follow,media,watch,more,click,handles,instagram,social,visit,information
time,newsx,wheat,hypocrisy,ban,narratives,tv,newsx,live,entertainment,latest,channel,move,videos,governments,bloc,news,wheat,twitter,security,update,debates,basis,facebook,youtube,steps,prices,link,newsx,permission,spike,follow,protectionism,media,watch,more,devika,request,needs,food,effect,click,handles,criticism,instagram,government,chopra,social,part,countries,visit,information,exports,india
punjab,newsx,relaxation,mann,pm,procurement,grains,cm,thank,tv,newsx,punjab,relaxation,live,entertainment,latest,channel,videos,mann,news,twitter,grains,update,facebook,youtube,shrivelled,link,thank,newsx,follow,media,watch,more,procurement,click,handles,instagram,social,pm,cm,visit,information
aid,newsx,lanka,india,bailout,tv,newsx,initiative,live,entertainment,latest,channel,minister,videos,prime,ranil,island,nation,news,amid,twitter,update,crisis,facebook,youtube,stakeholders,tons,link,newsx,assistance,follow,country,media,watch,more,urea,devika,wickremesinghe,click,handles,sri,chopra,social,instagram,visit,support,information,lanka,india
gyanvapigrandgesture,time,newsx,sites,tv,newsx,islamic,live,entertainment,latest,panellists,grander,ones,channel,survey,fact,videos,clamour,janmabhoomi,masjids,contributions,news,twitter,update,facebook,youtube,link,newsx,campaign,significance,follow,rs1000,country,media,watch,gyanvapi,more,resumes,devika,sites,hindus,gesture,crore,click,handles,site,krishna,chopra,social,instagram,fund,building,visit,information
tripura,takeover,newsx,cm,manik,tv,newsx,live,entertainment,latest,manik,channel,new,videos,news,twitter,update,facebook,youtube,link,newsx,follow,media,watch,more,set,saha,tripura,click,handles,instagram,social,cm,visit,information
sanyal,convocation,newsx,recovery,pm,eac,sanjeev,road,tv,newsx,live,entertainment,latest,channel,videos,news,twitter,update,facebook,youtube,link,newsx,follow,media,watch,more,click,handles,instagram,social,visit,information
upreti,newsx,nurses,heroes,tv,newsx,upreti,live,entertainment,heroes,latest,unsung,channel,videos,news,twitter,update,facebook,youtube,link,newsx,follow,media,watch,nurses,more,click,handles,instagram,social,visit,meenakshi,information
upreti,newsx,cancer,breakthrough,breast,tv,newsx,upreti,live,entertainment,latest,channel,videos,news,twitter,update,facebook,youtube,link,newsx,follow,media,watch,breakthrough,more,click,handles,instagram,cancer,social,breast,visit,meenakshi,information
party,tripura,begins,newsx,meet,cm,tv,newsx,live,entertainment,latest,bjp,channel,videos,begins,news,twitter,update,facebook,youtube,link,party,newsx,follow,media,watch,next,more,tripura,click,handles,instagram,social,meet,decide,cm,visit,legislative,information
diplomacy,buddhist,link,newsx,pm,modi,india,buddhism,tv,newsx,live,entertainment,occasion,buddha,panellists,latest,journey,channel,birthplace,videos,nation,news,twitter,update,facebook,youtube,nepal,knowledge,link,buddhism,newsx,purnima,follow,media,watch,modi,more,dialogue,devika,gautam,click,handles,instagram,chopra,social,pm,part,lumbini,visit,information,india
tripura,newsx,post,rs,frontrunners,dev,cm,mp,jishnu,varma,dy,saha,tv,newsx,post,live,entertainment,latest,manik,channel,varma,out,videos,news,twitter,update,facebook,youtube,link,newsx,follow,media,watch,rs,frontrunners,more,dev,jishnu,saha,tripura,click,handles,instagram,social,cm,mp,visit,information,dy
issue,tripura,newsx,dev,cm,tmc,signifies,move,governance,resignation,tv,newsx,issue,live,entertainment,latest,channel,signifies,move,governance,videos,news,twitter,update,facebook,youtube,link,resignation,newsx,follow,media,watch,more,dev,tmc,tripura,click,handles,instagram,social,sushmita,cm,visit,information
time,newsx,mann,singers,music,revamp,cm,warning,tv,newsx,punjab,time,singers,live,entertainment,latest,action,industry,channel,violence,minister,videos,culture,liquor,mann,music,news,twitter,ethos,update,debates,facebook,youtube,link,glorification,newsx,follow,media,watch,punjabi,drugs,more,devika,gangsterism,warning,click,handles,songs,instagram,chopra,social,fire,visit,bhagwant,information
time,newsx,terror,pandits,cleanup,tv,newsx,community,time,live,entertainment,rahul,latest,channel,pandit,videos,news,twitter,order,update,facebook,youtube,link,newsx,panellitsts,follow,kashmir,haven,media,watch,more,days,devika,evacuation,click,handles,bhat,terror,pandits,way,kashmiri,government,chopra,cleanup,social,instagram,visit,information,employees,appeal,valley
tripura,newsx,resigns,today,biplab,cm,deb,tv,newsx,live,entertainment,biplab,latest,channel,new,videos,news,twitter,update,facebook,youtube,link,newsx,follow,media,watch,more,deb,tripura,click,handles,resigns,instagram,today,social,cm,visit,information
mechanism,education,resolution,dispute,judges,part,tv,newsx,live,education,tarunnangia,entertainment,dispute,legallyspeaking,latest,channel,videos,legal,news,twitter,judges,update,facebook,youtube,link,newsx,follow,media,watch,more,click,mechanism,handles,instagram,resolution,social,part,visit,information,continuing
newsx,row,mosque,gyanvapi,day,survey,varanasi,tv,newsx,masjid,live,entertainment,latest,day,channel,survey,arrangements,videos,committee,complex,news,twitter,security,update,facebook,youtube,link,newsx,follow,mosque,media,watch,gyanvapi,more,videography,click,handles,instagram,social,court,visit,information,varanasi
mundka,newsx,updates,owners,fire,building,custody,delhi,tv,newsx,mundka,live,entertainment,objection,certificate,people,latest,channel,videos,news,twitter,department,update,facebook,youtube,link,newsx,follow,media,watch,more,blaze,click,handles,instagram,social,fire,building,visit,information
min,newsx,law,rijiju,colonial,union,tv,newsx,jammu,live,entertainment,latest,channel,minister,meeting,videos,law,news,twitter,rijiju,update,kiren,facebook,ladakh,youtube,link,territories,justice,newsx,follow,kashmir,media,watch,infrastructure,more,union,development,click,handles,instagram,social,visit,information
newsx,fire,narela,casualties,delhi,tv,newsx,live,entertainment,latest,narela,channel,videos,news,twitter,update,facebook,youtube,delhi,link,newsx,follow,media,watch,more,click,handles,instagram,social,fire,casualties,visit,information
view,newsx,purnima,buddha,meat,ban,karnataka,tv,newsx,view,live,entertainment,latest,buddha,channel,may,videos,news,twitter,update,meat,facebook,youtube,link,newsx,purnima,follow,media,watch,more,karnataka,click,handles,instagram,social,ban,visit,information
newsx,villages,assam,floods,hit,dist,tv,newsx,live,worst,entertainment,latest,channel,floods,hit,videos,news,twitter,update,hojai,facebook,youtube,link,newsx,follow,villages,media,watch,more,assam,dist,click,handles,instagram,social,visit,information,inundated
begins,newsx,ground,day,survey,updates,tv,newsx,live,entertainment,latest,day,channel,survey,videos,begins,news,twitter,update,facebook,youtube,link,newsx,follow,ground,media,watch,gyanvapi,more,updates,click,handles,instagram,social,visit,information
chintin,newsx,shivir,today,nod,cwc,recommendations,tv,newsx,live,entertainment,latest,nod,channel,videos,chintin,news,twitter,cong,update,cwc,facebook,youtube,link,newsx,follow,shivir,media,watch,cmte,more,recommendations,click,handles,instagram,today,social,visit,information
mundka,operation,newsx,concludes,updates,search,fire,delhi,tv,newsx,mundka,live,entertainment,latest,channel,videos,news,twitter,update,facebook,ndrf,youtube,delhi,link,operation,newsx,follow,concludes,media,watch,search,more,updates,click,handles,instagram,social,fire,visit,information
newsx,crime,shocker,mass,hate,shooting,tv,newsx,live,crime,entertainment,latest,channel,videos,shocker,mass,news,twitter,update,facebook,youtube,shooting,link,kills,newsx,follow,media,watch,more,click,ny,handles,instagram,social,visit,injured,hate,information
mundka,newsx,owner,updates,fire,building,delhi,lakra,tv,newsx,mundka,live,entertainment,latest,channel,videos,news,twitter,update,facebook,youtube,delhi,link,lakra,arrested,newsx,follow,owner,media,manish,watch,more,updates,click,handles,instagram,social,fire,building,visit,information
newsx,sources,work,gyanvapi,survey,updates,tv,newsx,live,entertainment,latest,channel,survey,videos,work,news,twitter,update,facebook,youtube,link,newsx,follow,media,watch,gyanvapi,more,click,handles,sources,instagram,social,visit,information
tripura,cabinet,takeover,newsx,cm,manik,induction,saha,tv,newsx,live,entertainment,latest,manik,induction,channel,new,videos,cabinet,news,twitter,update,facebook,youtube,link,likely,newsx,follow,media,watch,more,saha,tripura,click,handles,instagram,social,cm,visit,information
tripura,newsx,change,manik,cm,guard,saha,tv,newsx,live,entertainment,latest,manik,channel,videos,change,news,twitter,oath,update,facebook,youtube,takes,link,newsx,follow,media,watch,more,guard,saha,tripura,click,handles,instagram,social,cm,visit,information
newsx,purnima,bbmp,sale,imposes,slaughter,meat,tv,newsx,ahead,live,bbmp,entertainment,latest,buddha,channel,videos,news,twitter,update,meat,facebook,youtube,link,newsx,purnima,follow,sale,watch,imposes,media,more,slaughter,click,handles,instagram,social,ban,visit,information
newsx,concludes,gyanvapi,day,survey,updates,tv,newsx,live,entertainment,latest,day,channel,survey,videos,news,twitter,update,facebook,youtube,link,newsx,follow,concludes,media,watch,gyanvapi,more,click,handles,instagram,social,visit,information
newsx,convenors,committee,meet,report,underway,tv,newsx,live,convenors,entertainment,latest,channel,videos,committee,news,twitter,report,update,cwc,facebook,youtube,link,newsx,follow,media,watch,more,click,handles,submit,instagram,social,meet,underway,visit,information
newsx,case,rahul,murder,sinha,sit,tv,newsx,live,case,entertainment,rahul,manoj,latest,channel,videos,news,twitter,update,facebook,youtube,lg,sinha,link,sit,newsx,follow,media,watch,probe,more,click,handles,bhat,instagram,social,murder,visit,information
newsx,wheat,irks,ban,export,criticises,move,india,tv,newsx,live,entertainment,latest,criticises,channel,move,videos,news,wheat,twitter,irks,update,export,facebook,youtube,link,newsx,follow,media,watch,more,click,handles,instagram,social,ban,visit,g7,information,india
film,newsx,richa,actor,podcast,industry,chadha,tv,newsx,film,gets,south,live,entertainment,latest,industry,channel,videos,news,twitter,update,facebook,youtube,link,newsx,follow,media,watch,more,chadha,candid,click,handles,instagram,richa,social,actor,podcast,visit,information
aditi,newsx,jewellery,zoya,actor,story,hydari,rao,association,tv,newsx,aditi,live,zoya,entertainment,latest,channel,hydari,videos,jewellery,news,twitter,update,facebook,youtube,link,newsx,follow,media,watch,more,story,rao,click,handles,instagram,social,actor,that,visit,information,association
newsx,pm,modi,statement,visit,tv,newsx,ahead,live,entertainment,latest,channel,videos,news,twitter,update,facebook,youtube,nepal,link,newsx,follow,media,watch,modi,more,statement,forward,click,handles,instagram,social,pm,visit,information
newsx,concludes,day,survey,place,deployment,tv,newsx,live,entertainment,latest,day,channel,survey,place,videos,news,twitter,amid,update,facebook,youtube,link,newsx,follow,concludes,media,watch,gyanvapi,more,click,handles,instagram,social,visit,information,heavy,deployment
newsx,pandits,sheikhpura,kashmiri,killings,security,camp,demand,tv,newsx,live,entertainment,killings,latest,channel,targeted,videos,news,twitter,amid,security,update,facebook,youtube,inside,link,newsx,sheikhpura,follow,media,watch,more,camp,click,locked,handles,pandits,instagram,kashmiri,social,demand,visit,information
newsx,attackers,area,forces,turkwagam,shot,tv,newsx,live,entertainment,area,cordon,latest,channel,nab,videos,news,forces,twitter,update,facebook,youtube,link,newsx,follow,attackers,media,watch,turkwagam,shot,more,click,handles,instagram,social,visit,information
pok,protest,atrocities,newsx,pakistan,natives,stage,tv,newsx,protest,live,pakistan,entertainment,latest,channel,videos,pok,atrocities,london,news,twitter,update,facebook,youtube,link,newsx,follow,media,watch,against,more,stage,click,handles,instagram,social,visit,information
day,concludes,newsx,survey,tv,newsx,live,entertainment,latest,day,channel,survey,videos,news,twitter,update,facebook,youtube,link,newsx,follow,concludes,media,watch,gyanvapi,more,click,handles,instagram,social,visit,information
newsx,gyanvapi,security,survey,tomorrow,place,deployment,tv,newsx,live,entertainment,latest,channel,survey,place,videos,news,twitter,security,update,facebook,youtube,link,newsx,follow,media,watch,gyanvapi,more,tomorrow,click,handles,instagram,social,visit,information,heavy,deployment
atrocities,newsx,peshawar,shot,minority,rise,dead,tv,newsx,live,entertainment,latest,minority,channel,videos,atrocities,news,twitter,update,facebook,youtube,link,pak,newsx,follow,peshawar,media,watch,shot,more,rise,dead,click,handles,instagram,social,sikh,visit,information
newsx,report,gandhi,questions,evm,congress,tv,newsx,live,entertainment,sonia,latest,channel,congress,raises,videos,news,twitter,report,questions,update,facebook,youtube,link,newsx,follow,media,watch,more,click,handles,instagram,social,gandhi,visit,evm,information
mundka,newsx,owner,media,dcp,fire,briefs,delhi,company,tv,newsx,mundka,live,entertainment,dcp,latest,channel,videos,news,twitter,update,facebook,youtube,delhi,link,newsx,follow,owner,media,watch,more,briefs,company,click,handles,instagram,social,fire,visit,information
newsx,health,anxiety,suggestion,prep,tv,newsx,live,health,entertainment,latest,mental,channel,videos,news,anxiety,twitter,amid,update,facebook,youtube,alleviating,link,newsx,follow,media,watch,more,expert,click,handles,instagram,neet,social,suggestion,visit,information,exam,prep
amidst,time,hindu,newsx,muslim,gyanvapi,mou,controversy,approach,tv,newsx,islamic,live,entertainment,latest,taj,panellists,channel,videos,gulati,hindu,humayun,saints,sharif,news,twitter,update,facebook,youtube,ajmer,tensions,link,newsx,rishabh,follow,country,media,watch,gyanvapi,more,islam,sites,tomb,controversy,click,handles,way,instagram,social,dargah,muslim,visit,nizamuddin,information,memorandum
time,newsx,stops,objects,wheat,ban,tv,newsx,live,entertainment,objection,latest,panellists,channel,videos,gulati,decision,west,wheat,news,twitter,security,update,facebook,youtube,link,newsx,rishabh,follow,country,media,watch,heatwave,more,statement,hypocrisy,nations,food,click,handles,instagram,social,punishing,visit,g7,information,focus,exports,india
history,newsx,cup,wins,india,tv,newsx,live,entertainment,latest,channel,videos,history,news,twitter,update,facebook,youtube,first,link,ever,newsx,follow,media,watch,thomas,more,wins,click,handles,badminton,instagram,social,cup,visit,information,creates,india
time,legacy,newsx,reclaims,china,claim,india,tv,newsx,caves,facts,live,entertainment,latest,buddha,day,panellists,channel,videos,gulati,keepers,news,twitter,update,facebook,youtube,nepal,link,newsx,xinjiang,purnima,rishabh,follow,media,watch,modi,more,yatra,claim,click,handles,instagram,social,pm,claims,china,chinese,visit,information,bizzare
shivir,expression,rahul,gandhi,address,views,politics,tv,newsx,live,entertainment,rahul,latest,channel,videos,news,twitter,address,cong,update,facebook,youtube,link,politics,newsx,follow,shivir,expression,media,watch,more,does,entail,click,handles,instagram,social,gandhi,chintan,visit,information,views
force,shivir,reforms,sonia,task,gandhi,address,tv,newsx,force,live,entertainment,sonia,latest,channel,videos,internal,reforms,news,twitter,address,cong,update,facebook,youtube,up,link,newsx,follow,shivir,media,watch,more,set,click,handles,instagram,social,task,gandhi,chintan,visit,information
newsx,traders,sikh,minorities,pak,tv,newsx,months,daylight,live,pakistan,traders,entertainment,latest,panellists,channel,videos,gulati,incidents,news,twitter,update,facebook,youtube,abuse,link,newsx,rishabh,follow,peshawar,peshwar,media,watch,more,humans,click,canada,handles,attack,instagram,social,rights,us,sikhs,visit,information,india
time,terror,newsx,pandits,terrorists,cleanup,pak,tv,newsx,community,time,live,entertainment,latest,military,existence,panellists,channel,frustration,videos,gulati,years,terrorists,news,twitter,update,facebook,youtube,sense,link,justice,newsx,rishabh,kashmir,follow,media,watch,more,click,handles,terror,attack,pandits,plight,kashmiri,social,instagram,gas,visit,information
york,time,newsx,mass,subway,errors,shooting,tv,newsx,time,live,entertainment,people,killing,latest,channel,new,videos,gulati,human,investigation,mass,news,twitter,questions,update,facebook,youtube,link,york,panelists,newsx,rishabh,follow,media,watch,more,victims,violation,murderer,click,handles,instagram,social,massacre,rights,us,visit,hate,information,india
proud,newsx,pm,modi,cup,whole,champions,tv,newsx,live,entertainment,speaks,latest,channel,videos,proud,news,twitter,update,whole,facebook,youtube,link,newsx,follow,media,watch,modi,thomas,more,click,handles,instagram,social,pm,cup,visit,information,champions,india
sco,newsx,today,meet,anti,part,member,delegation,delhi,pak,tv,newsx,time,live,pakistan,organisation,entertainment,latest,channel,meeting,videos,rats,news,twitter,update,member,facebook,youtube,delhi,regional,link,sco,newsx,follow,shanghai,media,watch,anti,more,delegation,click,handles,terror,instagram,today,social,visit,structure,information,india,cooperation
today,minutes,resumes,day,survey,tv,newsx,live,entertainment,latest,day,channel,survey,videos,complex,news,twitter,security,update,facebook,youtube,link,newsx,follow,media,watch,gyanvapi,more,videography,click,handles,instagram,today,social,percent,till,visit,information,masjid,yesterday
team,newsx,badminton,bags,cup,win,tv,newsx,time,live,entertainment,latest,channel,effort,videos,news,twitter,bangkok,update,facebook,youtube,heroic,link,title,newsx,follow,media,watch,thomas,more,championship,thailand,sunday,click,handles,team,badminton,instagram,men,social,cup,visit,information,champions
newsx,today,pm,modi,visit,lumbini,khushinagar,tv,newsx,live,entertainment,occasion,buddha,latest,channel,minister,birthplace,videos,prime,news,twitter,update,gautama,facebook,youtube,nepal,link,newsx,purnima,follow,narendra,media,watch,modi,more,airport,international,click,kushinagar,handles,instagram,today,social,lumbini,visit,information
newsx,ground,underway,day,survey,updates,tv,newsx,masjid,live,entertainment,latest,day,channel,survey,videos,work,news,twitter,report,update,facebook,youtube,link,newsx,follow,media,watch,gyanvapi,more,click,handles,instagram,today,social,percent,till,visit,information,varanasi,yesterday
team,newsx,work,gyanvapi,hour,survey,tv,newsx,live,entertainment,latest,channel,survey,videos,work,news,twitter,update,facebook,youtube,link,reports,newsx,follow,media,watch,gyanvapi,more,click,handles,instagram,social,hour,percent,visit,information
threat,newsx,issues,lashker,pandits,killings,rise,notice,tv,newsx,jammu,community,live,entertainment,killings,letter,latest,channel,organization,videos,threat,target,territory,news,twitter,update,facebook,youtube,link,newsx,follow,kashmir,media,watch,more,islam,union,lashkar,click,handles,instagram,social,visit,information
newsx,underway,day,videography,survey,updates,tv,newsx,live,entertainment,latest,channel,sanatan,survey,videos,hindu,symbols,news,twitter,update,facebook,youtube,link,dharam,reports,newsx,follow,media,watch,gyanvapi,more,videography,click,handles,instagram,social,side,visit,information
newsx,mlas,meet,kejriwal,bulldozer,cm,drive,aap,tv,newsx,capital,live,entertainment,residence,latest,arvind,channel,drive,minister,place,meeting,videos,aadmi,news,twitter,update,facebook,youtube,delhi,information,link,supremo,party,newsx,chief,body,civil,follow,media,watch,kejriwal,more,aap,click,handles,instagram,mlas,today,social,civic,visit,lines,aam
eyes,newsx,pm,modi,visit,nepal,india,tv,newsx,live,entertainment,latest,channel,videos,mous,ink,news,twitter,update,facebook,youtube,nepal,link,newsx,follow,media,watch,modi,more,key,click,handles,eyes,instagram,social,pm,visit,information,india
newsx,work,concludes,paper,gyanvapi,survey,masjid,tv,newsx,live,entertainment,latest,paperwork,channel,survey,videos,saturday,work,news,twitter,update,facebook,youtube,link,newsx,follow,media,watch,gyanvapi,more,days,morning,click,handles,instagram,today,social,visit,information,masjid
time,legacy,newsx,pm,modi,visit,tv,newsx,time,live,entertainment,latest,buddha,channel,videos,legacy,news,twitter,update,facebook,youtube,nepal,link,newsx,follow,media,watch,modi,more,reclaim,historic,click,handles,instagram,social,pm,visit,information
newsx,shivir,term,depts,day,limits,congress,decisions,tv,newsx,live,entertainment,bharat,latest,day,udaipur,channel,decisions,videos,gathering,years,news,twitter,update,facebook,youtube,kanyakumari,link,newsx,follow,shivir,dissent,kashmir,media,watch,more,october,nationwide,jodo,sunday,yatra,click,handles,instagram,string,defeats,social,chintan,visit,information
newsx,mosque,concludes,tomo,report,gyanvapi,survey,tv,newsx,live,entertainment,latest,channel,survey,videos,news,twitter,report,update,facebook,youtube,link,newsx,follow,mosque,media,watch,gyanvapi,more,days,tomorrow,click,handles,instagram,today,social,visit,information
team,newsx,badminton,cup,thailand,shines,wins,india,tv,newsx,live,entertainment,latest,shines,channel,videos,news,twitter,update,facebook,youtube,first,link,ever,newsx,follow,media,watch,thomas,more,thailand,wins,click,handles,team,badminton,instagram,social,cup,visit,information,india
newsx,media,kejriwal,briefs,cm,delhi,encroachments,tv,newsx,live,entertainment,latest,arvind,channel,minister,videos,news,twitter,bulldozer,update,facebook,youtube,delhi,link,encroachments,actions,newsx,mcd,follow,media,watch,kejriwal,more,click,handles,instagram,today,social,visit,information,illegal
pujan,newsx,pm,modi,participates,lumbini,bhoomi,tv,newsx,live,entertainment,latest,participates,channel,bhoomi,videos,news,twitter,update,facebook,youtube,nepal,link,newsx,follow,media,watch,modi,more,click,pujan,handles,instagram,social,pm,lumbini,visit,information
newsx,meet,level,tomo,security,manoj,lg,sinha,tv,newsx,live,scenario,entertainment,level,latest,channel,meeting,videos,news,twitter,security,update,facebook,youtube,delhi,lg,sinha,link,newsx,follow,amarnath,media,watch,more,yatra,tomorrow,click,handles,pandits,instagram,kashmiri,social,meet,topic,visit,information
min,newsx,neet,cuet,madras,ponmudi,tn,convocation,tv,newsx,students,live,education,entertainment,cuet,latest,ponmudi,channel,minister,videos,university,news,twitter,madras,tn,update,facebook,youtube,link,newsx,follow,media,watch,more,higher,convocation,click,handles,instagram,neet,today,social,marks,visit,admission,information
meets,newsx,pm,modi,lumbini,visit,diaspora,tv,newsx,meets,live,entertainment,latest,channel,videos,indian,news,twitter,update,facebook,youtube,nepal,link,newsx,follow,media,watch,modi,more,diaspora,historic,click,handles,instagram,social,pm,lumbini,visit,information
sc,newsx,tomo,gyanvapi,aimc,appeal,tv,newsx,sc,live,entertainment,slated,latest,channel,videos,news,tomo,twitter,update,facebook,youtube,link,newsx,follow,media,watch,gyanvapi,more,listed,click,handles,instagram,social,aimc,visit,information,appeal
newsx,mosque,shivling,copy,order,gyanvapi,survey,updates,tv,newsx,live,entertainment,latest,channel,videos,news,twitter,update,facebook,youtube,link,newsx,follow,media,watch,more,click,handles,instagram,social,visit,information
ambuja,cement,newsx,acquisition,maker,group,adani,larget,tv,newsx,gets,live,entertainment,latest,channel,videos,ambuja,news,twitter,update,facebook,youtube,link,larget,newsx,follow,media,watch,more,adani,click,handles,cement,becomes,instagram,social,acquisition,maker,group,visit,information
newsx,site,recovery,lawyer,demands,gyanvapi,security,side,tv,newsx,demands,live,entertainment,latest,channel,videos,hindu,news,twitter,security,update,facebook,youtube,link,newsx,recovery,follow,media,watch,gyanvapi,more,click,handles,site,lawyer,instagram,social,side,visit,information
newsx,mosque,gyanvapi,videography,survey,updates,hrs,tv,newsx,live,entertainment,latest,channel,survey,videos,news,twitter,update,facebook,youtube,link,newsx,follow,mosque,media,watch,gyanvapi,more,videography,click,handles,instagram,social,visit,information,hrs,done
newsx,gyanvapi,survey,outcome,commissioners,tv,masjid,newsx,gyanvapi,live,case,entertainment,subscribe,latest,outcome,channel,survey,videos,row,news,twitter,temple,update,facebook,youtube,link,newsx,follow,mosque,media,watch,gyanvapi,more,kashi,commissioners,click,handles,instagram,social,vishwanath,visit,varanasi,information,masjid
newsx,talks,meet,manoj,security,lg,sinha,def,rajnath,tv,newsx,live,entertainment,manoj,latest,channel,rajnath,videos,internal,news,twitter,security,update,facebook,youtube,lg,sinha,link,holds,newsx,follow,media,watch,more,def,click,min,handles,instagram,talks,social,meet,visit,information
newsx,affairs,ties,share,india,tv,newsx,live,fmr,affairs,entertainment,latest,ties,channel,foreign,videos,rooted,news,twitter,update,facebook,youtube,nepal,link,newsx,follow,media,watch,more,click,min,handles,instagram,social,deep,visit,information,share,india
team,newsx,badminton,cup,win,srikanth,player,effort,sports,newsx,cup,news,thomas,bridge,tv,live,entertainment,subscribe,latest,satwiksairaj,channel,effort,videos,shetty,kidami,kidamisrikanth,news,twitter,update,rankireddy,facebook,youtube,player,link,newsx,follow,media,watch,thomas,more,srikanth,was,chirag,click,handles,team,badminton,instagram,social,cup,win,kidambi,visit,information
newsx,pm,visits,mou,lumbini,india,newsx,narendra,pm,news,indianepal,tv,india,live,entertainment,vineet,latest,channel,launch,malhotra,videos,news,twitter,update,facebook,youtube,nepal,link,panelists,newsx,projects,follow,media,watch,modi,more,relations,click,handles,instagram,talks,social,pm,lumbini,visit,information,india
peshwar,minorities,newsx,sikhs,islamic,community,newsx,mann,peshawar,men,sikh,minorities,bhagwant,tv,islamic,community,daylight,live,pakistan,entertainment,vineet,latest,panellists,minorities,minority,channel,malhotra,videos,unidentified,target,protection,terrorists,mps,news,twitter,questions,update,murders,facebook,youtube,link,newsx,follow,country,peshwar,media,watch,stand,click,miscreants,safety,handles,attack,instagram,men,social,sikh,us,sikhs,visit,information,yesterday
film,newsx,farooq,files,birth,abdullah,tv,newsx,film,live,gave,entertainment,latest,channel,files,videos,news,twitter,update,facebook,youtube,link,abdullah,newsx,follow,kashmir,media,farooq,watch,more,birth,click,handles,instagram,social,visit,blames,information
time,newsx,pandits,kashmiri,killings,cm,stand,delhi,politics,tv,newsx,live,entertainment,latest,monday,arvind,channel,minister,videos,news,twitter,update,facebook,youtube,delhi,link,politics,newsx,follow,media,watch,kejriwal,more,stand,click,safety,handles,pandits,instagram,kashmiri,today,social,visit,information,nomtime,centre
putin,newsx,decision,warns,sweden,nato,finland,tv,newsx,time,live,entertainment,vineet,latest,panellists,bid,channel,malhotra,videos,wars,decision,news,twitter,update,facebook,youtube,problems,link,newsx,follow,media,watch,devastation,europe,more,nato,russia,click,handles,instagram,social,world,countries,us,visit,information,finland
spots,team,newsx,mosque,gyanvapi,shivlinga,survey,tv,newsx,live,entertainment,latest,day,monday,channel,survey,videos,pradesh,shivling,minutes,news,twitter,order,update,facebook,youtube,link,uttar,newsx,follow,mosque,media,watch,gyanvapi,more,videography,commissioner,click,handles,places,team,instagram,government,social,court,visit,information,varanasi
newsx,pm,modi,ties,indo,humanity,event,lumbini,tv,newsx,live,entertainment,latest,ties,channel,event,videos,news,twitter,update,humanity,facebook,will,youtube,nepal,link,newsx,follow,media,watch,modi,benefit,more,click,handles,instagram,social,pm,indo,addresses,lumbini,visit,information
hindu,legacy,newsx,shivling,gyanvapi,kashi,tv,newsx,time,live,entertainment,vineet,latest,channel,survey,malhotra,land,videos,pilgrimage,hindu,history,legacy,years,news,twitter,questions,update,facebook,youtube,information,link,shivlings,panelists,newsx,follow,mosque,civilization,media,city,watch,center,gyanvapi,more,spot,hindus,kashi,click,handles,way,instagram,social,aurangzeb,visit,findings,varanasi
newsx,wazukhana,hc,court,orders,side,heads,tv,newsx,wazukhana,live,entertainment,latest,channel,videos,allahabad,orders,news,twitter,update,facebook,youtube,link,newsx,hc,follow,media,watch,more,heads,click,handles,instagram,social,court,muslim,side,visit,information,varanasi
parivar,newsx,telecast,buddha,bodh,teachings,tv,newsx,time,live,entertainment,vineet,latest,buddha,broadcast,channel,malhotra,move,videos,devi,buddhist,peace,news,twitter,visits,temple,teaching,update,buddhists,facebook,youtube,information,nepal,link,newsx,purnima,follow,prayers,states,monks,watch,modi,media,more,message,leanings,click,handles,instagram,social,pm,world,countries,visit,maya
president,newsx,nation,jp,nadda,bjp,countries,discussion,heads,janata,party,newsx,narendra,bharatiya,modi,jp,nadda,tv,live,entertainment,jp,subscribe,latest,bjp,channel,videos,nation,news,twitter,nadda,update,facebook,youtube,link,newsx,follow,media,watch,more,discussion,heads,president,click,handles,instagram,social,addresses,countries,visit,information,jpnadda
time,justice,newsx,pandits,kashmiri,politics,tv,newsx,life,live,entertainment,rahul,vineet,latest,arvind,files,channel,malhotra,pandit,videos,news,twitter,former,update,fear,facebook,youtube,delhi,abdullah,politics,link,actions,panelists,newsx,follow,kashmir,media,farooq,watch,kejriwal,more,union,click,safety,bhat,handles,plight,pandits,kashmiri,social,instagram,police,cm,visit,hate,death,information
newsx,pm,modi,bjp,pitstop,khushinagar,tv,newsx,engagements,live,entertainment,residence,vineet,latest,channel,akhilesh,malhotra,move,videos,lucknow,yadav,news,twitter,update,polls,roadmap,ministers,facebook,up,youtube,link,panelists,newsx,follow,media,watch,modi,more,click,handles,way,government,social,instagram,pm,concern,interaction,cm,visit,youth,information,elections
newsx,sagar,statue,telangana,buddhists,husain,tv,newsx,live,entertainment,latest,lake,statue,channel,choupal,husain,videos,news,twitter,update,telangana,buddhists,facebook,youtube,link,newsx,follow,stands,media,watch,more,click,handles,instagram,social,visit,information,sagar
kushinagar,newsx,today,monk,modi,buddha,message,yatra,oneness,tv,newsx,live,entertainment,monk,latest,buddha,channel,videos,news,twitter,update,facebook,youtube,link,newsx,follow,media,watch,modi,more,message,yatra,click,kushinagar,handles,instagram,today,social,visit,information,oneness
culture,newsx,talks,buddhists,delhi,buddhism,tv,newsx,emerging,live,entertainment,latest,channel,videos,culture,news,twitter,update,buddhists,facebook,youtube,delhi,link,buddhism,newsx,follow,media,watch,more,click,handles,instagram,talks,social,visit,information
newsx,law,court,order,gyanvapi,injustice,board,tv,newsx,live,wazukhanam,entertainment,latest,channel,survey,videos,law,news,twitter,order,update,facebook,youtube,board,link,personal,newsx,follow,media,watch,more,statement,click,handles,gyanwapi,instagram,social,court,muslim,injustice,visit,varanasi,information,masjid,india
newsx,terrorists,sopore,let,arms,ammunitions,tv,newsx,live,entertainment,latest,channel,videos,terrorists,news,twitter,sopore,let,update,facebook,youtube,arms,link,ammunition,possession,newsx,follow,media,watch,more,click,handles,instagram,social,visit,information
sc,newsx,row,today,gyanvapi,plea,masjid,tv,newsx,live,entertainment,latest,channel,survey,videos,pradesh,gauri,complex,news,twitter,update,plea,facebook,youtube,supreme,link,uttar,newsx,follow,management,mosque,shringar,media,watch,gyanvapi,more,click,handles,instagram,social,court,visit,information,varanasi
floods,newsx,people,assam,havoc,tv,newsx,live,entertainment,people,latest,channel,floods,videos,news,twitter,update,facebook,youtube,link,newsx,follow,media,watch,more,assam,click,handles,instagram,social,visit,information,districts
newsx,meet,pm,modi,strategy,yogi,adityanath,tv,newsx,live,entertainment,latest,conversation,channel,minister,videos,pradesh,prime,lucknow,news,twitter,update,ministers,facebook,youtube,nepal,link,uttar,newsx,follow,narendra,media,watch,modi,more,click,handles,stopover,instagram,government,social,wheeling,lumbini,visit,information
newsx,stamp,jubilee,silver,pm,modi,trai,tv,newsx,live,entertainment,latest,channel,minister,videos,prime,silver,news,twitter,trai,celebrations,update,telecom,facebook,youtube,authority,link,newsx,follow,narendra,jubilee,media,watch,modi,more,regulatory,click,handles,programme,instagram,today,social,visit,information,india
newsx,mosque,hanuman,idol,clashes,mp,tv,newsx,live,entertainment,dispute,area,people,latest,lord,channel,parties,videos,section,orders,news,twitter,hanuman,kachari,idol,update,facebook,youtube,link,clash,newsx,follow,media,sp,watch,more,neemuch,click,handles,instagram,social,dargah,groups,visit,information
sc,newsx,mosque,today,report,gyanvapi,plea,survey,tv,newsx,sc,live,entertainment,latest,channel,survey,videos,news,twitter,report,update,facebook,youtube,link,newsx,follow,mosque,media,watch,gyanvapi,more,gears,click,handles,instagram,today,social,visit,information
newsx,locations,raids,cbi,chidambaram,tv,newsx,live,case,entertainment,residence,latest,remittances,channel,congress,videos,chidambaram,central,investigation,news,connection,twitter,update,facebook,youtube,link,newsx,searches,follow,locations,media,watch,more,bureau,click,leader,handles,instagram,social,office,visit,information
newsx,ground,radar,chidambarams,updates,cbi,tv,newsx,live,case,entertainment,residence,latest,remittances,channel,congress,videos,chidambaram,central,investigation,news,connection,twitter,update,facebook,youtube,link,newsx,searches,follow,locations,media,watch,more,bureau,click,leader,handles,instagram,social,office,visit,information
gen,newsx,way,jubilee,silver,tech,trai,celebrations,tv,newsx,live,entertainment,latest,channel,minister,videos,prime,silver,news,twitter,trai,celebrations,update,telecom,facebook,youtube,authority,link,newsx,follow,narendra,jubilee,media,watch,modi,more,regulatory,click,handles,programme,instagram,today,social,visit,information,india
newsx,villages,silver,jubilee,pm,modi,india,tv,newsx,live,entertainment,latest,channel,minister,videos,prime,silver,news,twitter,trai,celebrations,update,facebook,youtube,link,newsx,follow,villages,narendra,jubilee,media,watch,modi,more,click,handles,instagram,social,visit,information,india
sc,newsx,row,room,gyanvapi,claims,side,tv,newsx,live,entertainment,latest,channel,roads,videos,hindu,row,news,twitter,update,facebook,youtube,link,newsx,follow,mosque,media,watch,gyanvapi,more,opening,click,handles,sources,instagram,social,side,visit,information
newsx,sources,muslims,row,road,tv,newsx,live,entertainment,latest,channel,videos,road,news,twitter,update,facebook,youtube,link,newsx,follow,media,watch,more,click,handles,instagram,today,court,muslim,social,side,reopening,visit,information
newsx,shah,meet,level,preparations,hm,tv,newsx,amit,home,live,entertainment,level,latest,channel,minister,meeting,videos,years,news,twitter,security,update,facebook,youtube,tuesday,link,gap,june,preparedness,newsx,follow,amarnath,media,watch,more,yatra,union,click,handles,shah,instagram,social,visit,information
newsx,mlas,residence,raids,cbi,chidambaram,tv,newsx,live,entertainment,residence,latest,channel,videos,chidambaram,news,twitter,reach,cong,update,facebook,youtube,link,cbi,newsx,follow,media,watch,more,click,handles,instagram,mlas,social,raids,visit,information
hindu,newsx,jama,claims,mahasabha,masjid,idols,tv,newsx,capital,live,entertainment,latest,mahasabha,maharaj,swami,channel,idols,videos,gynavapi,hindu,row,news,twitter,update,facebook,youtube,link,newsx,follow,charpali,media,watch,more,click,handles,jama,instagram,social,visit,information,masjid
team,newsx,search,chidambaram,raids,nothing,cbi,tv,newsx,live,case,entertainment,karti,latest,channel,congress,rajya,chidambaram,videos,news,connection,twitter,update,facebook,youtube,tuesday,link,cbi,newsx,searches,follow,media,watch,more,sabha,premises,click,leader,handles,instagram,social,son,mp,nothing,visit,information
hindu,newsx,gyanvapi,sena,side,files,plea,seeks,petition,dismissal,tv,newsx,live,entertainment,latest,channel,videos,hindu,news,twitter,sena,update,facebook,youtube,supreme,petition,link,newsx,follow,media,watch,more,click,handles,instagram,social,court,visit,information,matter
newsx,report,days,survey,commission,tv,newsx,submission,live,entertainment,latest,channel,survey,place,videos,news,twitter,report,update,facebook,youtube,link,newsx,follow,hearing,media,watch,more,days,commission,click,handles,instagram,social,court,pm,visit,information,varanasi
status,places,newsx,row,kharge,mallikarjun,gyanvapi,tv,newsx,live,entertainment,latest,channel,videos,row,kharge,news,twitter,mallikarjun,update,facebook,youtube,link,status,newsx,follow,media,watch,gyanvapi,more,click,handles,places,instagram,social,visit,information
newsx,reject,slams,resolution,mea,pak,tv,newsx,live,pakistan,entertainment,latest,assembly,channel,videos,news,twitter,update,facebook,youtube,link,newsx,follow,delimitation,media,watch,exercise,more,statement,click,handles,instagram,resolution,social,mea,visit,information
newsx,mann,row,slams,lesson,bhagat,singh,tv,newsx,live,entertainment,latest,bjp,channel,videos,mann,row,news,twitter,update,facebook,youtube,link,newsx,follow,lesson,media,watch,more,someone,singh,inspiration,click,handles,instagram,social,bhagat,visit,bhagwant,youth,information
hindu,newsx,wall,gyanvapi,petitioners,front,tv,newsx,live,case,entertainment,latest,verdict,channel,videos,gynavapi,news,twitter,update,facebook,youtube,link,newsx,follow,media,watch,more,nandi,click,handles,instagram,wall,court,today,social,petitioners,visit,information,front
clearance,newsx,wheat,shipments,export,india,relaxes,tv,newsx,live,entertainment,custom,latest,channel,videos,news,wheat,twitter,update,export,facebook,youtube,link,clearance,allowed,newsx,follow,media,watch,more,click,handles,instagram,social,shipments,ban,visit,information,india,relaxes
meets,safety,newsx,assures,pandits,kashmir,igp,security,tv,newsx,live,entertainment,igp,latest,channel,sheikhpora,videos,news,twitter,security,budgam,update,facebook,youtube,link,newsx,follow,kashmir,media,watch,more,click,handles,pandits,instagram,kashmiri,today,social,visit,information
jammu,gen,newsx,row,resolution,house,loudspeaker,ban,tv,newsx,jammu,live,entertainment,latest,channel,videos,news,twitter,house,update,facebook,youtube,link,newsx,follow,kashmir,media,watch,more,click,handles,instagram,resolution,social,loudspeaker,ban,visit,information
newsx,case,removal,wall,gyanvapi,petition,tv,newsx,live,case,entertainment,latest,channel,videos,news,twitter,update,facebook,youtube,petition,link,newsx,follow,removal,media,watch,gyanvapi,more,click,handles,instagram,wall,social,petitioners,visit,information
min,thakur,newsx,cannes,france,delegation,union,tv,newsx,live,entertainment,latest,channel,videos,cannes,news,twitter,update,facebook,youtube,link,newsx,follow,media,watch,more,anurag,delegation,union,click,min,thakur,handles,instagram,france,social,visit,information
racket,newsx,case,ipl,police,crackdown,arrests,tv,newsx,live,case,entertainment,fixing,latest,channel,videos,news,ipl,twitter,update,facebook,youtube,link,newsx,follow,media,watch,more,bengal,racket,click,handles,instagram,social,police,crackdown,visit,information
masjid,newsx,case,court,gyanvapi,petitions,updates,tv,newsx,live,case,entertainment,petitions,latest,channel,videos,news,twitter,update,facebook,youtube,link,newsx,follow,media,watch,gyanvapi,more,updates,click,handles,instagram,social,court,visit,information,masjid
masjid,newsx,case,today,court,pm,gyanvapi,verdict,updates,tv,newsx,live,case,entertainment,latest,verdict,channel,videos,news,twitter,update,facebook,youtube,link,newsx,follow,media,watch,gyanvapi,more,updates,click,handles,instagram,today,court,pm,social,visit,information,masjid
rising,newsx,dumps,breakup,china,imminent,woes,tv,newsx,live,entertainment,vineet,latest,teachers,fm,channel,malhotra,bilawal,videos,assurance,women,university,karachi,breakup,news,twitter,security,update,debates,facebook,youtube,breach,link,pak,newsx,follow,weeks,media,watch,blast,more,implications,click,handles,instagram,social,bhutto,china,wang,yi,visit,information,nationals
invests,newsx,dhabi,investment,ihc,cr,rs,firms,abu,tv,newsx,live,entertainment,latest,firms,channel,videos,dhabi,cr,news,twitter,update,facebook,youtube,link,invests,newsx,investment,follow,ihc,media,watch,rs,more,adani,abu,multiple,click,handles,instagram,social,visit,information
time,newsx,bias,twitter,shutdown,tv,newsx,murugesan,live,entertainment,vineet,latest,panellists,wing,channel,malhotra,videos,wingers,platform,bias,twitter,siru,news,update,facebook,youtube,link,newsx,follow,speech,media,watch,more,company,click,handles,instagram,micro,social,engineer,visit,video,information
submission,newsx,court,report,gyanvapi,verdict,day,extension,tv,newsx,submission,live,entertainment,latest,verdict,day,channel,granted,videos,news,twitter,report,update,facebook,youtube,link,newsx,follow,media,watch,gyanvapi,more,extension,click,handles,instagram,social,court,visit,information,varanasi
sc,begins,newsx,gyanvapi,side,revelation,tv,newsx,sc,opposes,live,entertainment,latest,channel,videos,begins,shivling,news,twitter,update,facebook,youtube,link,revelation,newsx,follow,hearing,media,watch,gyanvapi,more,click,handles,instagram,social,muslim,side,visit,information
newsx,row,rahul,ally,gandhi,ties,remark,breach,ideology,tv,newsx,time,live,entertainment,rahul,vineet,latest,rjd,bjp,panellists,udaipur,channel,congress,malhotra,parties,ideology,videos,history,news,twitter,update,facebook,youtube,allies,rift,link,fight,party,newsx,follow,shivir,media,watch,more,comment,remark,click,leader,handles,instagram,social,gandhi,chintan,visit,information,reactions
time,newsx,tech,telecom,india,testbed,tv,newsx,time,live,solutions,entertainment,algorithms,vineet,latest,ecosystem,panellists,industry,channel,project,malhotra,videos,future,startups,news,twitter,test,multi,products,update,telecom,facebook,youtube,generation,link,newsx,follow,media,watch,modi,more,bed,institute,technology,collaborative,testbed,click,handles,instagram,social,pm,technologies,visit,information,india
findings,newsx,dive,survey,tv,newsx,live,entertainment,area,vineet,latest,panellists,drama,channel,survey,malhotra,videos,object,committee,shivling,news,twitter,order,fountain,member,update,facebook,youtube,district,information,link,newsx,follow,wuzukhana,management,media,watch,gyanvapi,water,more,claim,voltage,click,mechanism,team,handles,instagram,social,court,part,visit,structure,findings,varanasi
hindu,time,newsx,muslim,mou,concord,tv,newsx,time,live,entertainment,mou,latest,channel,videos,hindu,news,twitter,update,grand,facebook,youtube,link,newsx,follow,media,watch,more,click,handles,instagram,social,muslim,visit,information,concord
newsx,badminton,cup,satwik,triumph,champions,india,tv,newsx,live,entertainment,latest,channel,videos,news,twitter,update,facebook,youtube,link,newsx,follow,media,watch,more,click,handles,instagram,social,visit,information
film,newsx,cannes,pavilion,festival,launch,tv,newsx,film,live,entertainment,festival,latest,channel,launch,videos,cannes,pavilion,news,twitter,update,facebook,youtube,link,newsx,follow,media,watch,more,set,click,handles,instagram,social,visit,information,india
newsx,baramulla,attack,terror,tv,newsx,jammu,live,entertainment,civilian,wine,latest,shop,channel,videos,terrorists,news,twitter,update,facebook,youtube,link,reports,newsx,follow,kashmir,media,watch,more,baramulla,grenades,click,handles,instagram,social,visit,information
wars,newsx,supply,spar,satyendra,water,khatter,cm,delhi,jain,vs,tv,newsx,live,entertainment,latest,satyendar,haryana,channel,minister,videos,news,twitter,update,khattar,facebook,youtube,delhi,tuesday,link,newsx,supply,follow,media,watch,lal,water,more,aap,click,handles,manohar,instagram,social,khatter,visit,information,jain
ordinance,newsx,gehlot,guv,conversion,taka,bill,promulgates,newsx,gehlot,guv,anticonversion,religion,bill,tv,governer,karnataka,karnatakagoverner,community,live,guv,entertainment,christian,latest,protests,channel,governer,videos,ordinance,protection,conversion,news,opposition,freedom,twitter,update,taka,facebook,youtube,information,link,newsx,assent,follow,media,watch,anti,more,karnataka,click,handles,gehlot,instagram,religion,social,right,guvgehlot,visit,bill
newsx,covid,reduces,days,jab,travellers,centre,gap,newsx,government,covid,vaccination,dose,vaccine,tv,time,months,live,entertainment,covid,subscribe,latest,channel,videos,news,twitter,persons,doses,update,facebook,youtube,link,covid19,newsx,follow,media,vaccination,watch,more,days,click,handles,instagram,government,social,vaccinations,visit,information
newsx,case,nabs,corruption,visa,cbi,newsx,home,case,karti,son,corruption,minister,tv,chidambaram,home,live,case,entertainment,karti,latest,bhaskar,channel,corruption,minister,visa,videos,chidambaram,central,investigation,raman,news,connection,twitter,update,facebook,youtube,link,cbi,newsx,follow,media,watch,sbhaskarraman,more,bureau,click,latter,handles,instagram,social,son,visit,information
newsx,report,govt,mcds,bulldozer,drive,delhi,newsx,govt,mcds,bulldozer,drive,tv,delhi,april,live,entertainment,subscribe,latest,channel,drive,delhigovernment,videos,news,twitter,report,mcds,bulldozer,update,facebook,youtube,delhi,link,newsx,follow,media,watch,more,click,handles,instagram,government,social,visit,information
newsx,forces,foils,bsf,infiltration,bid,infiltrators,bikaner,newsx,border,pakistan,bsf,tv,international,bikaner,live,pakistan,entertainment,latest,infiltration,channel,videos,interrogation,border,news,twitter,update,facebook,youtube,link,bikaner,newsx,follow,media,watch,more,international,click,handles,instagram,social,infiltrator,bsf,visit,custody,information
women,newsx,row,conversion,claims,ramanathapuram,newsx,tamil,collector,woman,nadu,ramanathapuram,live,woman,entertainment,latest,channel,ramanathapuram,village,man,videos,news,twitter,update,facebook,youtube,link,collector,newsx,follow,media,watch,christianity,more,nadu,tamilnadu,click,handles,tamil,instagram,social,office,fire,devdas,family,visit,information
floods,newsx,havoc,assam,ndrf,newsx,news,flood,assam,floods,tv,live,entertainment,assamflood,people,latest,channel,floods,videos,number,news,twitter,amid,update,facebook,youtube,assamcrisis,information,link,newsx,follow,media,flood,watch,more,assam,updates,click,handles,instagram,social,visit,situation
crash,jet,newsx,china,revelations,cockpit,crash,jet,newsx,china,tv,live,entertainment,subscribe,latest,channel,videos,plane,crash,jet,flight,news,twitter,chinajet,update,facebook,youtube,box,airlines,link,newsx,follow,media,watch,more,someone,eastern,march,click,data,handles,instagram,social,china,visit,information,cockpit
newsx,kannada,surgery,raj,actor,plastic,dies,newsx,surgery,raj,chethana,tv,hospital,rajajinagar,live,entertainment,subscribe,latest,channel,videos,kannada,years,news,twitter,complications,update,facebook,youtube,tv,link,newsx,follow,undergone,media,watch,kannadaactress,chethana,more,click,handles,surgery,instagram,raj,social,actor,bengaluru,visit,information,cosmeticsurgery
sanctions,newsx,azhar,france,force,newsx,fatf,terror,azhar,task,masood,action,pulwama,tv,force,live,pakistan,entertainment,subscribe,latest,action,channel,videos,terroristmasoodazhar,azhar,news,twitter,update,sanctions,facebook,youtube,link,newsx,follow,media,watch,more,announcement,click,handles,terror,fatf,attack,instagram,france,social,task,masood,pulwama,financing,watchdog,fata,visit,information
newsx,resigns,guj,setback,patel,cong,polls,party,newsx,sonia,gandhi,patel,congress,tv,hardik,post,live,entertainment,sonia,letter,latest,channel,congress,videos,decision,twitter,news,update,facebook,youtube,resignation,link,congressparty,party,newsx,follow,media,watch,more,patel,courage,president,click,hardik,handles,resigns,instagram,social,gandhi,visit,information,hardikpatel
sc,rajiv,newsx,orders,assasin,gandhi,perarivalan,release,rajiv,sc,newsx,court,orders,gandhi,supreme,perarivalan,tv,bomb,life,live,case,volt,entertainment,supremecourt,subscribe,latest,perarivalan,channel,rajivgandhi,minister,assassination,videos,news,twitter,update,facebook,supreme,bomb,release,youtube,information,link,newsx,follow,media,watch,more,rajiv,wednesday,click,handles,instagram,social,court,convicts,gandhi,visit,batteries
newsx,case,raees,office,rss,ats,reccee,pok,rais,newsx,shaikh,news,jaishemohammad,ahmad,pakistanoccupiedkashmir,tv,jem,live,shaikh,pakistan,entertainment,ahmad,subscribe,latest,day,channel,umar,headquarters,videos,pok,rais,hedgewar,bhavan,rssheadquarter,news,twitter,outfit,smruti,update,rss,facebook,youtube,occupied,handler,link,newsx,follow,kashmir,media,city,watch,jaish,more,click,handles,terror,instagram,social,mohammad,operative,visit,information,reshimbagh
carpet,cannes,newsx,country,soiree,honour,india,tv,newsx,live,entertainment,latest,day,channel,minister,videos,news,twitter,update,facebook,youtube,link,newsx,follow,country,media,watch,more,opening,anurag,delegation,click,thakur,handles,carpet,india,instagram,marche,social,visit,information,honor,cinema,du
sc,newsx,case,bora,murder,sheena,mukerjea,grants,tv,newsx,live,case,entertainment,latest,channel,videos,daughter,news,twitter,update,facebook,youtube,supreme,link,newsx,follow,bora,media,watch,more,indrani,click,wednesday,handles,instagram,social,court,murder,sheena,visit,information,mukerjea,bail
hospital,newsx,kanada,raj,actor,family,death,negligence,tv,newsx,hospital,live,entertainment,latest,channel,videos,chetana,news,twitter,update,facebook,youtube,link,newsx,kanada,follow,media,watch,more,accuses,negligence,click,handles,instagram,raj,social,actor,visit,death,information
rajiv,newsx,assasin,order,gandhi,perarivalan,release,relief,tv,newsx,sc,live,entertainment,assasin,latest,perarivalan,channel,videos,news,twitter,order,update,facebook,youtube,release,link,newsx,follow,media,watch,more,relief,rajiv,click,handles,instagram,social,gandhi,visit,information
rajiv,newsx,post,media,assasin,efforts,stalin,gandhi,briefs,cm,release,thank,tv,newsx,post,live,entertainment,assasin,latest,channel,videos,news,twitter,update,facebook,youtube,release,link,thank,newsx,follow,media,watch,efforts,stalin,more,briefs,rajiv,click,handles,instagram,social,gandhi,cm,visit,information
rajiv,history,newsx,assasin,gandhi,verdict,tn,cm,statement,release,tv,newsx,live,entertainment,assasin,latest,verdict,channel,videos,history,news,twitter,tn,update,facebook,youtube,release,link,newsx,follow,media,watch,more,statement,rajiv,click,handles,instagram,social,gandhi,cm,visit,information
newsx,thirupathy,setback,verdict,bjp,perarivalan,release,tv,newsx,live,entertainment,thirupathy,latest,verdict,bjp,perarivalan,channel,videos,news,twitter,update,facebook,youtube,release,link,newsx,follow,media,watch,narayanan,more,click,handles,instagram,social,setback,visit,information
kumar,mla,newsx,mcd,kalyanpuri,bulldozers,aap,tv,newsx,kumar,live,entertainment,latest,channel,videos,mla,kalyanpuri,news,twitter,update,facebook,youtube,link,arrested,newsx,mcd,follow,media,watch,more,kuldeep,bulldozers,aap,click,handles,instagram,social,visit,information
terror,attack,newsx,terrorists,footage,baramulla,grenade,cctv,tv,newsx,lobbying,live,entertainment,footage,latest,channel,videos,news,twitter,update,shows,facebook,youtube,link,newsx,follow,media,watch,more,baramulla,grenade,click,handles,terror,attack,instagram,social,visit,cctv,information
protest,punjab,newsx,mann,unions,farmers,meet,cm,tv,newsx,protest,punjab,live,entertainment,latest,channel,kisan,videos,mann,news,twitter,update,facebook,youtube,link,newsx,unions,follow,farmers,media,watch,more,key,stage,click,handles,instagram,social,meet,cm,visit,information
newsx,row,court,gyanvapi,side,days,plea,files,response,tv,newsx,live,entertainment,latest,file,channel,files,videos,row,news,twitter,update,plea,facebook,response,youtube,link,newsx,follow,media,watch,gyanvapi,more,days,click,handles,instagram,social,court,muslim,side,visit,information,varanasi
newsx,slams,azamgarh,people,tour,bjp,tv,newsx,live,entertainment,people,latest,bjp,channel,akhilesh,videos,slams,yadav,news,twitter,tour,update,facebook,youtube,duped,link,newsx,follow,media,watch,more,click,handles,instagram,azamgarh,social,visit,information
newsx,gyanvyapi,wazukhana,row,tv,newsx,submission,live,adv,case,entertainment,latest,panellists,megha,channel,parliament,gyanvyapi,videos,hindu,exemption,news,twitter,report,update,plea,communities,facebook,meantime,youtube,well,link,newsx,follow,ground,media,watch,sharma,more,commissioner,click,handles,way,instagram,social,court,muslim,side,affixed,visit,video,information,amendment,matter
newsx,adv,today,report,gyanvapi,details,commissioner,survey,tv,newsx,live,adv,entertainment,latest,details,exclusive,channel,survey,videos,news,twitter,report,update,facebook,youtube,link,newsx,follow,media,watch,gyanvapi,more,commissioner,click,handles,submit,instagram,today,social,visit,information
facts,newsx,demolition,slams,need,drive,tv,newsx,facts,live,entertainment,latest,bjp,channel,drive,videos,slams,news,twitter,need,update,facebook,youtube,link,newsx,mcd,demolition,follow,media,watch,more,aap,click,handles,instagram,social,over,visit,information
mahal,newsx,pictures,asi,calls,rooms,tv,newsx,mahal,live,entertainment,latest,taj,asi,calls,channel,videos,news,twitter,update,facebook,youtube,link,releases,newsx,follow,media,pictures,watch,more,rooms,click,locked,handles,instagram,social,visit,information
sc,head,newsx,reservation,win,mp,polls,tv,newsx,sc,head,live,entertainment,latest,nod,bjp,channel,videos,news,twitter,obc,update,polls,facebook,youtube,link,newsx,follow,media,watch,more,click,handles,reservation,instagram,social,win,mp,visit,information
newsx,factory,wall,collapse,gujarat,morbi,sal,workers,tv,newsx,live,entertainment,collapse,latest,channel,videos,sal,news,twitter,gujarat,update,facebook,youtube,factory,link,newsx,follow,media,watch,more,morbi,click,handles,instagram,wall,social,visit,information,workers
hindu,time,newsx,muslim,mou,approach,push,tv,newsx,mahal,live,entertainment,variety,people,taj,panellists,latest,megha,channel,agenda,gyanvyapi,videos,hindu,row,news,twitter,update,facebook,youtube,link,newsx,follow,mosque,media,watch,sharma,more,debate,monuments,click,handles,jama,way,social,instagram,visit,information,masjid
film,newsx,cannes,festival,delegations,cinema,film,newsx,cannes,festival,tv,film,live,entertainment,festival,delegations,latest,channel,indian,videos,cannes,news,twitter,update,cinema,facebook,youtube,link,newsx,follow,media,watch,more,click,bollywood,handles,carpet,instagram,social,visit,video,information,celebrating,celebs
newsx,racism,report,org,humans,tv,newsx,live,entertainment,latest,channel,videos,news,twitter,report,deeply,update,facebook,youtube,link,releases,newsx,follow,media,watch,more,humans,click,handles,instagram,social,racism,right,org,us,visit,information
newsx,procedure,conversion,politics,bill,appeasement,karnataka,tv,newsx,time,conversions,live,question,rush,entertainment,latest,bjp,megha,bill,channel,videos,ordinance,protection,conversion,chand,freedom,playing,opposition,news,twitter,update,laws,gallery,facebook,youtube,information,approval,link,fight,politics,panelists,newsx,follow,majority,media,watch,sharma,anti,more,karnataka,click,handles,gehlot,instagram,religion,government,social,right,visit,governor,thawar
time,newsx,mathura,idgah,masjid,gesture,petition,tv,newsx,live,entertainment,dispute,july,judge,latest,megha,channel,shahi,mahendra,agreement,videos,hindu,news,twitter,idgah,update,plea,facebook,youtube,tuesday,link,panelists,newsx,follow,civil,hearing,mathura,watch,sharma,media,more,singh,ruling,click,handles,spots,instagram,resolution,social,point,muslim,pratap,senior,visit,information,masjid,division,matter
resignation,anil,resigns,reasons,governor,delhi,baijal,tv,newsx,live,entertainment,latest,channel,videos,news,twitter,update,facebook,youtube,link,newsx,follow,media,watch,more,click,handles,instagram,social,visit,information
newsx,proof,office,partha,chatterjee,graft,tv,newsx,live,entertainment,latest,arrives,channel,videos,find,news,twitter,update,facebook,youtube,link,cbi,newsx,proof,follow,media,watch,more,graft,chatterjee,click,handles,instagram,social,office,visit,information,partha
rajiv,walks,president,newsx,questions,gandhi,killer,tv,newsx,live,question,entertainment,latest,perarivalan,megha,channel,freeing,minister,congress,assassination,videos,prime,news,twitter,update,facebook,supreme,youtube,release,link,panelists,newsx,follow,media,watch,sharma,more,conspirators,dmk,rajiv,click,handles,mercy,instagram,today,court,social,assassing,gandhi,visit,information,precedent
iraqi,time,newsx,isis,politician,crimes,tv,newsx,time,live,entertainment,latest,megha,terrorism,channel,girls,videos,iraqi,atrocities,women,news,twitter,report,update,humanity,facebook,youtube,politician,information,link,panelists,newsx,follow,slave,media,watch,sharma,isis,more,slaves,members,click,handles,barbarians,instagram,social,visit,video,markets,battle,yazidi
post,shivir,chintan,sahgal,congress,tv,newsx,live,entertainment,latest,channel,videos,news,twitter,update,facebook,youtube,link,newsx,follow,media,watch,more,click,handles,instagram,social,visit,information
members,part,congratulations,tv,newsx,nclat,live,tarunnangia,entertainment,legallyspeaking,latest,channel,videos,congratulations,nangia,news,twitter,update,judicialmembersappointment,facebook,youtube,link,newsx,follow,media,watch,more,appointed,members,tarun,click,handles,instagram,social,part,visit,judicial,information
