qualification,ipl,gujarat,scenarios,giants,titans,breaking,news9,headlines,today,pakistan,news,english,tv9,afghanistan,america,channel,google,youtube,india,politics,gujarattitans,wellness,entertainment,teams,finance,place,news9banglore,platform,trends,news9,news,ipl,tech,twitter,latestnews,facebook,youtube,bignews,politics,sports,ipl2022playoffs,weeks,follow,media,source,breakingnews,news9live,stories,topics,globe,lifestyle,livenews,ipl2022,playoffs,leader,team,india,instagram,today,social,analysis,information,berth
plessis,preview,faf,du,kohli,livingstone,pbks,virat,liam,rcb,vs,breaking,news9,headlines,today,pakistan,news,english,tv9,afghanistan,america,channel,google,youtube,india,politics,plessis,wellness,entertainment,subscribe,finance,channel,catch,news9banglore,platform,laugh,trends,contest,news9,viratkohli,faf,cricket,news,tech,twitter,latestnews,facebook,youtube,mayank,bignews,link,politics,sports,agarwal,follow,media,source,breakingnews,news9live,stories,sport,topics,globe,updates,lifestyle,livenews,ipl2022,leader,instagram,today,men,social,world,rcbvspbks,mayankagarwal,information,fafduplessis,india,du
gatlin,justin,breaking,news9,headlines,today,pakistan,news,english,tv9,afghanistan,america,channel,google,youtube,india,politics,time,wellness,role,entertainment,games,gatlin,finance,usainbolt,call,news9banglore,platform,trends,legacy,sprinters,mood,news9,news,tech,medallist,mindset,twitter,sprinter,olympicgames,latestnews,facebook,hitlist,youtube,bignews,politics,sports,mind,follow,careers,olympic,media,posturing,source,justingatlin,news9live,stories,breakingnews,days,topics,rooms,races,race,globe,lifestyle,livenews,bolt,leader,instagram,today,social,justin,usain,slowing,information,india
performance,ipl,pacers,patel,natarajan,breaking,news9,headlines,today,pakistan,news,english,tv9,afghanistan,america,channel,google,youtube,india,politics,wellness,entertainment,bowlers,finance,news9banglore,harshalpatel,platform,trends,news9,news,ipl,tech,twitter,natarajan,latestnews,speedsters,facebook,youtube,bignews,politics,harshal,sports,performance,likes,khan,weeks,follow,mohsin,media,source,breakingnews,news9live,stories,patel,tournament,topics,globe,lifestyle,livenews,ipl2022,performances,leader,khaleel,instagram,today,social,tnatarajan,ahmed,information,india
baba,knock,match,indrajith,game,live,song,rcb,kolkata,videos,cricket,news,ipl,indrajith,sunrisers,dc,shows,review,league,premier,sports,knight,squad,preview,riders,stats,kkr,analytics,baba,srh,analysis,csk,moments,ahead,qualification,entertainment,wellness,finance,kolkata,hyderabad,news9banglore,saturday,platform,trends,kolkataknightriders,matches,news9,news,indrajith,tech,sunrisers,franchise,twitter,game,latestnews,facebook,youtube,bignews,politics,knight,points,sports,follow,riders,media,chances,source,breakingnews,news9live,stories,topics,globe,lifestyle,preparation,livenews,ipl2022,leader,baba,team,instagram,today,social,sunrisershyderabad,information,batter,india
iyer,shreyas,andre,srh,preview,kane,williamson,russell,kkr,vs,breaking,news9,headlines,today,pakistan,news,english,tv9,afghanistan,america,channel,google,youtube,india,politics,wellness,kane,entertainment,finance,produce,news9banglore,williamson,platform,trends,news9,news,ipl,tech,twitter,latestnews,facebook,youtube,bignews,politics,sports,clash,follow,media,hopes,source,breakingnews,news9live,stories,topics,globe,updates,kkr,lifestyle,livenews,performances,playoffs,leader,team,srh,instagram,today,social,impact,information,india
ms,pandya,khan,preview,rashid,csk,dhoni,gt,hardik,vs,breaking,news9,headlines,today,pakistan,news,english,tv9,afghanistan,america,channel,google,youtube,india,politics,wellness,entertainment,pride,finance,place,news9banglore,platform,trends,pandya,super,news9,news,tech,twitter,champions,gujarat,latestnews,facebook,newbies,youtube,rampage,bignews,politics,sports,follow,chennai,co,media,source,breakingnews,news9live,stories,tournament,topics,globe,lifestyle,livenews,playoffs,kings,leader,instagram,today,social,win,csk,information,titans,can,india,hardik
history,lakshya,sen,cup,srikanth,india,sen,live,rcb,videos,lakshya,shetty,cricket,news,ipl,dc,shows,review,league,premier,sports,preview,stats,thomas,srikanth,kkr,chirag,analytics,srh,badminton,cup,kidambi,analysis,csk,moments,time,wellness,entertainment,teams,finance,news9banglore,platform,history,trends,news9,news,tech,twitter,latestnews,facebook,lakshyasen,youtube,bignews,politics,sports,title,follow,country,media,source,breakingnews,thomas,stories,kidambisrikanth,news9live,topics,globe,lifestyle,livenews,route,leader,team,badminton,instagram,men,today,cup,social,thomascup2022,analysis,information,champions,india
mohan,making,kahani,singh,chaddha,breaking,news9,headlines,today,pakistan,news,english,tv9,afghanistan,america,channel,google,youtube,india,politics,film,mohan,kannan,wellness,entertainment,song,finance,conversation,track,amitabh,news9banglore,platform,collaborations,trends,singer,news9,laalsinghchaddha,news,mohankannan,tech,twitter,pal,pritam,latestnews,khushi,facebook,youtube,aamirkhan,bignews,politics,chaddha,sports,follow,media,source,breakingnews,news9live,stories,bhattacharya,topics,laal,globe,kahani,singh,lifestyle,livenews,reunion,leader,instagram,talks,process,today,social,information,india
david,agarwal,rishabh,pant,preview,dc,warner,pbks,mayank,vs,breaking,news9,headlines,today,pakistan,news,english,tv9,afghanistan,america,channel,google,youtube,india,politics,punjab,wellness,entertainment,finance,punjabkings,news9banglore,platform,trends,news9,rajasthan,news,tech,resounding,opportunity,twitter,latestnews,facebook,youtube,delhi,bignews,politics,sports,royal,follow,preview,challengers,media,source,bangalore,convincing,stories,news9live,breakingnews,topics,globe,lifestyle,livenews,ipl2022,playoffs,kings,leader,capitals,instagram,today,social,royals,win,delhicapitals,information,india
hypertension,day,world,breaking,news9,headlines,today,pakistan,news,english,tv9,afghanistan,america,channel,google,youtube,india,politics,hypertension,live,your,health,entertainment,wellness,day,finance,longer,create,may,bloodpressure,news9banglore,platform,measure,trends,news9,accurately,news,tech,twitter,latestnews,facebook,youtube,year,hypertensionawareness,politics,bignews,sports,follow,media,source,breakingnews,news9live,stories,topics,public,tension,globe,lifestyle,livenews,pressure,leader,instagram,today,social,world,blood,theme,awareness,information,india,control
shikhar,kings,agarwal,ipl,flop,show,mayank,dhawan,breaking,news9,headlines,today,pakistan,news,english,tv9,afghanistan,america,channel,google,youtube,india,politics,punjab,wellness,entertainment,games,auction,finance,punjabkings,news9banglore,platform,trends,news9,news,ipl,tech,twitter,latestnews,facebook,youtube,bignews,politics,sports,disposition,follow,media,source,breakingnews,news9live,stories,days,topics,globe,race,lifestyle,livenews,ipl2022,playoffs,kings,team,leader,instagram,today,social,side,mayankagarwal,pundits,analysis,information,india
malik,srh,preview,kane,sharma,mi,williamson,rohit,vs,breaking,news9,headlines,today,pakistan,news,english,tv9,afghanistan,america,channel,google,youtube,india,politics,jaspritbumrah,kane,entertainment,wellness,playoff,roller,subscribe,tonight,finance,channel,news9banglore,williamson,platform,trends,news9,news,ipl,tech,twitter,spoilsport,latestnews,facebook,youtube,bignews,link,politics,sports,umranmalik,follow,mivssrh,rohitsharma,mumbai,media,source,breakingnews,news9live,stories,sport,coaster,topics,show,globe,updates,srhvsmi,lifestyle,livenews,ipl2022,tilakvarma,leader,team,srh,instagram,today,social,sunrisershyderabad,world,kanewilliamson,information,indianpremierleague,indians,india
pratham,batsman,mantra,contention,singh,kkr,breaking,news9,headlines,today,pakistan,news,english,tv9,afghanistan,america,channel,google,youtube,india,politics,nrr,living,wellness,entertainment,finance,ifs,kolkata,news9banglore,platform,trends,super,lucknow,news9,news,tech,twitter,hope,offs,latestnews,patil,facebook,information,youtube,bignews,politics,knight,sports,follow,riders,buts,mumbai,media,source,breakingnews,news9live,dr,stories,topics,globe,lifestyle,play,academy,livenews,leader,dy,way,india,today,social,instagram,rate,knights,situation,giants,run
sports,breaking,news9,headlines,today,pakistan,news,english,tv9,afghanistan,america,channel,google,youtube,india,politics,time,wellness,entertainment,finance,event,triumph,thomascupfinal,news9banglore,platform,history,bwf,trends,matches,news9,silver,thomascup,indiavsindonesia,meha,championships,news,tech,twitter,latestnews,captain,chiragshetty,facebook,lakshyasen,information,youtube,year,satwiksairajrankireddy,politics,bignews,sports,title,bhardwaj,follow,medalist,media,source,breakingnews,thomas,stories,srikanth,kidambisrikanth,news9live,teamindia,topics,globe,champion,lifestyle,livenews,route,vimalkumar,team,leader,badminton,instagram,today,social,cup,world,interview,kidambi,hsprannoy,champions,india,front
iyer,shreyas,andre,preview,kl,rahul,russell,kkr,vs,breaking,news9,headlines,today,pakistan,news,english,tv9,afghanistan,america,channel,google,youtube,india,politics,shreyasiyer,deepakhooda,wellness,entertainment,playoff,finance,venkateshiyer,news9banglore,platform,laugh,trends,kolkataknightriders,klrahul,news9,presents,kkrvslsg,news,ipl,tech,twitter,lucknowsupergiants,latestnews,facebook,youtube,bignews,politics,sports,follow,media,source,breakingnews,news9live,andrerussell,stories,thriller,topics,globe,updates,kkr,lifestyle,livenews,ipl2022,leader,instagram,today,social,lsgvskkr,information,indianpremierleague,india
cup,sen,thomas,win,prannoy,kumar,sen,gemke,satwiksairaj,prakash,ginting,vs,gopichand,bwf,jonatan,lakshya,shetty,pullela,bai,rankireddy,cristie,indonesia,highlights,padukone,thomas,srikanth,antony,denmark,chirag,badminton,vimal,cup,hs,win,kidambi,india,sen,wellness,lead,entertainment,finance,exclusive,shuttler,star,indian,ginting,news9banglore,platform,history,trends,lakshya,news9,anthony,meha,news,tech,twitter,game,latestnews,facebook,lakshyasen,youtube,bignews,politics,sports,indonesia,bhardwaj,follow,media,source,breakingnews,thomas,stories,news9live,alter,topics,globe,lifestyle,livenews,leader,instagram,today,social,cup,win,thomascup2022,information,india
