india,hello,amit,health,vidhan,sansad,sitaraman,bharat,day,parliament,khabar,rajya,history,ngo,years,news,nirmala,brics,rstv,lok,nadda,mahajan,ministers,conference,tv,cbi,subah,narendra,birla,modi,fatafat,sabha,hello,atmanirbhar,coal,karnataka,om,shah,sanasad,lstv,sumitra,court,samachar,india,sumitramahajan,chaurasia,koo,loksabha,hashtags,parliament,morningnews,fb,insta,history,amrita,twitter,producer,helloindia,follow,sharma,pratibimb,hello,team,rajyasabha,anchor,india
today,history,april,sansad,parliament,rajya,election,history,constituency,rstv,lok,house,tv,first,upsc,ias,upper,sabha,lstv,today,india,insta,councilofstates,follow,narendra,twitter,koo,constituted,firstparliamentsession,firstvicepresident,producer,singh,fb,sarvepalliradhakrishnan
news,morning,jammu,mahal,monsoon,health,sansad,covid,bharat,taj,day,parliament,pandit,gyanvyapi,rajya,khabar,amanatulla,history,ngo,years,news,rstv,lok,mansukh,mahajan,tv,srilanka,cbi,subah,khan,mosque,narendra,kashmir,birla,modi,fatafat,sabha,hello,atmanirbhar,coal,om,sumitra,sanasad,lstv,sukhoi,kashmiri,court,brahmos,samachar,mandaviya,india,insta,history,team,rajyasabha,follow,twitter,koo,loksabha,hello,hashtags,producer,helloindia,parliament,morningnews,fb,india
redundant,repeal,sarthak,obsolete,laws,samvad,dhoties,sansad,cantonments,mahendra,parliament,land,cotton,repeal,emergency,law,rstv,armament,laws,distinction,tv,upsc,ias,partab,singh,alienation,lstv,act,insta,follow,twitter,concern,koo,laws,fb
redundant,repeal,sarthak,obsolete,laws,samvad,dhoties,sansad,cantonments,mahendra,parliament,land,cotton,repeal,emergency,law,rstv,armament,laws,distinction,tv,upsc,ias,partab,singh,alienation,lstv,act,insta,follow,twitter,concern,koo,laws,fb
makers,constitution,chief,kripalani,woman,minister,sucheta,ias,lstv,sansad,rstv,tv,upsc,constitution,movement,students,indianwomeninhistory,koo,assembly,minister,fb,anthem,insta,women,twitter,freedom,path,august,producer,makersofindianconstitution,mahatma,raghav,follow,speech,geetanjali,constituent,breaker,upgovt,womenempowerment,drafter,pm,tryst,gandhi,cheifminister,part,fighter,nehru
eyes,bhava,care,ias,lstv,sansad,rstv,tv,upsc,saturday,preeti,insta,live,date,follow,twitter,anchor,koo,singh,may,doctor,fb
debate,ias,lstv,sansad,rstv,tv,upsc,insta,follow,twitter,koo,fb
defenders,capabilities,iaf,challenges,force,establishment,navy,sansad,cds,warfare,challenges,sector,new,rafele,missile,air,twitter,rstv,age,isro,shipyard,facebook,tv,youtube,logistics,upsc,raza,ias,command,theatre,media,defence,technology,drdo,geopolitics,lstv,army,integration,conflict,building,brahmos,online,maroof,kumar,vfx,marshal,anil,researcher,koo,anshuman,editor,operations,krushan,iaf,rafele,retd,asst,airforce,insta,fb,range,air,yadav,twitter,guest,graphics,episode,producer,rupesh,hem,guests,panel,joshi,saurabh,management,follow,bedi,vk,expert,patel,chaudhary,defence,crew,jeet,sfx,shah,tanvi,chopra,raj,tasks,faisal,defenders,gandhi,bhatia,isha,production
mudda,parliament,decades,constitution,sansad,journey,parliament,rajya,women,decades,breaking,competitive,bhawan,news,rstv,lok,tv,upsc,politics,exams,ias,big,media,sabha,preparation,lstv,government,topic,rights,mp,seven,democracy,important,pcs,india,kumar,kc,ahmad,koo,sagheer,congress,parliament,fb,rajya,hukmdev,preeti,insta,yadav,twitter,former,narayan,lok,member,producer,tulsi,pardeep,guests,follow,kts,sabha,singh,tyagi,anchor,mp
conclave,pm,startup,modi,address,madhya,om,lstv,narendra,birla,sansad,modi,rstv,lok,sabha,tv,insta,follow,sansad,twitter,koo,tv,fb
khabar,pm,ki,aaj,ki,sansad,latest,affair,parliament,khabar,rajya,bulletin,news,rstv,hindi,aaj,tv,upsc,ias,headlines,stories,sabha,story,rajyasabha,today,hour,samachar,online,kumar,events,living,affairs,economy,entertainment,sansad,science,koo,day,monday,vivek,parliament,fb,syed,saturday,insta,culture,qumber,news,assistant,pure,abbas,twitter,deeksha,producer,tv,atul,manhar,producers,follow,room,watch,jha,pandey,sansadtv,world,anchor,policy,anand,aajkikhabar,elections
climate,change,heat,waves,perspective,sansad,stream,power,waves,jet,climate,culture,washington,change,warming,news,rstv,wave,animals,domes,tv,weather,upsc,failure,wildlife,environment,ias,states,watch,heatwaves,heatwave,europe,records,research,plants,technology,nature,canada,lstv,heat,renee,ocean,india,sagheer,celsius,climate,department,rajesh,states,bhushan,dr,union,secretary,teri,data,government,today,availability,quantities,india,april,levels,health,power,letter,uts,areas,fact,northwest,meteorological,insta,twitter,perspective,drinking,mathew,dhawan,guests,conditions,water,teena,research,iitm,parts,matters,heat,anchor,imd,ahmad,koo,functioning,day,mohapatra,general,change,mrutyunjay,vibha,facility,temperatures,producer,scientist,preparedness,follow,country,houses,cuts,record,centre,koll,scorching,people,fb,director,roxy,weather,week,weeks,jha,cities,medicines,mercury,terms,appliances,degrees
pm,news,sansad,latest,loksabha,affair,parliament,khabar,rajya,bulletin,news,rstv,current,tv,upsc,ias,headlines,stories,sabha,story,sansadtv,today,world,hour,online,editors,kumar,events,amit,living,affairs,economy,entertainment,sansad,science,koo,srivastava,day,monday,kriti,parliament,fb,reporters,saturday,insta,culture,shiva,yadav,news,assistant,pure,copy,twitter,producer,tv,thenews,producers,follow,room,sansadtvnewspure,watch,jha,teena,simple,singh,dahiya,rajiv,vishal,sansadtv,raj,mishra,pm,world,anchor,policy,elections
diplomacy,rise,dispatch,plays,community,south,sansad,g20,leaders,science,indiaaustralia,rstv,security,saarc,tv,make,upsc,diplomacy,covid19,ias,narendra,media,ediplomacy,modi,defense,public,cyber,digital,international,technology,rise,global,lstv,world,mea,countries,policy,india,power,fellow,koo,diplomat,suri,jovan,fb,insta,years,orf,twitter,director,former,age,executive,producer,navdeep,diplomacy,perils,follow,kurbalija,sharma,dr,author,vikas,distinguished,tanvi,prominence,type,anchor,diplomatic,swarup,dispatch,diplofoundation
redundant,repeal,sarthak,obsolete,laws,samvad,dhoties,sansad,cantonments,mahendra,parliament,land,cotton,repeal,emergency,law,rstv,armament,laws,distinction,tv,upsc,ias,partab,singh,alienation,lstv,act,insta,follow,twitter,concern,koo,laws,fb
saansad,rajgarh,aapke,mp,madhya,nagar,pradesh,susner,college,khilchipur,question,smart,amlambe,sansad,madhav,ujjain,mona,byawara,bijasan,dham,river,pradesh,women,narsinghgarh,rajgarh,rstv,narayan,parliamentary,oath,parvati,tv,jal,jivan,sustani,mission,upsc,ias,raipuria,digvijay,laxman,raghogarh,dam,model,maa,madhya,singh,discussion,seat,sarangpur,self,lstv,chachauda,shg,kheti,hour,dependent,mohanpura,organic,nagar,kundalia,insta,kumar,madhyapradesh,follow,sansadtv,fb,rajgarh,sharma,anchor,twitter,koo,producer,nagar,pawan,apkesansad
ke,nayak,badlav,sansad,badlav,ahmad,unsung,awards,worker,nayak,culture,music,yog,change,ghimire,rstv,gulfam,padam,guru,hero,tv,delhi,upsc,draupdi,rawab,ias,ke,sikkim,ruwab,makers,padamshri,lstv,men,india,insta,pranjali,follow,twitter,jha,anchor,koo,sidharath,producer,singh,thechangemakers,fb,badlavkenayak,padamawardsswamishivanand
debate,ias,lstv,sansad,rstv,tv,upsc,insta,follow,twitter,koo,fb
india,hello,mundka,jammu,mahal,monsoon,health,filmfestival,covid,bharat,taj,pandit,gyanvyapi,rajya,khabar,amanatulla,history,ngo,cannes,news,lok,75thcannes,tv,srilanka,cbi,subah,khan,mosque,narendra,kashmir,modi,fatafat,sabha,hello,atmanirbhar,coal,sukhoi,sanasad,kashmiri,court,fire,brahmos,samachar,india,sumitramahajan,chaurasia,koo,loksabha,hashtags,parliament,morningnews,fb,insta,history,amrita,twitter,producer,helloindia,follow,sharma,pratibimb,hello,team,rajyasabha,anchor,india
news,morning,ki,sansad,latest,affair,parliament,khabar,rajya,bulletin,news,rstv,hindi,aaj,tv,upsc,ias,headlines,stories,sabha,story,rajyasabha,lstv,today,hour,samachar,online,insta,history,team,rajyasabha,follow,twitter,koo,loksabha,hello,hashtags,producer,helloindia,parliament,morningnews,fb,india
today,history,ias,lstv,sansad,rstv,tv,upsc,insta,follow,narendra,twitter,koo,producer,singh,fb
repeal,sarthak,laws,samvad,repeal,emergency,law,dhoties,act,singh,armament,laws,cantonments,distinction,mahendra,parliament,partab,land,cotton,alienation,kaushal,koo,editor,tripathi,fb,cameraman,insta,repealobsoleteandredundantlaws,assistant,twitter,laws,producer,yogendra,follow,khandelwal,sunita,singh,shalini,karan,concern,anchor,mahavir,ratul,sarthaksamvad
film,cannes,festival,ias,lstv,narendra,sanasad,sansad,news,modi,cannesfilmfestival,rstv,madhavan,hello,75thcannes,tv,prasoonjoshi,india,upsc,insta,amrita,team,follow,chaurasia,twitter,sharma,anchor,cannesfilmfestival,koo,pratibimb,producer,hello,helloindia,fb,india
eye,bhava,protection,vision,vitamin,loss,redness,eyestrain,colorblindness,sound,history,halo,cataracts,scratchy,sensitivity,light,night,headache,ayushman,vessels,watery,eye,bhava,floaters,blindness,flashes,allergies,effect,nearsightedness,eyes,spots,pain,surface,blood,blind,doctors,preeti,insta,follow,twitter,anchor,koo,panelist,singh,fb
azadi,ka,mahotsav,promo,amrit,amit,azadi,home,folk,sansad,dance,tradition,reddy,minister,parliament,rajya,samagam,culture,ka,rstv,lok,tribal,lekhi,tv,plb,upsc,ias,states,narendra,ministry,sabha,defence,kishan,singh,fusion,amrit,shah,lstv,akam,mahotsav,meenakshi,india,kumar,koo,deepti,parakram,editor,shekhawat,fb,insta,dubey,twitter,praveen,member,producer,bhaisora,azadikaamritmahotsav,follow,singh,team,anchor,priyambara,akam,video,dipti
vibrant,promo,bharat,kumar,srinagar,summer,sansad,bharat,museum,elon,goa,moca,culture,express,reopen,tweets,twitter,summer2022,hussain,rstv,santoor,telangana,tv,delhi,kerala,zakir,year,upsc,ias,kashmir,sharma,school,tamilnadu,thrissurpooram,shivaji,budhbhushan,shiv,lstv,musk,pt,malayalam,shahana,heat,church,thrissur,chatarpati,chennai,art,insta,festivals,follow,vibrant,twitter,koo,poetries,fb,mother
president,vice,naarm,graduation,ceremony,address,icar,hyderabad,ki,sansad,latest,affair,parliament,khabar,rajya,bulletin,news,rstv,hindi,aaj,tv,upsc,ias,headlines,stories,sabha,story,rajyasabha,lstv,today,hour,samachar,online,insta,follow,sansad,twitter,koo,tv,fb
systems,report,weapon,tv,promo,drdo_india,ias,lstv,spokespersonmod,sansad,adgpi,rstv,defenceminindia,tv,pranajalisingh,upsc,rajnathsingh,insta,follow,sansad,twitter,koo,tv,fb
mudda,jammu,aapka,challenges,jammu,principal,community,pakistan,sansad,rahul,area,people,terrorism,minority,files,pandit,crpf,makhan,eidgah,terrorists,news,bindroo,rstv,badgam,budgam,tv,teacher,upsc,ias,kashmir,mufti,lal,mehbooba,statement,revive,school,article,modusoperandi,attack,pandits,lstv,bhatt,kashmiri,army,murder,identity,innocent,valley,jammu,aarti,kumar,ata,ahmad,koo,manoj,verma,sagheer,khajuria,fb,syed,retd,vaid,insta,journalist,twitter,former,producer,dgp,hasnain,pardeep,guests,follow,kashmir,expert,lt,tikoo,defence,singh,gen,anchor,senior,sr
khabar,pm,ki,aaj,ki,sansad,latest,affair,parliament,khabar,rajya,bulletin,news,rstv,hindi,aaj,tv,upsc,ias,headlines,stories,sabha,story,rajyasabha,today,hour,samachar,online,kumar,events,living,affairs,economy,entertainment,sansad,science,koo,day,monday,vivek,parliament,fb,syed,saturday,insta,culture,qumber,news,assistant,pure,abbas,twitter,deeksha,producer,tv,atul,manhar,producers,follow,room,watch,jha,pandey,sansadtv,world,anchor,policy,anand,aajkikhabar,elections
heal,india,ayurveda,health,sansad,card,people,unani,industry,sector,visa,ayush,denotes,medical,rstv,tv,upsc,category,naturopathy,ias,yoga,ministry,institute,medicine,tourism,siddha,market,lstv,homoeopathy,different,world,therapies,countries,boost,india,april,ayurveda,size,goi,ahmad,koo,people,challenges,unani,manoj,nitin,industry,bid,sector,tanuja,minister,agrawal,vishwa,sagheer,secretory,fb,prime,insta,ayush,heal,twitter,asia,nesari,director,treatment,products,perspective,episode,mark,producer,opportunities,pa,year,authenticity,category,naturopathy,guests,country,follow,yoga,modi,dollars,dr,centres,numbers,aim,all,institute,ministry,medicine,tourism,national,dahiya,advisor,siddha,vishal,programme,market,fy,government,homoeopathy,today,world,ayurved,anchor,therapies,countries,us,parishad,prog,india
debate,india,rice,farming,entrepreneur,education,pmo,jobs,sansad,compost,charan,irrigation,parliament,vegetables,land,farmer,university,law,wheat,rstv,drip,tv,of,hatyana,upsc,farm,ccshau,ias,enterprises,krishi,modi,harayana,urea,chaudhary,hisar,ministry,research,singh,agriculture,collages,lstv,pm,fertilizer,youth,india,insta,kumar,surender,follow,twitter,anchor,koo,parakram,producer,shekhawat,singh,fb
pm,news,sansad,latest,loksabha,affair,parliament,khabar,rajya,bulletin,news,rstv,current,tv,upsc,ias,headlines,stories,sabha,story,sansadtv,today,world,hour,online,editors,kumar,events,amit,living,affairs,economy,entertainment,sansad,science,koo,srivastava,day,monday,kriti,parliament,fb,reporters,saturday,insta,culture,shiva,yadav,news,assistant,pure,copy,twitter,producer,tv,thenews,producers,follow,room,sansadtvnewspure,watch,jha,teena,simple,singh,dahiya,rajiv,vishal,sansadtv,raj,mishra,pm,world,anchor,policy,elections
biswajit,speaks,speaker,assembly,tv,ias,lstv,sansad,rstv,tv,upsc,iii,sansad,koo,assembly,fb,sharingain,insta,issues,twitter,speaker,parliamentary,conference,tv,follow,longkumer,assam,commonwealth,region,zone,legislative,association,india
speaker,assembly,lalrinliana,tv,sailo,ias,lstv,sansad,rstv,tv,upsc,iii,sansad,koo,assembly,fb,insta,issues,twitter,mizoram,speaker,parliamentary,conference,tv,sailo,follow,commonwealth,region,zone,legislative,lalrinliana,association,india
defenders,capabilities,iaf,challenges,force,establishment,navy,sansad,cds,warfare,challenges,sector,new,rafele,missile,air,twitter,rstv,age,isro,shipyard,facebook,tv,youtube,logistics,upsc,raza,ias,command,theatre,media,defence,technology,drdo,geopolitics,lstv,army,integration,conflict,building,brahmos,online,maroof,kumar,vfx,marshal,anil,researcher,koo,anshuman,editor,operations,krushan,iaf,rafele,retd,asst,airforce,insta,fb,range,air,yadav,twitter,guest,graphics,episode,producer,rupesh,hem,guests,panel,joshi,saurabh,management,follow,bedi,vk,expert,patel,chaudhary,defence,crew,jeet,sfx,shah,tanvi,chopra,raj,tasks,faisal,defenders,gandhi,bhatia,isha,production
speaks,longkumer,speaker,assembly,tv,sharingain,ias,lstv,sansad,rstv,tv,upsc,iii,sansad,koo,assembly,fb,sharingain,insta,issues,twitter,speaker,parliamentary,conference,tv,follow,longkumer,commonwealth,region,nagaland,zone,legislative,association,india
deputy,chairman,interview,sabha,rajya,deputy,sansad,assembly,minister,parliament,rajya,ji,pradesh,arunachal,rstv,narayan,house,parliamentary,lok,speaker,tv,upsc,ias,upper,birla,harivansh,commonwealth,sabha,singh,om,lstv,chairman,legislative,association,india,deputy,jitendra,negi,ahmad,koo,sagheer,kriti,fb,man,rajya,insta,samvaad,twitter,producer,follow,harivansh,sabha,camera,mishra,chairman,anchor,edition
vibrant,promo,bharat,kumar,srinagar,summer,sansad,bharat,museum,elon,goa,moca,culture,express,reopen,tweets,twitter,summer2022,hussain,rstv,santoor,telangana,tv,delhi,kerala,zakir,year,upsc,ias,kashmir,sharma,school,tamilnadu,thrissurpooram,shivaji,budhbhushan,shiv,lstv,musk,pt,malayalam,shahana,heat,church,thrissur,chatarpati,chennai,art,insta,festivals,follow,vibrant,twitter,koo,poetries,fb,mother
india,hepatitis,symptoms,facts,forms,hepatitis,acute,vaccination,for,key,of,and,infections,principal,head,hospital,kaushal,health,koo,sanjay,clinical,fb,preeti,insta,medical,lucknow,twitter,director,guest,saket,hepatology,host,episode,producer,hashtag,hepatitis,week,follow,about,rk,jha,dr,madan,topics,show,mithal,healthshow,singh,pgi,max,sansadtv,topic,ambrish,dhiman,gandhi,sidharath,information,india
day,part,sabha,celebration,ias,lstv,sansad,rstv,tv,upsc,insta,follow,sansad,twitter,koo,tv,fb
day,part,sabha,celebration,ias,lstv,sansad,rstv,tv,upsc,insta,follow,sansad,twitter,koo,tv,fb
president,dhabi,vp,respects,abu,uae,ias,lstv,sansad,rstv,tv,upsc,vice,koo,venkaiah,may,khalifa,fb,insta,dhabi,zayed,twitter,nahyan,late,uae,naidu,sheikh,follow,respects,abu,president,al,bin
tv,commonwealth,association,report,deputy,cpa,tandon,role,sansad,representatives,rajya,pradesh,arunachal,reforms,rijiju,rstv,lok,speaker,parliamentary,kiren,legislators,conference,tv,upsc,cpairc,ias,narendra,birla,east,modi,rs,harivansh,commonwealth,sabha,region,om,north,lstv,chairman,lalji,businesses,governor,association,india,cpa,iii,jitendra,pankaj,negi,koo,venue,kriti,fb,pradesh,insta,arunachal,twitter,lok,speaker,producer,conference,deliberations,follow,institutions,birla,sabha,eastern,discussion,region,times,zone,north,om,camera,mishra,anchor,democracy,india
tv,system,report,hypersonic,agni,un,putin,japan,pakistan,xi,sansad,science,shield,launch,minister,developmet,parliament,hypersonic,rajya,rajnath,prime,missile,test,rstv,combustion,isro,war,velocity,hstdv,tv,ii,cost,upsc,space,ias,narendra,trump,stealth,modi,icbm,sabha,usa,defence,speed,race,singh,technology,odisha,russia,transporter,vehicle,drdo,mach,scramjet,lstv,cruise,subsonic,fire,china,brahmos,arms,india,insta,follow,hypersonicaeroballisticsystem,hypersonicmissilesystem,twitter,koo,hypersonictechnologyvehiclehstdv,fb
vibrant,episode,kumar,srinagar,summer,chatarpati,bharat,festival,mainbharathoon,goa,culture,reopen,express,hussain,summer2022,rstv,mptourism,santoor,telangana,delhi,kerala,zakir,year,upsc,kashmir,sharma,school,tamilnadu,tourism,thrissurpooram,amrit,shivaji,budhbhushan,shiv,thrissurporram,vibrant,heat,pt,shahana,malayalam,church,mahotsav,thrissur,keralatourism,india,chennai,vfx,burnwal,anil,amritmahotsav,chaurasia,prakaram,pankaj,koo,deepti,minofculturegoi,fb,javed,field,goa,insta,amrita,moca,dubey,gfx,twitter,report,sood,department,producer,gmailcom,kerala,moca_goa,bhaisora,rajesh,vibrantbharat2,follow,vibrantbharat,sanghmitra,editing,thanks,feedbak,singh,tourism,special,team,thrissurporram,vibrant,camera,anchor,mahavir,priyambara,toursim,keralatourism,dipti
news,morning,ki,sansad,latest,affair,parliament,khabar,rajya,bulletin,news,rstv,hindi,aaj,tv,upsc,ias,headlines,stories,sabha,story,rajyasabha,lstv,today,hour,samachar,online,insta,history,team,rajyasabha,follow,twitter,koo,loksabha,hello,producer,helloindia,parliament,morningnews,fb,india
today,history,capital,sansad,state,plebiscite,favor,monarchy,may,language,history,united,voter,rstv,hindi,tv,upsc,gangtok,ias,speech,sikkim,chogyal,namgyal,leader,lstv,today,merger,nations,india,insta,follow,narendra,twitter,koo,sikkim,buddhistmonk,producer,atalbiharivajpayee,singh,goodgovernanceday,fb,stateformation
india,hello,ki,sansad,latest,affair,parliament,khabar,rajya,bulletin,news,rstv,hindi,aaj,tv,upsc,ias,headlines,stories,sabha,story,rajyasabha,lstv,today,hour,samachar,online,sumitramahajan,chaurasia,koo,loksabha,hashtags,parliament,morningnews,fb,insta,history,amrita,twitter,producer,helloindia,follow,sharma,pratibimb,hello,team,rajyasabha,anchor,india
episode,prashnkaal,ki,sansad,latest,affair,parliament,khabar,rajya,bulletin,news,rstv,hindi,aaj,tv,upsc,ias,headlines,stories,sabha,story,rajyasabha,lstv,today,hour,samachar,online,preeti,kumar,insta,pardeep,follow,raj,twitter,anchor,koo,questions,prashnkaal,producer,singh,parliament,fb,questionhour
deuba,prayers,pm,modi,temple,lumbini,sher,offer,nepal,sansad,sher,minister,prime,mahamayadevi,rstv,temple,tv,nepal,upsc,deuba,ias,narendra,modi,rajyasabha,lstv,pm,visit,lumbini,koo,sher,minister,fb,prime,insta,mahamayadevi,twitter,temple,nepal,nepalese,deuba,follow,prayers,narendra,modi,pm,lumbini,offer
culture,heritage,pm,modi,ceremony,participates,lumbini,shilanyas,centre,sansad,foundation,sher,shilanyas,minister,prime,culture,laying,mahamayadevi,rstv,temple,relation,tv,nepal,upsc,deuba,ias,narendra,modi,international,rajyasabha,lstv,pm,visit,lumbini,stone,india,centre,foundation,koo,ceremony,minister,fb,prime,insta,culture,buddhist,laying,twitter,nepal,follow,narendra,modi,international,lumbini,stone,india,centre
rajgarh,mp,madhya,nagar,pradesh,ias,lstv,sansad,rstv,tv,upsc,insta,follow,sansad,twitter,koo,tv,fb
purnima,pm,modi,occasion,address,buddha,lumbini,ki,sansad,latest,affair,parliament,khabar,rajya,bulletin,news,rstv,hindi,aaj,tv,upsc,ias,headlines,stories,sabha,story,rajyasabha,lstv,today,hour,samachar,online,insta,follow,sansad,twitter,koo,tv,fb
journey,startups,park,ias,lstv,sansad,rstv,tv,upsc,insta,follow,sansad,twitter,koo,tv,fb
mudda,shivir,chintan,huddle,sansad,sonia,rahul,udaipur,congress,meeting,news,rstv,update,tv,upsc,ias,shivir,lstv,today,meet,gandhi,chintan,shivi,kumar,shekhar,koo,manoj,aicc,verma,phukan,fb,insta,dubey,journalist,twitter,producer,coordinator,sandeep,iyer,pardeep,guests,follow,media,national,anchor,senior,abhay
celebrations,pm,modi,jayanti,ki,sansad,latest,affair,parliament,khabar,rajya,bulletin,news,rstv,hindi,aaj,tv,upsc,ias,headlines,stories,sabha,story,rajyasabha,lstv,today,hour,samachar,online,insta,follow,sansad,twitter,koo,tv,fb
kushinagar,uttar,prayers,pm,modi,mahaprinirvana,stupa,pradesh,ki,sansad,latest,affair,parliament,khabar,rajya,bulletin,news,rstv,hindi,aaj,tv,upsc,ias,headlines,stories,sabha,story,rajyasabha,lstv,today,hour,samachar,online,insta,follow,sansad,twitter,koo,tv,fb
azadi,ka,episode,mahotsav,amrit,kumud,amit,azadi,home,samanta,folk,sansad,jyotirao,dance,tradition,reddy,festival,diwan,aastha,kranti,kani,minister,samagam,culture,ka,rstv,belarus,tribal,lekhi,tv,upsc,ias,states,kashmir,yoga,ministry,gadar,defence,kishan,sanskriti,amrit,shah,india,lstv,jyotiba,akam,mahotsav,meenakshi,phule,rashtriya,andolan,kumar,koo,deepti,parakram,editor,shekhawat,fb,insta,dubey,twitter,praveen,member,producer,bhaisora,azadikaamritmahotsav,follow,singh,team,anchor,priyambara,akam,video,dipti
khabar,pm,ki,aaj,ki,sansad,latest,affair,parliament,khabar,rajya,bulletin,news,rstv,hindi,aaj,tv,upsc,ias,headlines,stories,sabha,story,rajyasabha,today,hour,samachar,online,kumar,events,living,affairs,economy,entertainment,sansad,science,koo,day,monday,vivek,parliament,fb,syed,saturday,insta,culture,qumber,news,assistant,pure,abbas,twitter,deeksha,producer,tv,atul,manhar,producers,follow,room,watch,jha,pandey,sansadtv,world,anchor,policy,anand,aajkikhabar,elections
india,relations,sansad,history,border,news,rstv,chinanepalrelations,tv,nepal,map,upsc,relationship,ias,modi,relations,lstv,pm,china,visit,india,sreeram,chaulia,mechanisms,ranjit,level,foreign,kinship,analyst,journalist,years,relationship,states,modi,kathmandu,dr,sectors,bengal,vishal,today,ambassador,countries,lumbini,visit,india,meetings,april,cooperation,ties,political,pradesh,prime,insta,west,twitter,former,episode,year,guests,contacts,narendra,expert,rae,dahiya,counterpart,anchor,bahadur,share,uttarakhand,movement,kumar,affairs,koo,tradition,minister,culture,border,momentum,km,producer,nepal,deuba,uttar,pardeep,follow,nepali,lal,bihar,nations,exchanges,people,monday,sher,fb,neighbors,sikkim,friendship,relations,sr,shares
pm,news,sansad,latest,loksabha,affair,parliament,khabar,rajya,bulletin,news,rstv,current,tv,upsc,ias,headlines,stories,sabha,story,sansadtv,today,world,hour,online,editors,kumar,events,amit,living,affairs,economy,entertainment,sansad,science,koo,srivastava,day,monday,kriti,parliament,fb,reporters,saturday,insta,culture,shiva,yadav,news,assistant,pure,copy,twitter,producer,tv,thenews,nayar,producers,follow,room,sansadtvnewspure,watch,jha,teena,simple,dahiya,rajiv,vishal,sansadtv,raj,bhawna,pm,world,anchor,mishra,policy,elections
bill,bills,insight,bills,jitendra,monsoon,education,living,sansad,parliament,treaty,land,resources,conservation,marine,law,director,former,rstv,vir,sciences,tv,knowledge,upsc,guests,environment,ias,sharma,earth,dr,rajeevan,ministry,singh,tourism,commission,secretary,antarctica,teri,lstv,government,act,ambassador,pact,senior,gurjit,session,jitendra,koo,kriti,land,fb,resources,insta,years,twitter,director,former,spotlight,vir,framework,producer,sciences,namrata,follow,activities,sharma,earth,dr,rajeevan,ministry,singh,secretary,antarctica,teri,government,mishra,ambassador,anchor,pact,senior,policy,gurjit,bill,india
today,history,kannauj,vaccines,defeat,sansad,suri,sher,smallpox,history,generian,rstv,war,ruler,tv,upsc,royal,ias,berkeley,chausa,immunology,england,page,shah,lstv,today,invention,edward,jenner,society,india,mughal,smallpox,insta,humayun,mughalruler,shershahsuri,narendra,vaccines,follow,twitter,kannaujwar,edwardjenner,koo,afghan,fatherofayurvedicmedicine,producer,singh,fb
news,morning,ki,sansad,latest,affair,parliament,khabar,rajya,bulletin,news,rstv,hindi,aaj,tv,upsc,ias,headlines,stories,sabha,story,rajyasabha,lstv,today,hour,samachar,online,insta,history,team,rajyasabha,follow,twitter,koo,loksabha,hello,producer,helloindia,parliament,morningnews,fb,india
india,hello,film,amit,ki,sansad,bharat,festival,day,parliament,khabar,rajya,history,bulletin,cannes,news,rstv,lok,hindi,ministers,aaj,conference,tv,upsc,subah,ias,narendra,modi,stories,fatafat,sabha,hello,atmanirbhar,coal,telecommunication,rajyasabha,shah,sanasad,today,court,world,samachar,india,day,parakram,loksabha,parliament,morningnews,history,cannes,producer,helloindia,hello,shalini,telecommunication,team,rajyasabha,world,anchor,information,society,india
day,world,telecommunication,ias,lstv,sansad,rstv,tv,upsc,insta,history,parliament,telecommunication,cannes,rajyasabha,follow,twitter,world,koo,day,loksabha,helloindia,information,society,morningnews,fb
jubilee,silver,trai,celebrations,telecom,authority,india,live,sansad,kanpur,latest,centre,parliament,rajya,hyderabad,wireless,bulletin,silver,iisc,news,trai,rstv,test,madras,celebrations,hindi,telecom,tv,authority,delhi,generation,bombay,upsc,ias,narendra,jubilee,modi,bangalore,bed,sabha,cewit,regulatory,technology,testbed,rajyasabha,lstv,today,pm,hour,excellence,india,iit,sameer,stamp,solutions,algorithms,kanpur,electronics,occasion,koo,ecosystem,centre,industry,project,minister,may,fb,prime,hyderabad,wireless,insta,silver,iisc,startups,twitter,test,madras,multi,celebrations,products,telecom,authority,delhi,generation,bombay,applied,engineering,cost,follow,narendra,jubilee,institutes,modi,bangalore,microwave,rs,bed,research,cewit,institute,regulatory,total,technology,collaborative,crore,pm,technologies,video,society,excellence,india,iit,sameer
jubilee,silver,pm,modi,trai,address,celebrations,live,sansad,kanpur,centre,parliament,hyderabad,wireless,bulletin,silver,iisc,news,trai,rstv,test,madras,celebrations,hindi,telecom,tv,authority,delhi,generation,bombay,upsc,ias,headlines,narendra,jubilee,modi,bangalore,bed,cewit,regulatory,technology,testbed,rajyasabha,today,online,excellence,india,iit,sameer,stamp,solutions,algorithms,kanpur,electronics,occasion,koo,ecosystem,centre,industry,project,minister,may,fb,prime,hyderabad,wireless,insta,silver,iisc,startups,twitter,test,madras,multi,celebrations,products,telecom,authority,delhi,generation,bombay,applied,engineering,cost,follow,narendra,jubilee,institutes,modi,bangalore,microwave,rs,bed,research,cewit,institute,regulatory,total,technology,collaborative,crore,pm,technologies,video,society,excellence,india,iit,sameer
rajgarh,mp,madhya,nagar,pradesh,ias,lstv,sansad,rstv,tv,upsc,insta,follow,sansad,twitter,koo,tv,fb
bhava,ias,lstv,sansad,rstv,tv,upsc,preeti,gmail,insta,follow,twitter,anchor,phono,koo,ayushmanbhava30,singh,fb
ias,lstv,sansad,rstv,tv,upsc,insta,follow,twitter,koo,fb
issue,mudda,aapka,trips,south,vision,organisation,health,sansad,power,trade,vaccine,comercio,tpp,equity,organization,trips,history,news,director,nowthis,rstv,tv,del,wto,politics,upsc,property,coronavirus,covid19,ias,representation,medicines,inequality,india,lstv,organizacion,world,rights,tisa,video,access,kumar,mohan,trade,koo,mukesh,fb,preeti,insta,iift,assistant,twitter,former,consultant,dasgupta,producer,wto,property,related,pardeep,follow,studies,pallavi,sharma,aspects,chamber,singh,president,surender,msme,ambassador,jayant,anchor,rights,arora,gupta,intellectual,centre
khabar,pm,ki,aaj,ki,sansad,latest,affair,parliament,khabar,rajya,bulletin,news,rstv,hindi,aaj,tv,upsc,ias,headlines,stories,sabha,story,rajyasabha,today,hour,samachar,online,kumar,events,living,affairs,economy,entertainment,sansad,science,koo,day,monday,vivek,parliament,fb,syed,saturday,insta,culture,qumber,news,assistant,pure,abbas,twitter,deeksha,producer,tv,atul,manhar,producers,follow,room,watch,jha,pandey,sansadtv,world,anchor,policy,anand,aajkikhabar,elections
ipo,lic,kharide,term,sansad,stock,launch,kal,beginners,basics,price,target,news,rstv,ipo,valuation,aaj,review,tv,hold,upsc,date,ias,lic,hai,kaise,market,lstv,today,exit,policy,kya,parimalade,share,sector,blockbuster,smc,look,experts,bhushan,secretary,exchange,surender,market,government,today,discount,subscription,india,insurance,insta,assistant,twitter,former,ipo,perspective,bse,ipos,tuesday,lic,conditions,aggarwal,nse,teena,shares,crore,chandra,anchor,offering,subhash,share,issue,kumar,koo,day,dipp,marathon,commerce,producer,pardeep,saurabh,follow,sharma,rs,giant,members,national,president,allotment,chairman,managing,scrip,cent,stock,exchanges,account,industry,may,price,fb,director,period,debut,response,jha,insight,ministry,vijay,listing,times,group,past,association,investors,policyholders
pm,news,sansad,latest,loksabha,affair,parliament,khabar,rajya,bulletin,news,rstv,current,tv,upsc,ias,headlines,stories,sabha,story,sansadtv,today,world,hour,online,editors,kumar,events,amit,living,affairs,economy,entertainment,sansad,science,koo,srivastava,day,monday,kriti,parliament,fb,reporters,saturday,insta,culture,shiva,yadav,news,assistant,pure,copy,twitter,producer,tv,thenews,nayar,producers,follow,room,sansadtvnewspure,watch,jha,teena,simple,dahiya,rajiv,vishal,sansadtv,raj,bhawna,pm,world,anchor,mishra,policy,elections
journey,startups,park,ias,lstv,sansad,rstv,tv,upsc,amit,slots,jitendra,insurance,negi,courtesy,koo,ahmedabad,park,day,fastag,ecosystem,paytm,kriti,editor,car,fb,insta,music,minutes,startup,twitter,ali,producer,adrev,founder,challans,party,space,follow,management,alumnus,stop,non,series,technology,company,process,camera,mishra,office,owners,anchor,behalf,problem,video,employees,lakhotia,iim
today,history,shahu,history,bhosale,india,lstv,today,sansad,rstv,shahuji,maharaj,peshwa,barc,tv,may,page,chhatrapati,insta,smilingbuddha,follow,narendra,twitter,koo,test,bhabhaatomicresearchcenter,shahujimaharaj,producer,shivajimaharaj,singh,barc,marathaempire,sambhaji,fb,chhatrapati
news,morning,ias,lstv,sansad,rstv,tv,upsc,insta,history,team,rajyasabha,follow,twitter,koo,loksabha,hello,producer,helloindia,parliament,morningnews,fb,india
azadi,sansad,loom,beautiful,land,mann,rstv,tv,upsc,loinloom,ias,narendra,modi,arunacha,arunachalpradesh,baat,handloom,keywords,northeast,north,lstv,mishra,sun,mahotsav,governor,neelam,art,insta,northeast,follow,twitter,koo,loom,arunachalpradesh,fb,traditionalart
day,museum,ias,lstv,sansad,rstv,tv,upsc,insta,follow,sansad,twitter,koo,tv,fb
vendor,story,daughter,sansad,judge,pradesh,struggle,seller,rstv,tv,upsc,services,ias,civil,narendra,modi,story,indore,madhy,ips,vendor,lstv,india,insta,follow,twitter,koo,indore,vegetableseller,civiljudge,fb,india
india,hello,ias,lstv,sansad,rstv,tv,upsc,koo,parakram,loksabha,parliament,morningnews,fb,insta,history,cannes,twitter,producer,helloindia,follow,hello,shalini,team,telecommunication,rajyasabha,anchor,india
cabinet,ias,lstv,sansad,rstv,tv,upsc,insta,follow,twitter,koo,fb
teaser,samvad,sansad,ias,lstv,airline,pilot,sansad,report,kheti,rstv,vishesh,aviation,use,industry,sector,tv,drone,career,upsc,mro,vfx,shams,koo,editor,nilesh,fb,insta,sansadsamvad,twitter,kohli,graphics,deeksha,producer,follow,kishan,singh,prashant,sfx,pandey,tabrej,sansadtv,camera,anchor,video
rajgarh,mp,nagar,ias,lstv,sansad,rstv,tv,upsc,insta,follow,sansad,twitter,koo,tv,fb
yojna,committee,pm,report,swanidhi,urban,ias,lstv,affairs,housing,sansad,imtiaz_jaleel,rstv,ministry,mohua_india,sanjaykr1995,surajmjha,pmsvanidhi,tv,upsc,kumar,mohan,affairs,additional,koo,standing,sanjay,project,suraj,fb,syed,insta,committee,housing,twitter,director,lok,svanidhi,member,producer,follow,jha,jaleel,ministry,sabha,secretary,urban,pm,anchor,govt,mp,imtiyaz,india
ekam,promo,philosophicalthoughts,education,sansad,sarvadharmadarshan,unity,indianphilosophy,rstv,ndiansubcontinent,tv,upsc,vedas,ias,traditions,orthodox,diversity,lstv,jainphilosophy,buddhistphilosophy,hinduphilosophy,insta,follow,twitter,koo,fb
ke,nayak,promo,badlav,ias,lstv,sansad,rstv,tv,upsc,insta,follow,sansad,twitter,koo,tv,fb
episode,roundup,constitution,vice,ramnath,sansad,latest,buddha,delivery,venkaiah,dreams,event,minister,parliament,prime,committee,lady,news,rstv,lok,speaker,tv,delhi,nepal,upsc,naidu,purnima,ias,narendra,abhiyan,birla,modi,loktantra,sabha,president,suposhan,om,kovind,lstv,archanamishra,meet,kit,democracy,distribution,india,insta,follow,modiinnepal,twitter,koo,producer,buddhapurnima,modibook20,fb
khabar,pm,ki,aaj,ki,sansad,latest,affair,parliament,khabar,rajya,bulletin,news,rstv,hindi,aaj,tv,upsc,ias,headlines,stories,sabha,story,rajyasabha,today,hour,samachar,online,kumar,events,living,affairs,economy,entertainment,sansad,science,koo,day,monday,vivek,parliament,fb,syed,saturday,insta,culture,qumber,news,assistant,pure,abbas,twitter,deeksha,producer,tv,atul,manhar,producers,follow,room,watch,jha,pandey,sansadtv,world,anchor,policy,anand,aajkikhabar,elections
mudda,crisis,aapka,food,putin,sansad,tonight,journalism,johnson,price,videos,bans,documentaries,joshua,news,wheat,hunger,rstv,crisis,war,export,tv,indepth,upsc,politics,ias,threats,longform,famine,food,russia,ukraine,economist,programme,films,lstv,world,vladimir,kumar,iipa,corporation,koo,vishandass,fb,economics,preeti,insta,iift,associate,hussain,director,former,assistant,twitter,producer,applied,wto,pardeep,follow,ashok,sharma,professor,dr,singh,cacp,food,sachin,surender,chairman,managing,anchor,siraj,india,centre
pm,news,sansad,latest,loksabha,affair,parliament,khabar,rajya,bulletin,news,rstv,current,tv,upsc,ias,headlines,stories,sabha,story,sansadtv,today,world,hour,online,editors,kumar,events,amit,living,affairs,economy,entertainment,sansad,science,koo,srivastava,day,monday,kriti,parliament,fb,reporters,saturday,insta,culture,shiva,yadav,news,assistant,pure,copy,twitter,producer,tv,thenews,nayar,producers,follow,room,sansadtvnewspure,watch,jha,teena,simple,dahiya,rajiv,vishal,sansadtv,raj,bhawna,pm,world,anchor,mishra,policy,elections
india,testbed,sansad,network,launch,harmful,vs,solution,phone,works,test,rstv,tv,upsc,engineering,coronavirus,tests,ias,speed,race,technology,testbed,sprint,lstv,today,pm,accelerator,india,tiwari,huzur,communications,department,step,engineering,modi,experts,professor,speed,networks,development,surender,today,internet,companies,india,transition,telecommunications,network,decade,science,saran,prime,insta,future,committee,assistant,twitter,forth,tuesday,sandeep,reliance,narendra,aggarwal,teena,chamber,technology,commission,crore,testbed,anchor,kumar,direction,economy,koo,project,minister,change,facility,member,telecom,producer,delhi,phd,cost,pardeep,follow,institutes,sharma,rs,transformation,digital,collaborative,programme,connectivity,chairman,end,technologies,kind,how,fb,madras,multi,computer,jha,aspects,institute,show,rollout,terms,iit
today,history,post,sansad,maharashtra,may,nana,saheb,history,struggle,maratha,freedom,rstv,tv,ii,upsc,revolution,ias,meerut,empire,nanarao,dhondupant,peshwa,page,bajirao,lstv,today,son,india,insta,follow,narendra,fb,twitter,peshwabajiraoii,koo,producer,singh,jamsetjitata,firstwarofindependence,tatagroup
india,hello,film,amit,ki,sansad,bharat,festival,parliament,khabar,rajya,history,bulletin,cannes,news,rstv,lok,hindi,sand,aaj,tv,upsc,subah,ias,headlines,narendra,modi,stories,fatafat,sabha,hello,atmanirbhar,coal,rajyasabha,shah,lstv,today,tata,sanasad,court,samachar,online,india,art,koo,loksabha,parliament,morningnews,fb,insta,history,cannes,twitter,producer,helloindia,follow,pratibimb,hello,shalini,team,rajyasabha,tata,anchor,india
news,morning,mundka,jammu,monsoon,filmfestival,sansad,covid,floods,parliament,pandit,gyanvyapi,khabar,ngo,bulletin,cannes,news,rstv,hindi,75thcannes,tv,kerala,srilanka,upsc,cbi,subah,ias,headlines,mosque,kashmir,stories,fatafat,assam,hello,coal,rajyasabha,kashmiri,today,court,fire,samachar,online,india,insta,team,follow,twitter,koo,gyanvyapisurvey,hello,producer,helloindia,mundkafire,morningnews,fb,india
yojna,committee,pm,report,svanidhi,ki,sansad,latest,affair,parliament,khabar,rajya,bulletin,news,rstv,hindi,aaj,tv,upsc,ias,headlines,stories,sabha,story,rajyasabha,lstv,today,hour,samachar,online,kumar,mohan,affairs,additional,koo,standing,sanjay,project,suraj,fb,syed,insta,committee,housing,twitter,director,guest,lok,svanidhi,member,producer,follow,jha,jaleel,ministry,sabha,secretary,urban,pm,anchor,govt,mp,imtiyaz,india
shivir,pm,modi,yuva,address,vadodara,karelibaug,ki,live,sansad,young,minister,affair,parliament,khabar,rajya,prime,bulletin,news,rstv,hindi,aaj,tv,upsc,ias,headlines,narendra,shivir,modi,stories,yuva,vadodara,sabha,story,gen,rajyasabha,lstv,today,pm,youth,karelibaug,insta,karelibaug,follow,shivir,narendra,twitter,modi,koo,yuva,vadodara,video,minister,may,fb,prime
president,vice,college,welington,staff,address,defence,ooty,service,vice,college,sansad,staff,venkaiah,ooty,service,welington,rstv,address,tv,upsc,naidu,ias,defence,nadu,president,tamil,lstv,vp,president,naidu,insta,vice,college,welington,tamil,follow,twitter,koo,staff,venkaiah,defence,ooty,service,nadu,may,fb
rajgarh,mp,madhya,nagar,pradesh,ias,lstv,sansad,rstv,tv,upsc,insta,follow,sansad,twitter,koo,tv,fb
aapka,warming,solutions,mudda,challenges,un,sea,monsoon,sansad,level,paris,volcano,minister,agreement,cyclones,warming,rstv,vishesh,wave,tv,upsc,exams,ias,states,narendra,modi,disaster,preparation,canada,north,temperature,topic,heat,fire,rain,policy,nations,pcs,india,forests,lead,ceo,abinash,koo,sustainability,mohapatra,environmental,fb,meteorological,general,preeti,insta,mina,associate,pradeep,council,assistant,mrutyunjay,director,twitter,forum,department,producer,sciences,mohanty,guests,environment,lochab,follow,sharma,bhushan,dr,professor,water,energy,school,singh,ceew,technology,international,president,programme,surendra,chandra,anchor,usha,india,jnu
cabinet,episode,week,kumar,sansad,biofuels,bharat,thanol,natural,oil,finance,industry,minister,parliament,sugar,decisions,prime,cabinet,petroleum,rstv,petrol,department,this,export,tv,make,upsc,biofuel,week,ias,nbcc,states,modi,enterprise,ministry,public,joint,sunil,atmanirbhar,secretary,market,lstv,government,pm,gas,policy,production,india,kumar,koo,natural,fb,insta,petroleum,twitter,guest,producer,follow,sharma,ministry,pratibimb,joint,sunil,secretary,anchor,gas,sandhya
birla,world,ls,speaker,exhibition,conference,ias,lstv,sansad,rstv,tv,upsc,affairs,koo,natural,exhibition,minister,fb,presence,insta,petroleum,bhawan,housing,vigyan,twitter,lok,speaker,conference,puri,follow,birla,sabha,iftdo,singh,hardeep,om,urban,world,gas
khabar,pm,ki,aaj,ki,sansad,latest,affair,parliament,khabar,rajya,bulletin,news,rstv,hindi,aaj,tv,upsc,ias,headlines,stories,sabha,story,rajyasabha,today,hour,samachar,online,kumar,events,living,affairs,economy,entertainment,sansad,science,koo,day,monday,vivek,parliament,fb,syed,saturday,preeti,culture,insta,qumber,news,assistant,pure,abbas,twitter,producer,tv,atul,manhar,producers,follow,room,watch,jha,singh,pandey,sansadtv,world,anchor,policy,anand,aajkikhabar,elections
inequality,india,sansad,income,scotland,competitive,uk,report,rstv,tv,upsc,ias,debate,jobless,preparation,urban,basic,lstv,universal,musk,scheme,eacpm,finland,pcs,elon,employment,pandemic,amit,state,variety,subhomoy,editor,council,prof,inequities,dr,union,singh,sectors,data,surender,market,government,today,bibek,shock,contingent,better,reform,depth,household,inclusion,india,measures,health,iequality,lot,prime,insta,twitter,forth,guests,indicators,teena,bhattacharjee,business,poverty,inequality,anchor,egrow,issue,standard,education,covid,ceo,koo,labour,minister,necessities,competitiveness,something,characteristics,kapoor,provision,producer,progress,follow,sharma,economic,programme,chairman,prevailing,analysis,findings,timeline,foundation,debroy,charan,may,fb,strategies,report,consulting,jha,advisory,institute,show,measurement,nature,wednesday,definition,honorary,information
africa,promo,ties,dispatch,india,ias,lstv,sansad,rstv,tv,upsc,sansad,koo,diplomat,fb,insta,twitter,former,sule,tv,african,high,follow,commissioner,union,singh,author,vikas,anchor,ambassador,nigeria,gurjit,ahmed,swarup
pm,news,sansad,latest,loksabha,affair,parliament,khabar,rajya,bulletin,news,rstv,current,tv,upsc,ias,headlines,stories,sabha,story,sansadtv,today,world,hour,online,editors,kumar,events,amit,living,affairs,economy,entertainment,sansad,science,koo,srivastava,day,monday,kriti,parliament,fb,reporters,saturday,insta,culture,shiva,yadav,news,assistant,pure,copy,twitter,producer,tv,thenews,producers,follow,room,sansadtvnewspure,watch,jha,teena,simple,singh,dahiya,rajiv,vishal,sansadtv,raj,mishra,pm,world,anchor,policy,elections
promo,india,asthma,ias,lstv,sansad,rstv,tv,upsc,principal,aiims,head,hospital,additional,sansad,koo,care,disorders,vivek,fb,insta,nangia,cluster,twitter,director,tv,pulmonary,chief,pulmonology,follow,hadda,dept,sleep,professor,dr,healthcare,medicine,vijay,respiratory,critical,max
episode,ekam,bahai,community,movement,philosophicalthoughts,education,sansad,america,sarvadharmadarshan,darshan,unity,indianphilosophy,bahaullah,rstv,faith,tv,upsc,interfaith,vedas,sarva,ias,traditions,orthodox,dharma,international,national,diversity,lstv,religion,jainphilosophy,world,sambhaw,buddhistphilosophy,india,hinduphilosophy,ekamsat,sarvadharmadarshan,indianphilosophy,insta,follow,marchent,mishra,twitter,anchor,guest,dr,koo,karn,producer,prasun,singh,fb
episode,world,democracies,south,sansad,panorama,philippines,somalia,johnson,election,gotabaya,ranil,united,zayed,parliaments,rstv,parliamentary,arab,nahyan,mohamud,tv,mohammed,upsc,rajapaksa,sheikh,ias,boris,macron,korea,wickremesinghe,hassan,president,north,sri,lstv,bin,al,france,world,emirates,lanka,elections,sansad,koo,australia,fb,insta,democracies,years,twitter,parliaments,parliamentary,crisis,producer,tv,namrata,nayar,follow,country,sharma,worldparliaments,show,globe,singh,macron,sri,tanvi,bhawna,world,anchor,happenings,structure,focus,lanka,edition,elections
